age,workclass,education_num,marital_status,occupation,relationship,sex,capital_gain,capital_loss,hours_per_week,target
51,2,10,4,13,1,1,0,0,30,0
36,2,13,2,5,0,1,0,0,40,0
46,3,15,2,9,0,1,15024,0,60,1
23,0,9,4,9,1,1,0,0,40,0
45,2,10,2,13,0,1,0,0,60,1
23,2,10,2,2,0,1,0,0,40,0
34,2,6,4,7,4,0,0,0,40,0
37,2,13,2,3,0,1,0,0,40,0
37,2,9,2,13,0,1,0,0,40,0
21,2,12,4,7,2,1,0,0,15,0
56,2,9,2,5,0,1,0,0,40,0
43,2,9,2,0,5,0,0,0,30,0
23,2,10,5,11,4,0,0,0,40,0
23,2,7,2,6,0,1,0,0,40,0
43,2,11,0,9,1,1,0,0,48,0
46,2,9,0,0,1,0,0,0,40,0
44,2,9,0,7,1,1,0,0,37,0
41,2,9,2,2,0,1,7688,0,38,1
32,0,13,2,9,0,1,0,0,40,1
25,4,9,0,7,4,0,0,0,40,0
31,2,13,4,0,1,1,8614,0,40,1
23,2,13,2,11,0,1,2580,0,40,0
25,4,9,4,2,3,1,0,0,36,0
56,2,8,2,9,0,1,0,0,40,1
26,2,11,5,0,4,0,114,0,40,0
34,2,9,2,13,0,1,0,0,40,1
21,2,7,4,5,3,1,0,0,40,0
30,2,9,2,5,0,1,0,0,40,0
67,4,10,4,9,1,0,0,0,50,1
33,2,12,2,11,0,1,0,0,40,1
54,2,9,5,0,4,0,0,0,38,0
29,2,7,5,2,4,1,0,0,40,0
68,4,14,2,9,0,1,0,0,24,0
42,2,13,2,0,0,1,7298,0,40,1
43,2,10,2,13,0,1,0,0,60,1
29,2,12,0,2,4,0,0,0,38,0
30,2,6,2,7,0,1,0,0,40,0
33,2,13,2,9,0,1,3103,0,43,1
35,4,9,2,13,0,1,0,0,65,1
52,2,13,0,9,4,0,0,0,40,1
23,2,13,4,9,1,0,0,0,40,0
52,2,10,2,11,0,1,7298,0,45,1
78,4,10,2,2,0,1,0,0,3,1
37,2,9,2,2,0,1,0,0,40,0
35,2,9,2,2,0,1,0,0,40,0
21,2,10,4,11,3,1,0,0,45,0
42,2,13,2,13,0,1,0,0,58,0
25,2,10,4,11,1,0,0,0,40,0
29,2,9,2,6,0,1,0,0,50,1
31,2,16,2,9,0,1,0,0,50,1
31,2,10,2,2,0,1,0,0,40,0
34,3,9,0,11,4,1,0,0,50,1
30,2,12,2,9,0,1,0,2002,40,0
27,2,10,4,5,1,1,0,0,38,0
41,4,9,2,3,0,1,0,0,50,0
46,2,10,2,2,0,1,0,0,40,0
53,2,13,0,3,4,1,0,0,40,0
17,2,6,4,2,3,0,0,0,30,0
33,2,9,4,7,4,0,0,0,40,0
53,2,10,2,2,0,1,0,0,40,0
53,2,9,5,13,4,1,0,0,45,0
38,2,14,2,3,0,1,15024,0,45,1
47,1,14,2,9,0,1,0,0,40,0
34,2,9,2,6,0,1,0,0,48,0
19,2,10,4,11,3,0,0,0,7,0
43,2,13,2,0,0,1,0,0,40,1
19,2,7,4,5,3,1,0,0,40,0
64,2,14,2,9,0,1,0,2057,60,0
42,2,9,2,0,5,0,0,0,40,0
22,2,9,4,7,3,0,0,0,35,0
41,2,9,0,6,1,0,0,0,45,0
38,2,10,2,11,0,1,0,0,40,0
37,2,14,4,9,4,0,0,0,40,0
33,4,10,2,2,0,1,2829,0,40,0
50,3,13,6,11,4,1,0,0,65,1
35,2,4,4,6,3,0,0,0,30,0
30,2,9,2,2,0,1,0,0,45,1
42,4,16,2,9,0,1,15024,0,40,1
72,0,7,0,0,1,0,0,0,8,0
25,1,9,0,12,4,0,0,0,40,0
40,2,9,2,6,0,1,0,0,40,0
31,2,13,2,3,0,1,0,0,40,1
24,2,13,4,9,3,0,0,0,40,0
40,2,6,5,13,3,1,0,0,35,0
51,1,4,0,7,4,0,0,0,40,0
45,2,4,2,6,0,1,0,0,40,0
36,2,9,2,13,5,0,0,0,40,1
43,1,14,2,3,5,0,0,0,50,1
41,2,13,4,9,1,0,0,0,45,0
37,4,9,2,13,0,1,0,0,75,0
43,4,4,2,4,0,1,4508,0,40,0
44,2,14,2,3,0,1,0,0,40,1
34,2,9,2,2,0,1,0,0,45,0
56,2,9,2,11,0,1,0,1977,40,1
54,4,12,2,11,0,1,0,0,50,1
36,1,14,2,9,5,0,0,0,60,1
18,2,8,4,7,3,1,0,0,27,0
43,0,10,6,3,4,0,0,0,15,0
43,2,9,4,11,1,0,0,0,44,0
24,2,10,4,2,4,1,0,0,40,0
41,2,3,2,4,5,0,0,0,40,0
20,2,10,4,11,1,1,0,0,20,0
31,2,9,0,7,3,0,0,0,15,0
36,2,10,2,2,0,1,0,1887,40,1
39,3,13,2,11,0,1,0,0,50,1
52,2,10,2,3,0,1,0,1977,50,1
55,2,10,0,0,1,0,0,0,40,0
23,2,10,2,3,5,0,0,0,40,0
49,2,9,0,5,1,1,0,0,40,0
21,2,12,2,0,5,0,0,0,46,1
33,2,9,2,6,0,1,0,0,40,1
63,2,8,2,13,0,1,0,0,40,0
50,2,9,2,6,0,1,0,0,40,0
39,2,9,2,13,0,1,0,0,55,0
28,2,10,0,0,4,0,0,0,40,0
19,2,9,4,5,3,1,0,0,35,0
31,2,9,0,3,4,0,0,0,40,0
23,2,9,0,0,1,0,0,0,40,0
49,2,13,2,9,0,1,0,0,40,1
22,2,2,4,2,1,1,0,0,40,0
25,2,13,2,11,0,1,0,0,50,0
37,1,13,2,0,0,1,7298,0,40,1
35,4,9,2,3,0,1,0,0,40,0
20,2,8,4,7,3,1,0,0,35,0
37,1,11,2,3,0,1,0,0,45,0
41,5,10,0,0,1,0,0,0,40,0
34,2,13,2,9,0,1,0,0,55,1
60,1,14,2,3,0,1,0,0,50,1
60,1,10,6,4,1,1,0,0,40,0
20,2,10,4,5,3,0,0,0,8,0
60,2,13,0,3,4,0,0,0,40,1
45,2,9,2,0,0,1,0,0,7,0
28,2,11,4,12,3,0,2174,0,36,0
41,3,10,2,3,0,1,0,0,50,0
24,2,9,4,7,1,1,0,0,35,0
33,1,9,2,10,0,1,0,0,56,0
21,2,9,4,6,3,1,0,0,40,0
40,2,13,2,0,5,0,0,0,40,0
30,0,5,2,12,0,1,0,0,40,0
52,2,10,0,11,1,0,0,0,40,0
35,2,11,2,2,0,1,0,0,40,1
33,1,13,4,9,1,0,0,0,46,0
54,2,9,2,0,0,1,0,0,40,0
43,4,13,0,11,4,1,0,0,45,0
63,4,15,2,9,0,1,0,0,35,1
28,2,10,4,3,1,1,0,0,50,0
50,1,9,2,0,0,1,0,0,40,0
47,2,4,2,2,0,1,0,0,40,0
56,3,9,2,3,2,0,0,0,21,0
38,2,9,2,3,5,0,0,0,55,0
27,2,10,4,0,2,1,0,0,40,0
59,2,11,0,0,1,0,0,0,40,0
35,2,12,4,3,1,0,0,0,60,0
47,2,9,0,0,4,0,0,0,40,0
30,2,10,4,7,3,0,0,0,40,0
33,2,13,4,9,1,1,0,0,50,1
25,2,13,4,9,1,1,0,0,45,0
47,4,3,2,11,0,1,0,2179,50,0
51,2,10,2,3,5,0,0,0,10,1
36,0,14,2,9,0,1,0,0,40,1
42,5,14,4,9,1,1,0,0,45,0
50,1,14,2,9,0,1,7298,0,40,1
44,1,14,0,9,4,0,0,0,38,0
30,2,9,4,0,1,1,0,0,20,0
34,2,9,2,2,0,1,0,0,40,1
58,1,9,2,7,0,1,0,0,40,1
42,2,13,2,3,0,1,0,0,40,0
56,2,13,4,3,1,0,8614,0,55,1
28,2,10,4,0,4,0,0,0,40,0
49,2,9,4,0,4,0,0,0,35,0
39,4,13,2,11,0,1,0,0,60,0
36,1,13,0,0,4,0,0,0,35,0
22,2,9,4,0,3,1,0,0,40,0
61,2,5,0,7,1,1,0,0,40,0
44,2,10,2,3,0,1,0,0,40,0
33,2,9,0,3,4,0,0,0,40,0
18,2,8,4,7,3,1,0,0,10,0
30,2,13,4,9,3,0,0,0,40,0
23,2,13,4,0,3,0,0,0,40,0
48,2,2,2,0,0,1,0,0,52,0
35,2,9,0,2,3,1,0,0,20,0
61,2,4,2,2,0,1,0,0,40,0
37,2,10,2,12,5,0,0,0,35,0
27,2,14,4,3,1,0,0,0,40,0
45,5,13,0,0,1,0,0,0,40,0
56,2,9,0,0,1,0,0,0,40,0
51,3,9,4,3,1,1,10520,0,40,1
43,0,16,5,9,4,0,0,0,24,1
31,2,9,4,2,1,0,0,0,40,0
33,2,13,2,0,5,0,0,0,5,1
47,2,4,3,7,4,0,0,0,30,0
51,2,9,2,12,0,1,7298,0,50,1
28,2,13,2,11,0,1,0,0,40,1
18,2,10,4,7,3,1,0,0,30,0
26,2,10,4,0,1,0,0,0,25,0
22,2,12,2,3,0,1,0,0,6,0
28,3,9,2,11,0,1,99999,0,40,1
28,2,9,2,2,0,1,0,0,40,0
28,2,9,4,2,2,1,0,0,35,0
42,2,11,2,13,0,1,0,0,45,1
49,2,5,5,5,3,1,0,0,38,0
27,2,13,4,9,1,0,0,0,55,0
33,2,10,0,2,2,0,0,0,40,0
45,2,9,2,9,0,1,0,0,45,1
34,4,9,2,13,0,1,3411,0,80,0
28,2,13,2,2,0,1,0,0,40,0
33,2,14,4,3,4,1,0,0,40,0
21,5,12,4,12,3,1,0,0,10,0
25,2,13,4,11,3,1,0,0,50,0
32,5,10,0,10,4,0,0,1726,38,0
18,2,9,4,6,3,1,0,0,40,0
33,2,6,2,2,0,1,0,0,40,0
48,2,9,0,6,1,0,0,0,55,0
21,2,9,4,7,2,1,0,1719,25,0
61,2,11,2,0,0,1,0,0,40,0
34,2,9,0,11,1,1,0,1669,45,0
30,2,16,2,9,0,1,5178,0,75,1
27,2,9,2,2,0,1,0,0,40,0
57,2,4,6,7,4,0,0,0,29,0
35,2,6,0,2,1,1,0,0,60,0
39,2,9,2,7,0,1,0,0,42,0
39,1,13,2,9,5,0,0,0,42,0
42,0,10,4,0,1,0,0,0,40,0
47,1,12,4,3,1,0,0,0,40,0
31,2,9,0,11,1,1,2202,0,40,0
41,2,9,2,6,0,1,0,0,40,0
43,3,10,2,11,0,1,0,0,44,1
46,2,14,2,9,0,1,0,0,35,1
47,2,15,2,9,0,1,0,0,55,1
45,2,12,6,11,4,0,0,0,40,0
35,0,13,6,0,1,1,0,0,40,1
17,2,7,4,4,3,1,0,0,45,0
27,2,9,2,0,0,1,2580,0,45,0
59,2,9,2,2,0,1,0,0,45,0
34,2,9,4,13,1,1,0,0,80,0
30,0,9,2,1,2,1,0,0,48,0
26,2,9,2,2,0,1,0,0,40,0
52,2,9,2,6,0,1,0,0,40,0
43,2,13,2,9,0,1,0,0,42,1
30,2,4,2,4,0,1,0,0,40,0
51,2,10,0,11,4,0,0,0,50,0
67,4,9,2,4,0,1,0,0,25,0
56,2,13,2,2,0,1,0,0,40,0
25,2,12,4,11,3,0,0,0,40,0
34,2,12,2,0,5,0,0,0,40,1
29,1,13,4,5,3,1,0,0,40,0
23,2,9,4,5,3,1,0,0,40,0
38,2,9,5,7,4,0,0,0,32,0
26,2,10,0,9,1,0,5060,0,40,0
51,1,12,4,0,1,1,0,0,38,0
59,0,14,4,3,1,1,0,0,40,0
22,2,10,4,2,4,1,0,0,40,0
50,2,13,2,3,0,1,7298,0,65,1
27,2,3,4,11,3,0,0,0,20,0
44,2,10,2,5,0,1,0,0,60,0
38,2,10,2,9,5,0,0,0,40,0
29,0,10,4,5,3,1,0,0,44,0
38,2,13,4,0,1,0,0,0,50,0
27,2,10,4,7,3,1,0,1721,20,0
30,2,5,2,2,0,1,0,0,40,0
55,3,9,2,11,0,1,0,1573,44,0
39,0,10,2,0,0,1,0,0,40,1
23,2,9,2,6,0,1,0,0,50,0
43,2,9,4,7,4,0,0,0,40,0
30,2,9,4,6,2,1,0,0,40,0
59,2,15,2,13,0,1,15024,0,50,1
71,2,13,0,0,1,0,0,0,3,0
19,2,10,4,0,3,1,0,0,20,0
29,2,9,2,2,0,1,0,0,40,0
36,2,9,0,2,1,1,0,0,30,0
46,3,14,2,3,0,1,0,0,60,1
55,2,16,2,3,0,1,0,0,80,1
44,2,15,2,9,0,1,0,0,50,1
36,5,14,2,9,0,1,0,0,40,1
30,2,7,4,5,2,1,0,1721,38,0
62,4,9,6,0,2,0,0,0,30,0
30,5,9,1,0,3,0,0,0,38,0
22,2,9,4,11,3,0,1055,0,25,0
20,2,5,4,8,3,1,0,0,40,0
24,2,13,2,3,5,0,0,0,40,0
27,2,10,2,5,0,1,0,0,30,0
57,4,10,0,13,1,1,0,0,40,0
48,2,10,2,11,0,1,0,0,40,1
42,5,9,2,6,0,1,0,0,40,0
21,2,10,4,11,3,0,0,0,8,0
46,3,9,2,10,0,1,0,0,70,0
42,2,13,2,0,5,0,0,0,40,0
50,2,9,0,2,1,0,0,0,45,0
35,3,9,2,7,0,1,0,0,50,0
38,2,9,2,2,0,1,0,0,40,1
34,2,13,4,3,1,0,4650,0,50,0
28,4,10,2,9,0,1,0,0,7,0
44,2,12,2,11,0,1,0,0,40,0
53,1,10,2,10,0,1,4386,0,40,1
26,2,9,0,2,1,1,0,0,40,0
32,2,10,2,10,0,1,0,0,46,0
38,2,13,0,12,2,1,0,0,40,0
43,2,9,2,11,0,1,7688,0,60,1
35,2,13,2,3,0,1,15024,0,50,1
41,2,9,4,6,1,1,0,0,40,0
46,2,11,2,2,0,1,0,0,40,0
26,0,13,4,9,1,1,0,0,55,0
25,2,13,4,9,1,1,0,0,43,0
43,5,15,2,9,0,1,0,1977,70,1
51,5,9,2,2,0,1,0,0,56,1
24,2,9,4,9,3,0,0,0,45,0
53,0,12,2,9,0,1,0,0,80,1
43,2,13,2,11,0,1,0,0,50,0
24,2,9,2,7,0,1,0,0,39,0
48,2,7,2,13,0,1,0,2002,40,0
46,1,13,2,10,0,1,15024,0,40,1
62,2,9,2,2,0,1,0,0,40,0
35,2,13,2,11,0,1,0,0,40,1
19,2,10,4,7,3,1,0,0,3,0
62,1,5,0,10,1,1,0,0,24,0
57,2,9,2,6,0,1,0,0,40,1
59,2,10,0,7,1,1,0,0,40,0
38,2,13,2,11,5,0,0,0,8,1
27,2,11,2,4,0,1,0,0,40,0
19,2,9,4,5,3,1,0,0,40,0
64,3,15,2,9,0,1,99999,0,35,1
19,5,10,4,0,2,0,0,0,15,0
29,1,10,2,10,0,1,0,1485,40,1
44,2,7,5,7,4,0,0,0,30,0
48,2,8,2,3,0,1,0,0,50,0
67,2,14,4,9,1,1,0,0,99,0
26,2,9,2,11,0,1,2885,0,40,0
31,2,9,2,13,0,1,0,0,60,1
21,2,9,4,2,1,1,0,0,40,0
18,2,8,4,5,3,1,0,0,18,0
40,2,9,2,13,0,1,0,0,40,1
32,0,13,2,0,0,1,0,0,35,1
67,3,13,2,11,0,1,0,2174,40,1
23,2,11,4,0,1,1,0,0,50,0
20,2,10,4,11,1,1,0,0,50,0
28,2,13,2,7,0,1,0,0,50,0
36,4,9,2,4,0,1,0,0,50,1
36,2,9,0,2,1,1,0,0,40,0
42,2,10,4,5,4,0,0,625,40,0
68,2,13,2,9,0,1,0,0,40,1
41,2,9,2,7,0,1,0,0,40,0
55,2,9,2,3,0,1,0,0,45,0
37,2,12,2,3,0,1,7688,0,50,1
45,2,10,2,11,0,1,0,0,65,1
30,2,9,4,11,4,0,0,0,25,0
40,2,6,0,2,1,1,0,0,50,0
47,2,9,0,12,1,0,0,0,36,0
20,2,10,4,11,1,0,0,0,20,0
21,2,11,4,7,3,0,0,0,40,0
44,2,9,2,6,0,1,0,0,40,0
59,2,9,2,8,5,0,0,0,15,0
34,2,10,2,2,0,1,0,0,40,1
63,5,15,2,9,0,1,0,0,40,1
25,2,10,2,9,0,1,0,0,45,0
29,2,12,4,9,1,0,8614,0,40,1
44,2,10,2,6,0,1,0,0,44,0
25,2,9,4,13,1,1,0,0,40,0
37,4,10,0,3,4,0,0,0,40,0
33,2,13,2,11,0,1,0,0,50,0
29,2,10,4,2,4,1,0,0,40,0
39,2,12,4,13,1,1,0,0,60,0
28,5,13,2,10,0,1,0,0,50,0
47,4,3,2,11,0,1,0,0,55,1
23,2,9,0,11,1,1,0,0,40,0
41,2,13,2,9,0,1,0,1887,40,1
49,2,6,4,7,4,0,0,0,38,0
46,2,6,2,5,0,1,0,0,40,0
37,2,10,4,5,3,1,0,0,40,0
51,2,10,2,9,5,0,0,0,40,1
50,4,15,2,9,0,1,99999,0,80,1
39,2,10,0,0,1,0,0,0,40,0
55,2,5,2,11,0,1,0,0,45,0
46,2,11,2,9,0,1,0,0,60,0
45,2,9,2,3,0,1,0,0,60,1
36,2,9,4,5,3,1,0,0,40,0
49,2,9,2,11,0,1,0,1887,45,1
30,2,9,2,0,0,1,0,0,50,0
18,2,6,4,7,3,0,0,0,12,0
26,2,9,4,10,1,0,0,0,32,0
24,2,10,4,7,3,1,0,0,30,0
49,3,13,0,9,4,1,6497,0,45,0
35,2,9,2,3,0,1,0,0,45,0
48,2,10,0,0,4,0,0,0,40,0
43,5,15,2,9,0,1,0,0,40,0
34,3,10,2,4,0,1,0,0,72,0
32,2,10,2,3,0,1,0,0,60,1
43,5,13,2,9,5,0,0,0,40,1
19,2,10,4,11,3,0,0,0,20,0
49,2,9,2,2,0,1,3103,0,45,1
48,2,13,2,3,0,1,7688,0,65,1
56,2,5,2,7,5,0,4508,0,28,0
55,2,9,2,7,0,1,0,0,40,0
26,2,9,2,3,0,1,0,0,40,0
35,2,9,2,13,0,1,0,0,65,0
22,2,9,4,11,4,1,0,0,20,0
43,2,13,2,6,0,1,0,0,40,0
45,0,13,2,0,0,1,0,0,45,1
46,0,13,2,12,0,1,3103,0,40,1
32,4,13,2,9,0,1,0,0,50,1
38,2,13,2,0,0,1,7298,0,50,1
42,3,14,0,3,4,1,0,2201,60,1
39,2,9,5,3,1,1,0,2258,70,0
29,2,10,2,0,5,0,0,0,40,1
46,2,3,0,2,1,0,0,2339,45,0
22,1,9,4,4,3,1,0,0,20,0
38,4,13,4,7,3,0,0,0,20,0
50,2,11,2,11,0,1,0,0,50,1
44,2,13,2,9,0,1,7688,0,40,1
20,2,10,4,2,3,1,0,0,40,0
30,2,13,4,11,1,0,0,0,40,0
21,2,9,4,0,1,0,0,0,40,0
37,2,12,4,0,1,0,0,0,40,0
63,1,13,2,9,0,1,0,0,40,1
45,2,13,2,11,0,1,0,1887,60,1
30,2,13,4,11,1,1,0,0,40,0
38,2,10,0,0,4,0,0,0,40,0
36,2,12,2,12,0,1,0,0,40,1
19,2,9,4,11,3,1,0,0,35,0
40,1,11,2,10,0,1,0,0,40,1
23,2,13,4,11,1,0,0,0,40,0
51,2,9,2,11,0,1,0,1977,50,1
34,1,14,0,9,1,0,0,0,50,0
45,1,14,2,9,5,0,0,0,50,1
44,4,9,2,3,0,1,0,1977,45,1
33,2,13,2,9,0,1,15024,0,50,1
43,2,10,2,11,0,1,0,0,50,1
55,2,10,0,6,1,0,0,0,40,0
24,0,10,4,1,1,1,0,0,40,0
18,2,9,4,11,3,0,0,0,28,0
29,2,10,0,5,1,1,2174,0,40,0
32,2,9,2,5,0,1,0,0,38,1
25,1,13,4,9,3,0,0,0,40,0
36,2,9,2,2,0,1,0,0,40,1
50,2,10,4,7,1,1,0,0,32,0
54,1,14,4,9,1,0,0,0,32,1
36,2,13,2,11,0,1,0,1902,40,1
53,2,13,2,3,0,1,0,0,45,1
49,4,4,2,4,0,1,0,0,50,0
44,2,14,2,9,0,1,0,0,45,1
31,3,9,2,3,0,1,0,0,40,1
35,3,10,2,11,0,1,0,0,60,1
28,2,9,4,7,4,0,0,0,40,0
28,2,10,2,13,0,1,0,0,45,0
23,2,10,2,13,0,1,0,0,60,1
26,2,11,2,0,5,0,0,0,40,1
35,2,13,4,0,1,0,0,0,43,0
28,2,10,2,5,0,1,0,0,40,0
60,0,9,0,3,1,1,10520,0,40,1
23,2,13,4,9,1,0,0,0,40,0
53,5,12,0,0,4,0,0,0,40,0
29,4,9,4,13,4,1,0,0,45,0
33,2,9,2,6,5,0,0,0,40,0
52,2,6,2,13,0,1,0,0,30,1
32,2,9,4,5,1,0,0,0,45,0
32,2,9,2,6,0,1,0,0,40,1
20,2,10,4,7,3,0,0,0,35,0
36,2,7,4,10,1,1,13550,0,40,1
32,2,2,4,4,1,1,0,0,50,0
67,3,8,2,3,0,1,0,0,20,0
45,2,9,5,7,1,0,0,0,35,0
18,2,10,4,7,3,0,0,0,32,0
35,0,10,4,7,4,0,0,0,40,0
59,2,9,2,2,0,1,0,0,40,1
32,2,13,4,3,1,0,0,0,60,0
66,2,13,2,9,0,1,10605,0,40,1
26,2,10,4,5,1,1,0,0,30,0
28,2,10,2,3,0,1,0,0,40,1
20,2,12,4,0,3,0,0,0,15,0
24,2,12,4,9,3,1,0,0,40,0
44,2,9,2,13,0,1,0,0,65,1
23,2,9,4,11,1,0,0,0,40,0
39,3,11,2,2,0,1,0,0,40,0
53,2,9,2,4,0,1,0,0,45,0
43,1,10,2,12,0,1,4386,0,99,1
36,4,9,2,3,0,1,41310,0,90,0
37,2,10,2,2,0,1,0,0,35,1
49,3,10,2,3,5,0,0,1977,60,1
28,2,11,4,3,1,1,0,0,60,1
35,0,9,4,0,3,1,0,0,40,0
29,2,7,4,7,4,0,0,0,40,0
27,2,4,0,6,4,1,0,974,40,0
34,2,5,5,0,4,0,0,0,38,0
30,2,9,2,7,2,0,0,0,40,0
20,2,10,4,7,1,0,0,0,20,0
22,2,13,4,9,1,1,0,0,50,0
17,2,7,4,5,3,1,0,0,25,0
44,2,8,2,13,0,1,0,0,40,0
26,2,10,4,6,1,0,0,0,38,0
47,3,13,2,11,0,1,15024,0,60,1
55,2,9,2,11,0,1,0,0,56,1
20,2,9,4,4,2,1,0,0,40,0
45,2,9,4,11,1,0,0,0,20,0
46,5,9,0,0,4,0,0,0,40,0
40,5,13,0,9,1,1,0,0,40,0
41,2,11,5,2,1,1,0,0,30,0
22,2,9,2,13,2,1,0,0,80,0
34,2,10,4,7,3,0,0,0,35,0
23,2,13,4,5,1,1,0,0,40,0
37,2,10,4,7,4,0,0,0,40,0
43,2,10,3,11,1,1,0,0,45,0
43,2,13,2,3,0,1,0,1902,50,1
51,4,9,0,3,1,0,99999,0,60,1
35,2,13,2,3,0,1,0,1887,50,1
44,2,9,2,2,0,1,0,0,60,0
36,2,13,2,9,0,1,0,0,55,1
29,5,6,4,7,3,0,0,0,40,0
58,3,9,4,11,1,1,0,0,47,0
20,2,10,4,5,2,1,0,0,20,0
53,2,13,2,11,0,1,0,0,30,0
23,2,10,4,7,3,0,0,0,15,0
45,5,13,2,0,0,1,7688,0,40,1
23,2,10,4,11,1,0,0,0,40,0
20,2,10,4,7,3,1,0,0,30,0
45,2,12,0,9,4,0,0,0,43,0
48,2,15,0,9,4,0,0,0,25,0
43,2,4,0,7,4,0,0,0,40,0
32,2,7,4,2,1,1,0,0,40,0
20,5,10,4,0,3,1,0,0,40,0
29,2,9,0,7,4,0,0,0,45,0
23,2,7,5,7,4,0,0,0,40,0
31,2,10,4,3,3,1,0,0,40,0
42,2,13,4,11,4,1,0,0,40,0
28,2,4,5,6,4,0,0,0,40,0
27,2,9,4,2,1,1,3325,0,40,0
56,2,9,0,0,4,0,0,1617,40,0
39,2,13,5,11,1,1,0,0,50,0
39,2,9,0,4,1,0,0,0,40,0
47,2,14,2,0,0,1,0,0,40,0
38,1,13,2,2,0,1,0,0,40,0
44,2,9,2,2,0,1,0,0,40,0
22,2,9,4,5,3,1,0,0,40,0
21,2,10,4,5,3,1,0,0,22,0
23,2,9,4,11,3,1,0,0,40,0
29,2,10,0,7,3,1,594,0,24,0
18,2,7,4,11,3,0,0,0,8,0
33,2,10,4,0,1,0,0,0,40,0
23,2,10,0,11,3,0,0,0,40,0
58,4,10,0,11,1,0,0,0,40,0
32,1,9,2,2,0,1,0,0,40,1
53,2,7,2,2,0,1,0,0,40,0
36,2,11,4,9,4,0,0,0,38,0
43,4,9,2,3,0,1,0,0,50,0
36,2,9,4,11,3,0,0,0,40,0
38,2,13,2,3,0,1,0,0,50,1
56,2,9,2,4,0,1,0,0,20,0
41,0,9,2,0,0,1,5178,0,40,1
47,2,9,2,13,0,1,0,0,35,0
28,2,16,4,0,3,1,0,0,18,0
57,2,11,0,6,1,1,0,0,40,0
21,2,10,4,7,3,0,0,0,40,0
40,2,9,2,2,0,1,0,0,40,1
66,2,9,2,13,0,1,0,0,16,0
36,2,10,5,13,1,1,0,0,40,0
23,2,9,4,2,1,1,0,0,40,0
49,2,5,0,6,1,0,0,0,40,0
22,5,10,4,0,1,0,0,0,8,0
58,2,4,0,6,3,1,0,0,40,0
41,5,13,2,9,5,0,0,0,48,1
41,4,13,0,3,1,0,0,0,40,0
60,2,7,2,2,0,1,0,0,40,0
23,2,7,4,4,2,0,0,0,40,0
53,2,9,2,5,0,1,0,0,52,1
63,2,3,6,7,2,0,0,0,19,0
35,0,14,4,3,1,1,8614,0,40,1
21,2,10,4,7,3,0,0,0,37,0
23,2,10,4,13,1,1,0,0,60,0
21,2,10,4,0,1,0,0,0,40,0
36,2,10,4,7,3,1,0,0,45,0
33,5,9,2,7,0,1,0,0,40,0
24,2,6,2,7,0,1,0,0,40,0
28,2,9,4,13,4,1,0,0,55,0
29,2,9,0,7,1,0,0,0,30,0
43,2,12,2,7,0,1,0,0,40,0
31,2,10,0,2,4,0,0,0,20,0
19,2,9,4,10,2,1,0,0,40,0
52,0,6,5,0,4,0,0,0,40,0
51,2,9,2,6,0,1,0,0,45,0
45,2,13,2,2,0,1,7298,0,55,1
33,1,13,2,10,0,1,0,0,70,1
27,2,9,0,0,2,0,0,0,40,0
27,2,6,5,6,3,1,0,0,35,0
34,2,14,2,9,0,1,0,0,55,0
51,2,11,2,7,0,1,4064,0,55,0
69,2,9,6,12,4,0,0,0,8,0
33,2,15,2,9,0,1,0,0,35,0
53,2,13,2,9,0,1,0,0,72,1
46,3,5,2,0,5,0,0,0,50,0
21,2,5,4,7,3,1,0,0,40,0
27,2,12,2,0,5,0,0,0,25,0
17,2,6,4,7,3,0,0,0,6,0
50,0,13,0,9,4,0,0,0,40,0
42,2,7,2,13,0,1,0,0,47,0
42,3,13,4,9,1,1,0,0,40,0
53,2,9,0,3,1,0,0,0,40,0
39,2,14,4,11,1,1,0,0,50,1
43,3,14,2,3,0,1,0,0,60,1
42,2,10,0,6,1,1,0,1590,40,0
47,2,10,0,3,4,0,0,0,40,0
55,5,10,0,13,1,1,0,0,40,0
30,5,14,2,9,0,1,0,0,20,0
39,0,10,2,0,0,1,0,0,48,0
26,2,10,4,0,1,0,0,0,20,0
28,2,2,4,6,1,0,0,0,40,0
31,2,10,0,7,3,0,0,0,20,0
49,4,9,2,2,0,1,0,0,40,0
47,5,9,2,7,0,1,0,0,40,0
27,4,13,4,9,3,0,0,0,40,0
36,5,5,2,2,0,1,0,0,40,0
55,1,13,2,9,0,1,0,0,40,1
30,4,9,2,9,0,1,0,0,25,0
69,2,12,2,3,0,1,0,0,24,0
19,2,9,4,7,1,0,0,0,35,0
28,2,9,2,11,0,1,0,0,55,0
32,2,13,2,11,0,1,0,0,60,1
41,2,9,4,0,1,0,0,0,40,0
21,2,13,4,9,1,1,0,0,40,1
34,4,7,2,4,0,1,0,0,72,0
35,2,9,2,11,0,1,0,1902,40,1
34,2,9,4,13,1,1,0,0,70,0
26,2,6,4,2,1,1,0,0,40,0
41,2,10,4,5,1,1,0,0,40,0
38,4,10,2,4,0,1,0,0,35,0
43,2,10,2,11,0,1,0,0,72,1
24,2,9,5,7,4,0,0,0,40,0
29,2,10,0,7,1,0,0,0,35,0
63,4,15,2,9,0,1,15024,0,50,1
51,2,9,2,2,0,1,0,0,20,0
34,2,13,2,11,0,1,0,0,50,0
47,2,13,2,3,5,0,0,0,40,1
38,2,14,2,3,0,1,0,0,48,1
20,2,10,4,10,3,0,0,0,16,0
40,2,9,2,2,0,1,0,0,40,0
30,0,9,4,0,4,0,1506,0,45,0
29,2,13,4,11,1,1,0,0,50,0
55,2,9,2,6,0,1,0,0,40,1
20,0,9,4,0,3,0,0,0,40,0
42,2,13,0,9,4,1,7430,0,40,1
30,2,13,2,9,0,1,0,0,47,1
24,2,9,4,11,3,0,0,0,20,0
55,2,13,2,11,0,1,0,0,50,1
31,2,10,4,3,3,1,0,0,40,0
46,5,4,4,7,1,0,0,0,40,0
51,2,9,2,0,5,0,7688,0,40,1
18,5,10,4,0,3,1,0,0,10,0
49,2,10,2,2,0,1,0,0,50,0
63,1,13,4,9,1,0,0,0,21,0
38,2,13,2,11,0,1,0,0,40,1
36,3,10,2,11,0,1,15024,0,60,1
34,2,13,2,9,0,1,0,0,65,0
23,2,14,4,9,1,1,0,0,40,0
66,2,9,6,11,1,0,0,0,40,0
46,2,10,4,5,4,0,0,0,40,0
39,2,9,2,13,0,1,0,0,56,0
39,2,10,0,7,4,0,0,0,60,0
37,1,10,5,10,3,1,0,0,52,0
46,2,13,2,0,0,1,0,0,40,1
43,2,11,2,12,5,0,0,1902,32,1
55,4,9,2,7,0,1,0,0,40,0
41,2,9,2,0,0,1,0,0,40,0
22,2,13,4,3,3,0,0,0,35,0
42,2,10,2,11,0,1,0,0,60,1
45,4,13,2,2,0,1,0,0,20,0
27,2,9,4,7,1,0,0,0,40,0
46,1,14,4,9,1,0,0,0,40,0
36,2,10,2,13,0,1,0,0,40,0
44,4,11,2,9,0,1,15024,0,50,1
37,2,14,0,3,1,1,0,0,45,1
21,2,9,4,11,3,0,0,0,30,0
25,2,13,4,11,3,1,2174,0,40,0
34,2,9,0,5,3,1,0,0,35,0
17,2,6,4,4,3,1,594,0,5,0
35,2,13,2,3,0,1,0,1977,50,1
41,4,9,2,4,0,1,0,0,38,0
42,2,9,0,3,1,0,0,0,40,0
41,2,10,5,2,1,1,0,0,40,0
21,5,9,4,0,3,0,0,0,43,0
48,2,10,2,2,0,1,0,0,45,1
27,4,11,4,9,2,1,0,0,30,0
31,2,13,2,9,0,1,0,0,40,0
38,2,14,0,3,1,1,0,0,45,1
28,2,9,2,11,0,1,0,1628,40,0
57,2,9,2,3,0,1,0,0,40,0
26,2,9,2,3,0,1,0,0,40,0
40,1,10,0,13,4,1,6849,0,40,0
29,2,9,2,2,0,1,0,0,40,0
17,2,6,4,11,3,0,0,0,20,0
47,2,9,4,5,1,1,0,0,45,0
41,5,13,4,12,1,0,0,0,43,0
50,2,15,4,9,2,0,0,1590,25,0
37,2,9,2,13,0,1,0,0,50,0
52,2,7,2,6,0,1,0,0,40,0
36,2,10,2,11,0,1,7688,0,50,1
42,5,10,0,9,3,0,0,0,40,0
57,0,11,4,12,1,1,0,0,40,0
22,2,10,2,12,0,1,0,0,40,0
43,3,13,2,9,0,1,0,0,60,0
48,2,9,2,6,0,1,3103,0,48,1
63,2,10,2,11,0,1,7298,0,48,1
42,2,9,2,2,0,1,0,0,40,0
40,4,11,2,9,5,0,0,1977,15,1
25,3,9,0,11,3,1,0,0,40,0
57,0,9,5,0,2,0,0,0,35,0
48,2,9,2,6,0,1,0,0,40,0
17,2,6,4,7,3,1,0,0,14,0
56,0,13,4,13,1,1,0,2001,65,0
32,2,9,5,7,3,0,0,0,37,0
45,2,13,4,9,3,1,0,0,40,0
51,2,10,2,13,0,1,0,0,60,0
37,2,11,0,6,1,0,0,0,30,0
27,2,7,4,2,4,1,0,0,47,0
53,4,6,2,4,0,1,0,0,60,0
72,4,15,2,9,0,1,0,2246,28,1
30,2,10,2,9,0,1,0,0,25,1
20,2,10,4,4,3,1,0,0,10,0
29,2,10,4,11,4,0,0,0,40,0
21,2,9,4,6,3,1,0,0,40,0
20,2,10,4,0,3,0,0,0,20,0
63,2,10,2,3,0,1,15024,0,40,1
35,4,9,0,4,1,1,0,0,80,0
61,2,9,2,0,0,1,0,0,3,0
22,2,10,0,0,4,0,0,0,40,0
45,2,11,2,2,0,1,0,0,35,0
23,2,10,2,0,5,0,0,0,40,0
26,0,10,4,0,4,0,0,0,15,0
29,3,9,2,2,0,1,0,0,60,0
72,2,16,4,9,1,1,0,0,30,0
67,1,13,2,3,0,1,0,0,20,0
38,4,7,2,2,0,1,0,0,40,0
23,2,9,4,6,3,1,0,0,40,0
50,2,11,2,12,0,1,3103,0,40,1
48,2,14,2,9,0,1,0,0,40,1
38,2,7,0,6,1,1,0,0,40,0
28,2,13,0,2,4,1,0,0,50,0
39,2,9,2,5,0,1,0,0,40,0
30,2,9,0,11,1,0,0,0,25,0
23,2,9,2,11,5,0,0,0,40,0
53,2,9,2,13,0,1,0,0,40,0
42,2,13,0,3,4,0,0,0,45,0
48,1,13,2,9,5,0,0,0,50,1
41,2,9,2,13,0,1,0,0,60,0
25,2,10,2,3,0,1,0,0,40,0
23,2,9,4,2,3,0,0,0,40,0
25,2,9,4,7,2,0,0,0,40,0
37,2,10,2,6,0,1,0,0,40,1
35,5,13,2,3,0,1,0,0,40,1
43,1,14,2,3,0,1,0,0,40,1
54,2,13,2,3,0,1,0,0,55,1
26,2,9,4,7,4,1,0,0,40,0
37,2,5,5,8,4,0,0,0,16,0
30,2,10,4,0,4,0,0,0,40,0
30,2,15,2,9,0,1,0,1740,40,0
43,2,13,2,3,0,1,0,0,45,1
62,5,9,2,7,0,1,0,0,40,0
42,2,10,4,0,3,0,0,0,40,0
31,2,13,4,12,1,0,0,0,40,0
40,5,10,2,0,0,1,0,0,40,0
66,2,10,4,9,1,0,0,0,15,0
46,2,9,4,7,4,0,0,0,24,0
41,2,10,4,6,1,0,0,0,48,0
21,2,9,2,2,0,1,0,0,40,0
45,2,14,2,0,0,1,0,0,45,1
36,2,13,2,9,5,0,0,0,50,1
55,4,9,2,2,0,1,0,0,40,0
30,2,13,4,11,1,0,0,0,40,0
37,2,9,4,5,1,1,0,0,30,0
38,2,6,4,9,1,1,0,2559,90,1
35,2,10,0,0,4,0,0,0,55,0
41,1,13,0,9,4,0,0,0,40,0
64,1,11,2,3,0,1,0,0,40,1
25,2,9,0,5,3,0,0,0,40,0
29,4,13,4,9,1,1,0,0,40,0
63,4,10,2,11,0,1,0,1902,60,1
31,2,5,0,13,1,1,0,0,40,0
65,2,14,4,9,1,1,0,0,99,0
55,0,13,3,3,1,1,0,0,40,1
42,2,9,0,6,1,1,0,0,40,0
31,4,16,4,9,3,0,0,0,48,0
35,2,9,2,11,0,1,0,0,44,0
24,2,9,4,10,1,1,0,0,40,0
45,4,15,2,9,0,1,7298,0,60,1
33,4,9,5,2,2,1,0,0,50,0
19,2,10,4,11,3,1,0,0,20,0
20,2,9,4,7,3,1,0,0,35,0
27,2,13,4,11,3,1,0,0,40,0
23,2,6,4,5,4,1,0,0,50,0
46,2,2,4,6,3,1,0,0,40,0
36,2,9,2,2,0,1,0,0,40,0
33,4,11,0,7,4,0,0,0,99,0
20,2,9,2,11,3,1,0,0,32,0
28,2,13,4,0,1,0,0,0,20,0
43,2,11,2,2,0,1,0,0,60,0
42,1,10,0,13,1,1,0,0,65,1
28,2,11,2,2,0,1,0,0,40,0
25,2,9,4,0,1,1,0,0,40,0
36,2,9,0,6,3,1,0,0,40,0
61,2,6,6,4,4,1,0,0,20,0
51,2,10,2,0,0,1,15024,0,40,1
32,2,11,2,3,0,1,0,0,50,1
34,4,10,0,0,4,0,0,0,50,0
29,2,9,4,2,3,1,3325,0,40,0
34,1,14,2,3,0,1,0,0,40,1
57,2,10,2,3,0,1,7688,0,45,1
40,1,14,2,3,0,1,0,0,60,1
42,4,15,4,9,1,1,0,0,38,0
37,2,9,2,4,0,1,0,0,40,0
31,2,9,4,11,1,0,0,0,45,0
36,2,11,0,2,1,1,0,0,38,0
22,2,6,4,11,4,0,0,0,40,0
32,0,11,4,12,3,1,4650,0,40,0
30,2,14,2,3,0,1,15024,0,60,1
40,2,12,0,11,4,0,0,0,40,0
51,2,13,2,11,0,1,7688,0,50,1
33,2,13,4,11,3,1,0,0,40,0
24,2,13,2,3,0,1,0,0,55,1
68,2,10,0,11,1,0,0,0,40,0
45,2,13,0,9,1,1,0,0,50,1
24,2,13,4,9,4,0,0,0,40,0
22,2,9,4,0,1,0,0,0,40,0
19,2,9,4,2,1,1,0,0,40,0
36,1,10,2,10,0,1,0,0,48,0
41,2,5,2,3,0,1,0,0,84,0
34,2,13,2,9,0,1,0,0,50,1
40,2,9,0,0,4,1,0,0,40,0
65,2,13,2,3,0,1,0,0,60,1
27,5,9,4,13,1,1,0,0,38,1
19,2,10,4,0,3,0,0,0,15,0
41,2,9,4,6,3,1,14344,0,48,1
44,2,12,4,3,1,0,0,0,50,0
36,2,9,0,11,1,0,0,0,40,0
32,2,13,4,9,4,0,0,0,40,0
26,2,9,4,13,3,1,0,0,50,0
63,0,14,0,9,1,1,0,0,40,1
44,5,9,4,2,1,1,0,0,40,0
23,2,9,4,2,4,1,0,0,40,0
22,2,11,4,7,1,0,0,1762,40,0
19,2,10,4,3,3,0,0,0,30,0
55,5,11,6,3,1,0,0,0,38,0
43,1,14,3,9,4,0,7430,0,60,1
38,2,10,6,0,4,0,0,0,40,0
40,2,10,5,11,1,0,0,0,40,0
43,2,14,2,3,5,0,15024,0,32,1
31,2,7,2,2,0,1,0,0,40,0
54,2,13,2,11,0,1,0,0,60,1
19,2,10,4,13,3,1,0,0,25,0
36,2,9,2,2,0,1,0,0,45,1
42,2,13,2,3,0,1,3137,0,40,0
19,2,10,4,5,3,1,0,0,16,0
29,2,13,4,9,3,1,0,0,64,1
33,5,14,2,10,0,1,0,0,40,0
40,5,9,2,10,0,1,0,0,40,0
36,2,9,2,2,0,1,0,0,35,0
56,4,14,4,11,1,1,0,0,16,0
43,2,14,6,9,4,0,0,0,37,0
43,5,9,2,10,0,1,0,0,40,0
19,2,5,4,2,3,1,0,0,20,0
45,2,3,4,6,3,0,0,0,35,0
35,1,13,2,9,0,1,0,0,40,0
19,2,8,4,5,3,1,0,0,20,0
17,2,7,4,11,3,0,0,0,15,0
59,0,6,0,7,1,0,0,0,37,0
50,0,13,2,3,5,0,0,0,40,1
41,5,9,2,0,5,0,0,0,38,1
58,2,7,0,0,1,0,3674,0,40,0
50,2,11,6,3,4,0,0,0,40,0
57,2,9,2,2,0,1,0,0,40,0
52,4,11,2,3,0,1,0,0,40,0
32,2,10,0,4,1,0,0,1590,54,0
18,0,7,4,6,3,1,0,0,4,0
40,4,10,2,9,0,1,0,0,60,0
28,3,9,4,3,3,1,0,0,40,0
18,2,6,4,4,3,1,0,0,27,0
76,2,9,2,11,0,1,0,0,20,0
50,2,6,2,2,0,1,0,0,38,0
28,2,9,4,3,1,0,0,0,40,0
41,5,14,2,9,0,1,0,0,40,1
49,2,3,5,6,4,0,0,0,40,0
35,2,9,2,2,0,1,0,0,40,0
42,2,10,4,0,3,0,0,0,40,0
52,2,5,3,6,1,0,0,0,30,0
34,2,7,0,13,4,1,0,880,60,0
17,2,6,4,7,3,1,0,0,25,0
26,2,6,2,2,2,1,0,0,48,0
37,2,6,2,4,0,1,0,0,40,0
42,2,11,2,2,0,1,0,0,40,0
34,5,10,2,9,0,1,4386,0,40,1
35,2,9,0,13,1,0,0,0,60,1
22,2,13,4,0,1,0,0,0,35,0
28,2,13,2,3,0,1,0,0,50,1
20,2,10,4,5,3,1,0,0,40,0
42,1,4,2,2,0,1,0,0,40,0
24,2,10,4,7,3,0,0,0,40,0
25,2,10,4,7,3,0,0,0,35,0
55,2,4,2,13,0,1,0,0,50,0
20,2,9,4,13,1,1,0,0,40,0
20,2,10,4,10,3,1,0,0,40,0
27,2,10,4,7,3,1,0,0,24,0
55,2,9,2,4,0,1,0,0,40,0
24,4,4,2,13,0,1,0,1902,40,1
35,2,13,3,2,4,1,0,0,40,0
49,2,10,2,0,5,0,0,0,40,1
33,2,9,2,9,0,1,0,0,60,0
21,2,9,4,0,3,0,0,0,40,0
42,2,9,2,11,0,1,0,0,60,1
69,2,9,6,0,1,0,0,0,24,0
18,2,7,4,5,3,1,0,0,17,0
51,2,9,0,3,1,1,0,0,44,0
39,2,13,2,3,0,1,0,0,55,0
63,0,9,6,3,1,0,0,0,40,0
45,2,14,2,3,0,1,15024,0,60,1
33,2,10,4,0,1,1,0,0,36,0
42,2,9,0,7,1,1,0,0,52,0
28,2,10,4,3,1,0,10520,0,40,1
65,0,10,2,3,0,1,0,2174,40,1
38,1,13,2,3,0,1,0,0,40,1
49,2,7,2,13,0,1,0,0,40,0
23,2,10,4,0,3,0,0,0,40,0
23,2,9,4,0,3,0,0,0,40,0
19,2,9,0,12,4,0,0,0,55,0
29,2,9,2,0,0,1,0,0,40,0
36,2,10,4,12,4,0,0,0,40,0
19,2,10,4,7,2,0,0,0,30,0
29,2,13,2,3,0,1,0,0,45,1
50,4,9,6,3,4,0,0,0,48,0
68,2,1,4,6,1,1,0,0,10,0
51,2,8,6,6,1,1,0,1564,40,1
36,4,13,4,11,1,1,0,0,50,0
66,1,10,6,6,1,1,0,0,20,0
38,5,10,2,10,0,1,0,1887,50,1
47,2,7,2,13,0,1,0,0,70,0
50,2,13,2,11,0,1,0,0,40,0
29,2,9,2,3,0,1,0,0,40,1
37,2,5,2,6,0,1,0,0,50,1
44,2,5,0,2,1,1,0,0,40,0
26,2,9,2,5,2,1,0,0,40,0
37,2,10,2,2,0,1,0,0,45,0
32,2,9,3,5,2,1,0,0,40,0
37,2,13,2,9,5,0,15024,0,40,1
71,3,14,2,3,0,1,99999,0,40,1
47,1,13,0,9,1,0,0,0,35,1
30,5,14,4,0,1,0,0,0,20,0
35,2,14,4,3,1,0,0,0,55,0
50,3,15,2,9,0,1,99999,0,55,1
21,2,3,4,4,1,1,2176,0,36,0
46,2,10,5,11,1,1,0,0,42,0
57,1,9,0,0,4,0,0,0,40,0
41,4,8,0,2,4,1,0,0,40,0
29,2,9,2,7,0,1,0,0,40,0
38,0,14,2,3,0,1,0,0,40,1
33,2,13,2,3,5,0,0,1977,38,1
24,2,13,4,12,3,1,0,0,42,0
24,2,10,4,4,1,1,0,0,20,0
42,5,9,4,0,4,0,0,0,40,0
47,4,10,0,7,4,0,0,0,45,0
23,2,10,4,11,1,1,0,0,50,0
27,2,9,4,0,3,0,0,0,35,0
35,2,13,4,11,1,1,0,0,40,0
33,2,16,4,9,1,0,0,0,60,1
26,2,14,2,6,0,1,0,0,20,0
51,4,9,2,4,0,1,0,0,84,0
54,2,12,6,0,4,0,0,0,30,0
41,1,9,2,2,0,1,0,0,40,0
46,2,3,2,6,0,1,0,0,40,0
31,2,15,0,12,1,0,0,0,35,0
26,2,9,4,3,1,0,0,0,37,0
36,2,14,2,9,5,0,0,1977,44,1
23,2,9,4,13,1,1,0,0,38,0
46,2,9,2,0,0,1,0,0,40,0
36,2,9,0,0,4,0,0,0,40,0
32,2,12,2,2,0,1,0,0,40,0
34,2,9,2,2,0,1,0,0,40,0
43,2,9,4,0,4,0,0,0,60,0
24,5,10,4,6,3,0,0,0,40,0
37,1,10,4,0,4,0,0,0,40,0
42,4,14,2,3,0,1,0,0,50,1
23,2,10,4,0,3,0,0,0,20,0
52,2,9,2,11,0,1,0,0,40,0
47,2,11,2,6,0,1,0,0,40,1
53,3,10,0,11,1,1,8614,0,50,1
25,2,9,4,6,1,0,0,2001,40,0
42,2,11,0,0,4,0,0,0,40,0
23,0,13,4,9,1,1,0,0,40,0
43,5,14,2,9,0,1,0,0,35,1
57,1,9,0,7,1,0,0,0,40,0
38,2,9,0,11,1,1,0,0,80,0
30,2,9,0,7,4,0,0,0,40,0
33,4,13,4,12,3,1,0,0,40,0
55,2,11,2,6,0,1,0,0,40,0
27,2,13,4,6,1,1,0,0,41,0
38,0,9,2,2,0,1,0,0,40,0
49,3,12,2,3,0,1,0,0,45,1
19,2,9,4,6,2,1,0,0,40,0
58,2,13,0,3,1,1,0,0,40,0
58,2,13,2,11,0,1,0,0,40,0
47,2,10,0,6,1,0,0,0,40,0
27,2,10,2,0,0,1,2829,0,40,0
45,2,13,2,9,5,0,5178,0,40,1
43,1,13,2,9,0,1,0,0,55,1
56,2,9,2,13,0,1,0,0,40,1
25,2,10,4,12,3,0,0,0,43,0
24,4,4,4,4,2,1,0,0,50,0
32,2,9,2,13,0,1,0,0,50,1
35,4,9,0,2,1,1,0,0,50,0
62,2,11,5,8,1,0,0,0,20,0
38,2,12,4,2,1,1,0,0,40,0
17,2,7,4,11,3,0,0,0,15,0
58,2,7,6,7,1,0,0,0,40,0
35,2,9,0,0,1,0,0,0,40,0
50,2,3,2,5,0,1,0,0,40,0
60,2,4,2,6,5,0,0,0,40,0
27,2,13,4,12,1,0,0,0,40,0
38,1,13,2,9,5,0,0,0,20,1
26,2,13,4,3,1,1,0,0,35,0
28,2,13,2,11,5,0,15024,0,45,1
32,1,10,0,10,1,1,0,1408,40,0
28,2,13,4,7,1,1,0,0,40,0
44,3,15,2,9,0,1,0,0,55,1
25,2,9,4,5,3,1,0,0,23,0
27,2,10,4,3,1,0,0,0,40,0
20,2,10,4,8,3,0,0,0,20,0
22,5,10,4,11,3,0,0,0,12,0
38,2,13,2,3,0,1,0,0,60,0
54,0,13,0,3,4,0,0,0,40,0
56,0,14,0,0,4,0,0,0,40,0
74,2,6,0,7,1,0,0,0,1,0
35,0,13,2,9,0,1,7298,0,40,1
34,5,10,2,3,0,1,0,0,38,0
28,2,8,4,13,1,1,0,0,50,0
33,5,9,2,2,0,1,0,0,40,0
28,1,9,4,5,2,1,0,0,40,0
25,2,12,4,0,3,0,0,0,38,0
32,2,11,4,7,1,1,0,0,40,0
44,2,10,0,5,2,1,0,0,40,0
65,2,9,2,7,0,1,0,0,32,0
33,4,7,2,2,0,1,0,0,50,0
18,5,9,4,0,3,1,0,0,40,0
56,2,5,0,11,4,0,0,0,40,0
49,2,10,0,0,4,0,0,0,32,0
35,2,9,4,11,4,0,0,0,40,0
31,5,12,5,7,4,0,0,0,40,0
42,2,13,0,9,4,0,0,0,15,0
27,2,13,0,3,4,1,0,0,42,0
39,4,6,3,7,1,0,0,1721,15,0
30,3,9,2,3,0,1,0,0,45,0
46,4,10,2,11,0,1,0,0,60,1
41,2,9,2,2,0,1,0,0,45,0
34,2,9,2,7,0,1,0,0,40,1
56,2,10,0,11,4,0,0,0,40,0
74,6,4,2,4,0,1,0,0,20,0
36,2,5,2,11,3,1,0,0,50,1
45,1,14,2,9,5,0,0,1977,35,1
24,2,9,2,5,0,1,0,0,70,0
54,4,14,2,11,0,1,0,0,50,0
59,2,15,0,7,1,1,27828,0,60,1
41,3,15,2,3,5,0,0,2415,55,1
54,2,12,0,11,1,1,0,0,32,0
44,2,10,0,0,1,1,0,0,40,0
31,2,9,4,5,2,1,0,0,40,0
28,2,10,0,0,1,0,0,0,40,0
52,2,9,2,13,0,1,0,0,40,0
24,2,14,4,9,3,0,0,0,40,0
90,2,12,2,11,0,1,0,1825,50,1
31,2,1,4,7,2,0,0,0,35,0
41,2,9,2,2,0,1,0,0,40,1
25,2,11,4,11,1,1,27828,0,40,1
35,2,10,2,10,0,1,0,0,40,0
27,2,11,0,0,4,0,0,0,40,0
36,2,9,2,11,0,1,0,0,40,1
41,2,9,2,9,0,1,7688,0,43,1
25,1,13,4,3,1,1,0,0,40,0
48,2,2,2,4,0,1,3781,0,50,0
41,2,9,0,0,4,0,0,0,43,0
41,4,13,2,9,0,1,0,0,50,0
27,2,9,4,11,1,0,0,0,40,0
51,0,12,2,12,0,1,0,0,40,0
38,2,13,2,4,0,1,0,0,60,0
41,5,14,2,3,5,0,0,0,40,0
56,2,9,0,0,1,0,0,0,40,0
43,2,9,2,6,0,1,0,0,40,0
47,4,14,2,9,5,0,0,0,20,1
24,2,9,2,11,0,1,0,0,40,0
29,2,10,4,9,1,1,0,0,15,0
35,2,7,2,11,0,1,0,0,35,0
44,2,10,2,9,0,1,7298,0,45,1
44,2,9,0,7,4,0,0,0,40,0
36,0,10,5,0,4,0,6497,0,56,0
48,2,14,2,3,0,1,15024,0,40,1
45,2,12,0,0,4,1,0,0,35,0
52,2,10,2,2,0,1,0,0,55,0
50,2,3,0,7,1,1,0,0,37,0
28,2,9,4,0,4,0,0,0,40,0
31,2,10,2,2,0,1,0,0,40,0
50,2,13,2,0,0,1,15024,0,40,1
49,4,13,2,3,5,0,0,0,7,1
50,2,7,4,8,4,0,0,0,40,0
18,2,10,4,0,3,1,0,0,25,0
46,3,13,2,3,0,1,3103,0,37,1
27,2,7,4,9,1,0,0,0,50,0
46,1,13,2,9,5,0,0,0,40,1
21,2,9,4,7,2,0,0,0,33,0
25,1,10,0,10,1,0,0,0,40,0
39,2,10,2,6,0,1,0,0,40,0
28,2,9,4,0,4,0,0,0,20,0
24,2,11,4,12,1,1,0,0,45,0
34,2,13,2,10,0,1,0,0,30,0
29,2,13,4,3,1,1,0,1590,50,0
35,2,14,4,9,1,1,0,0,45,1
57,2,13,2,3,0,1,0,0,40,1
51,3,9,2,13,0,1,0,0,65,0
25,2,11,4,2,3,1,0,0,40,0
20,5,10,4,12,3,1,0,0,40,0
40,2,11,2,12,0,1,0,0,40,1
73,2,9,6,11,2,0,0,0,15,0
52,2,9,0,11,1,0,0,0,51,0
29,2,12,4,8,1,0,0,0,50,0
31,2,10,4,7,4,0,0,0,40,0
21,2,9,4,0,3,1,0,0,25,0
41,2,9,0,2,4,1,2174,0,40,0
52,5,9,2,13,0,1,0,0,40,0
29,2,11,4,12,1,1,0,0,40,0
26,2,10,4,11,1,0,0,0,37,0
29,2,9,0,7,1,0,0,0,40,0
42,2,9,0,0,4,0,0,0,40,0
50,2,9,2,2,0,1,15024,0,50,1
22,2,10,4,13,3,1,0,0,40,0
48,5,14,0,9,1,1,0,0,40,1
22,2,12,4,13,1,1,0,0,45,0
22,2,6,4,11,3,1,0,0,15,0
43,2,9,2,5,0,1,0,0,40,0
41,2,9,2,5,0,1,7688,0,40,1
41,2,7,0,5,4,0,0,0,40,0
46,2,9,2,5,0,1,0,1740,35,0
29,2,9,5,7,4,0,0,0,30,0
53,3,16,2,11,0,1,0,0,40,1
73,2,9,2,13,0,1,0,0,16,0
37,0,9,0,5,4,1,0,0,40,0
65,2,9,3,7,1,1,0,0,40,0
18,4,7,4,11,3,0,0,0,40,0
21,2,10,4,0,3,0,0,1721,35,0
24,2,7,2,2,0,1,0,0,40,0
36,2,10,2,2,0,1,0,0,40,0
50,2,11,2,0,0,1,0,0,46,1
74,2,3,2,13,0,1,0,0,40,0
58,2,16,2,9,0,1,0,0,60,1
42,1,14,2,3,0,1,0,1977,40,1
40,2,9,0,2,1,0,0,0,40,0
30,2,9,2,11,0,1,0,0,42,0
24,2,13,2,3,5,0,7688,0,45,1
48,2,10,4,11,1,1,0,0,70,0
29,0,13,2,3,0,1,7688,0,40,1
57,2,9,6,13,4,1,0,653,42,1
53,2,9,2,2,0,1,0,0,40,0
42,2,13,0,7,1,1,0,0,40,0
69,4,10,2,2,0,1,9386,0,72,1
39,2,9,0,6,1,0,0,0,70,0
31,2,13,2,4,0,1,0,0,45,0
23,2,13,4,11,1,0,0,0,40,0
18,4,5,4,4,2,0,0,0,40,0
30,2,9,4,3,1,1,0,1876,45,0
26,2,9,4,3,1,0,0,0,40,0
32,2,13,2,9,0,1,0,0,50,1
25,2,9,4,2,1,1,2174,0,40,0
60,2,13,0,9,1,0,0,0,42,0
19,2,10,4,11,3,0,0,1721,25,0
31,2,10,0,7,1,0,0,0,40,0
30,2,13,4,11,1,0,0,0,40,0
30,1,13,4,9,1,0,0,0,40,0
17,2,6,4,7,3,0,0,0,25,0
22,2,11,4,9,1,1,0,0,30,0
28,2,10,4,3,1,0,0,0,50,0
57,2,13,0,3,1,0,0,0,45,1
28,2,10,5,5,1,1,0,0,40,0
27,2,13,4,12,4,0,0,0,40,0
21,2,10,4,0,3,0,0,0,40,0
45,5,11,0,12,4,0,0,0,40,0
30,2,11,4,0,3,0,0,0,32,0
24,2,11,2,2,0,1,0,0,40,0
27,2,9,2,6,0,1,0,0,55,0
55,0,9,0,0,1,0,0,0,40,0
29,2,13,4,5,3,1,0,0,40,0
26,2,8,4,2,2,1,0,0,48,0
38,2,12,2,0,5,0,0,0,40,1
25,2,9,3,3,1,1,0,0,45,0
42,2,10,6,3,1,0,0,0,55,0
27,2,9,2,6,0,1,7298,0,40,1
44,2,2,2,10,2,1,0,0,40,0
56,2,12,3,7,1,1,0,0,25,0
33,1,14,2,9,5,0,0,0,40,0
42,2,13,2,3,0,1,0,0,40,1
29,2,9,2,6,5,0,0,2051,32,0
36,2,13,2,3,0,1,0,0,40,1
53,1,13,0,9,4,0,0,0,57,0
19,2,9,4,11,3,0,0,0,35,0
62,2,8,2,4,0,1,0,0,48,0
33,2,9,2,5,0,1,0,0,40,0
38,2,11,2,3,0,1,0,0,50,1
64,2,10,6,3,1,0,0,0,10,0
51,2,9,2,13,0,1,5013,0,40,0
55,0,13,2,3,0,1,0,0,40,1
26,2,10,4,7,1,1,0,0,60,0
44,2,6,2,6,0,1,4386,0,60,0
17,2,5,4,13,1,1,0,0,20,0
43,3,9,2,11,0,1,0,0,68,1
55,1,14,6,9,4,0,0,0,45,0
29,2,13,2,12,0,1,0,0,40,1
24,2,11,2,7,0,1,0,0,20,0
38,2,14,2,3,0,1,0,0,65,1
52,2,13,2,9,0,1,0,0,50,1
22,2,10,4,7,1,1,0,1602,10,0
18,2,9,4,7,1,1,0,0,25,0
24,4,13,4,9,3,1,0,0,25,0
30,4,7,4,2,1,1,0,0,40,0
19,2,9,4,7,3,0,0,0,25,0
61,2,9,2,2,0,1,0,0,40,1
29,2,9,4,6,1,1,0,0,56,0
66,4,16,2,11,0,1,0,2377,25,1
33,2,9,0,7,4,0,0,0,40,0
26,2,13,4,3,1,1,0,0,70,1
30,2,9,2,3,0,1,0,0,40,0
25,2,9,0,2,1,1,0,0,50,0
22,2,14,4,11,2,0,0,0,21,0
39,2,9,2,13,0,1,0,1887,40,1
44,0,12,2,2,0,1,0,0,40,1
50,4,9,0,3,1,0,99999,0,60,1
19,2,6,4,7,2,0,34095,0,24,0
26,4,12,4,2,1,1,0,0,40,0
25,5,10,2,3,5,0,0,0,19,0
61,2,14,2,11,0,1,3103,0,50,0
46,1,14,2,9,0,1,0,0,40,1
18,2,8,4,6,3,1,0,0,30,0
34,2,9,4,6,1,1,0,0,40,0
21,2,9,4,5,3,1,0,0,40,0
28,2,10,4,12,3,0,0,0,38,0
74,4,9,2,4,0,1,0,0,14,0
33,3,13,2,11,0,1,0,0,65,0
26,2,13,4,0,1,0,0,0,40,0
57,2,14,2,9,0,1,0,0,40,1
26,4,9,2,3,0,1,0,0,25,0
58,4,13,2,3,0,1,0,0,40,1
23,2,10,4,7,3,0,0,0,20,0
28,2,9,4,5,3,1,0,0,30,0
57,2,10,2,2,0,1,0,0,40,0
42,2,9,2,5,0,1,0,0,40,0
37,2,15,2,7,5,0,0,0,60,1
19,2,9,4,11,1,1,0,0,38,0
34,2,9,5,2,4,1,0,0,49,0
56,4,9,2,7,0,1,0,1887,50,1
23,2,13,4,9,3,0,0,0,40,0
56,2,14,2,9,0,1,0,0,40,1
56,2,9,2,13,0,1,0,0,40,0
37,2,9,2,11,0,1,0,0,45,0
49,5,10,0,0,3,1,0,0,40,0
37,0,13,2,0,0,1,0,0,40,0
23,2,11,2,6,3,0,0,0,30,0
21,2,10,4,5,3,1,0,0,40,0
35,2,14,4,9,1,1,0,0,60,1
45,2,14,0,9,1,0,0,2258,55,0
30,2,9,4,6,3,1,0,0,44,0
59,2,13,2,3,0,1,0,2002,50,0
31,2,13,2,9,0,1,0,0,40,1
34,2,7,4,7,3,1,0,0,40,0
54,2,10,2,3,0,1,0,0,40,1
47,2,9,2,2,0,1,0,1977,45,1
29,2,9,2,7,0,1,0,0,40,0
34,2,13,2,11,0,1,0,0,50,1
39,2,13,0,3,1,1,0,0,55,0
33,1,11,2,12,0,1,0,0,50,0
40,1,13,4,9,4,0,0,0,45,0
57,5,9,2,3,0,1,0,0,40,1
47,2,10,0,0,1,0,0,0,60,0
28,4,10,2,11,3,1,0,0,63,0
30,2,9,4,5,3,1,0,0,40,0
30,2,9,0,11,4,1,1151,0,30,0
20,2,10,4,0,3,0,0,0,15,0
45,2,3,2,6,0,1,0,0,40,0
20,2,9,4,11,1,0,0,0,35,0
38,2,10,0,6,1,0,0,0,28,0
69,2,4,0,6,4,0,2964,0,40,0
19,2,9,4,7,4,0,0,0,30,0
25,2,13,4,3,3,1,0,0,50,0
34,2,13,2,12,0,1,0,0,47,1
41,2,13,2,4,0,1,0,0,45,1
52,3,14,2,9,0,1,15024,0,60,1
28,2,9,5,7,4,1,0,0,40,0
53,2,14,2,3,0,1,0,1902,50,1
31,2,9,2,2,0,1,0,0,47,0
36,4,11,5,3,1,1,0,0,48,0
42,2,10,2,2,0,1,5178,0,50,1
53,3,9,2,11,0,1,0,0,72,1
70,4,9,2,12,5,0,0,0,24,0
49,2,9,2,3,0,1,7688,0,55,1
54,4,13,0,3,1,1,0,0,50,0
35,2,16,4,9,1,0,0,0,80,1
45,2,9,2,6,0,1,0,0,40,0
90,1,9,4,2,3,1,11678,0,40,1
56,2,13,2,9,0,1,0,0,40,1
58,2,4,0,6,4,0,0,0,40,0
51,2,14,2,9,0,1,0,0,38,1
44,4,11,6,9,4,0,0,0,40,0
44,2,9,2,7,0,1,0,0,25,0
25,2,9,0,6,1,1,0,0,40,0
67,5,10,2,4,0,1,0,0,8,0
23,2,9,4,11,1,1,0,0,40,0
17,2,6,4,11,2,0,0,0,10,0
34,2,13,4,11,1,0,0,0,50,0
24,4,9,4,2,3,1,0,0,50,0
48,2,9,2,2,0,1,0,0,44,1
39,2,11,2,12,0,1,0,0,40,0
63,2,9,6,9,1,0,0,0,25,0
18,2,7,4,11,3,0,0,0,20,0
34,2,13,0,9,1,0,0,0,50,1
35,2,14,2,3,0,1,0,1977,48,1
36,3,15,2,9,0,1,0,0,80,1
31,2,12,0,9,3,0,0,0,40,0
47,2,9,0,2,1,1,0,0,40,1
90,2,13,4,9,1,1,0,0,40,0
43,2,10,0,7,1,1,0,0,30,0
34,2,9,4,5,1,1,0,0,60,0
50,3,10,5,3,4,0,0,0,75,0
52,2,3,5,2,4,0,4101,0,40,0
43,2,11,0,9,4,0,0,0,40,0
49,2,9,0,6,1,1,0,0,40,0
44,2,12,5,3,1,1,0,0,40,0
41,4,9,0,2,1,1,0,0,40,0
28,1,10,4,3,3,0,0,0,40,0
58,5,14,2,3,0,1,0,0,40,1
48,4,9,2,2,0,1,0,0,40,0
43,2,10,0,0,1,1,0,0,45,0
30,2,13,4,9,1,1,0,0,40,0
33,4,9,4,4,3,1,0,0,70,0
47,2,10,0,7,3,0,0,0,44,0
42,2,10,2,9,0,1,0,0,40,1
36,2,9,2,2,0,1,0,0,40,0
55,5,14,2,9,0,1,7688,0,45,1
66,1,13,6,9,1,0,0,2206,25,0
21,2,10,4,2,3,1,0,0,40,0
28,2,13,2,9,0,1,0,0,50,0
43,0,10,0,5,1,1,0,0,40,0
47,2,9,2,7,0,1,0,0,60,1
35,2,13,2,11,0,1,0,0,40,0
37,2,9,5,7,4,0,0,0,25,0
22,2,9,4,11,3,0,0,0,40,0
62,2,10,2,13,0,1,0,0,20,0
21,2,10,4,9,3,0,0,0,40,0
41,4,13,2,3,0,1,0,0,55,1
55,3,15,2,9,0,1,0,0,55,0
38,2,11,2,11,0,1,0,0,40,0
35,2,6,6,7,1,0,0,1980,40,0
39,2,13,4,11,1,0,8614,0,50,1
41,2,14,2,9,0,1,0,0,38,1
38,2,9,4,7,3,1,0,0,40,0
24,2,10,4,6,1,1,0,0,40,0
41,2,3,2,0,0,1,0,0,40,0
71,2,5,2,10,0,1,0,0,39,0
41,2,10,3,11,4,0,0,0,40,0
25,2,9,4,2,3,1,0,0,37,0
32,2,13,2,9,0,1,0,0,40,1
34,4,9,2,2,0,1,0,0,50,0
35,2,12,0,2,4,1,0,0,45,1
29,2,13,2,3,0,1,0,0,40,0
46,4,14,0,3,1,1,0,0,30,0
61,2,16,2,9,0,1,0,0,40,1
51,5,11,0,9,4,0,0,0,40,0
21,2,10,4,9,3,0,0,0,40,0
45,2,13,2,4,0,1,0,0,60,0
19,2,9,4,0,3,0,0,0,40,0
45,2,9,2,11,0,1,0,0,60,0
59,2,5,2,7,0,1,0,0,30,0
26,2,13,4,3,1,0,0,0,40,0
33,2,13,4,2,1,1,2174,0,40,0
19,2,8,4,7,3,0,0,0,20,0
25,4,10,2,4,0,1,0,0,50,0
54,5,12,0,0,1,1,0,0,39,0
54,2,2,2,7,0,1,0,0,35,0
60,2,4,0,6,4,0,0,0,40,0
66,3,13,2,3,0,1,10605,0,40,1
22,2,9,4,7,1,0,0,0,15,0
30,2,15,0,9,1,1,10520,0,50,1
30,2,6,2,13,0,1,0,0,55,0
42,0,10,2,13,0,1,0,0,40,0
26,2,10,2,11,0,1,0,0,40,0
66,2,10,0,0,1,0,0,0,20,0
36,2,8,2,6,0,1,0,0,48,0
29,2,9,4,3,1,1,0,0,40,0
41,2,9,2,2,0,1,0,0,45,1
46,5,9,2,13,0,1,0,0,40,0
39,2,9,0,6,4,1,0,1726,40,0
55,4,9,2,13,0,1,0,0,72,0
37,2,7,2,2,0,1,0,0,25,0
43,2,9,2,2,0,1,0,1902,40,1
55,2,10,2,2,0,1,15024,0,40,1
56,2,10,2,2,0,1,0,0,34,0
49,2,10,6,11,4,0,0,0,30,0
74,4,9,6,7,1,1,0,0,20,0
43,2,9,2,2,0,1,0,0,40,1
19,2,10,4,11,4,0,0,0,40,0
17,2,9,4,0,3,1,0,0,20,0
43,3,13,2,11,0,1,0,0,45,1
42,2,13,2,9,0,1,0,0,40,1
48,4,3,2,2,0,1,0,2042,50,0
30,2,9,4,0,2,0,0,1974,40,0
34,1,9,0,7,4,0,0,0,20,0
52,3,15,2,11,0,1,0,0,40,1
56,4,10,2,2,0,1,0,0,60,0
26,2,14,4,9,1,0,0,0,10,0
32,2,13,4,9,3,0,0,0,40,0
50,3,15,2,9,0,1,0,2415,60,1
46,2,10,0,9,1,0,0,0,40,1
65,4,13,2,4,0,1,0,0,30,0
18,2,9,4,5,3,1,0,0,30,0
37,3,9,2,2,0,1,0,0,40,0
35,5,10,2,6,0,1,0,0,50,1
24,2,7,4,7,2,1,0,0,35,0
48,2,14,2,12,0,1,0,0,40,1
27,2,9,2,2,0,1,0,0,40,0
42,4,13,2,11,0,1,0,0,45,0
57,0,9,0,0,4,0,0,0,40,0
30,2,7,0,7,4,0,0,0,35,0
27,2,9,0,7,1,0,0,0,40,0
28,5,13,4,9,3,1,6849,0,40,0
34,2,14,2,3,0,1,0,0,40,0
32,2,9,2,2,0,1,0,0,50,0
28,4,10,2,0,5,0,0,0,30,1
22,2,10,4,2,3,1,0,0,40,0
35,2,13,0,3,4,0,0,0,40,0
29,2,9,4,7,3,1,0,0,40,0
51,2,13,0,3,4,0,0,0,50,0
35,2,13,4,3,1,1,0,0,45,0
43,2,9,2,7,0,1,0,0,40,0
27,2,13,4,7,1,1,0,0,35,0
36,2,9,4,6,1,1,0,0,40,0
40,2,13,2,9,0,1,0,0,50,0
36,2,9,3,7,4,0,0,0,25,0
19,2,9,4,0,1,1,0,0,25,0
70,3,16,2,3,0,1,0,0,40,1
71,2,15,2,9,0,1,0,0,12,1
26,2,9,4,0,3,0,2354,0,40,0
25,2,12,4,0,4,0,0,0,40,0
19,2,10,4,6,1,1,0,0,40,0
20,2,10,4,10,1,1,0,0,60,0
41,0,9,4,5,1,1,0,1980,40,0
63,2,9,0,0,2,0,0,0,40,0
29,2,10,4,12,1,1,0,0,52,0
24,2,10,4,0,3,1,0,0,40,0
44,2,14,2,2,0,1,15024,0,45,1
24,2,9,4,2,1,1,0,0,40,0
43,0,14,2,2,0,1,0,0,40,0
54,2,14,2,9,0,1,0,0,40,1
32,2,9,2,13,0,1,0,0,40,0
58,4,9,6,3,1,1,0,0,50,0
57,2,13,2,3,0,1,15024,0,60,1
25,5,13,4,11,1,0,0,0,40,0
42,2,4,6,5,1,0,0,0,35,0
30,2,9,4,6,1,1,0,0,45,0
54,2,9,6,11,4,0,0,0,40,0
23,2,10,4,12,3,1,0,0,40,0
29,4,12,6,11,4,0,0,0,40,1
22,2,9,4,5,3,1,0,0,40,0
35,2,10,4,3,1,1,0,0,50,0
48,2,10,4,0,1,0,0,0,43,0
46,2,9,3,4,1,1,0,0,65,0
37,4,9,2,11,0,1,0,0,45,0
40,2,10,2,3,5,0,7688,0,40,1
22,4,10,4,2,1,1,0,0,40,0
36,2,9,2,6,0,1,0,0,40,0
27,2,14,2,9,0,1,0,0,40,1
20,2,10,4,7,1,0,0,0,25,0
40,2,11,4,9,1,1,0,0,42,0
41,2,10,2,2,0,1,0,0,40,0
38,2,10,2,11,0,1,0,0,40,0
67,2,13,2,0,0,1,0,1510,8,0
20,2,10,4,11,3,0,0,0,15,0
26,1,9,4,0,1,0,0,0,40,0
40,2,9,0,2,1,1,0,0,40,0
27,2,13,4,12,3,1,0,0,40,0
64,4,15,2,9,0,1,0,0,40,1
41,0,12,2,9,0,1,0,0,40,1
36,1,14,2,9,5,0,0,0,40,0
33,2,9,4,13,1,1,0,0,40,0
31,2,11,4,12,1,1,0,0,40,0
46,4,9,2,4,0,1,0,0,40,0
31,2,11,2,12,5,0,0,0,38,1
32,2,14,0,11,1,0,0,0,50,1
36,2,11,2,3,0,1,0,1887,50,1
24,2,10,2,11,0,1,0,2057,45,0
31,2,3,4,13,1,1,0,0,30,0
48,4,11,2,7,5,0,0,0,15,0
28,1,14,2,3,5,0,0,1485,40,1
23,2,14,4,7,1,0,0,0,10,0
27,2,3,4,4,1,1,0,0,35,0
40,1,10,4,0,4,0,2977,0,35,0
46,2,9,0,2,1,1,0,0,37,0
43,2,14,0,3,1,0,0,0,50,1
26,2,10,5,11,4,0,0,0,35,0
18,4,9,2,7,5,0,0,0,40,0
35,2,9,4,6,1,1,0,0,40,0
48,2,10,0,2,1,1,3325,0,40,0
18,2,7,4,7,3,1,0,0,40,0
29,1,10,2,13,0,1,0,0,40,0
55,1,14,2,9,0,1,0,0,40,1
26,2,12,4,3,3,0,0,0,40,0
52,2,13,0,11,1,1,0,0,60,0
46,2,9,2,0,5,0,7688,0,40,1
38,2,13,2,3,0,1,0,0,50,1
23,2,10,4,0,1,1,0,0,50,0
19,2,9,4,7,2,1,0,0,24,0
61,2,10,2,12,0,1,0,0,25,0
43,2,9,5,13,4,1,0,0,40,0
48,2,13,2,3,0,1,0,0,40,1
17,2,8,4,7,3,1,0,0,12,0
31,2,10,2,0,5,0,0,0,40,1
40,2,13,2,3,0,1,7688,0,40,1
60,2,10,6,11,4,0,0,0,27,0
63,2,10,0,0,1,0,0,0,37,0
60,1,13,2,10,0,1,7298,0,48,1
21,5,10,4,7,3,1,0,0,10,0
37,2,9,2,0,5,0,0,0,60,0
68,2,9,6,5,2,0,0,0,10,0
49,2,9,2,2,0,1,5013,0,50,0
25,0,12,0,0,1,0,0,0,40,0
37,2,9,2,2,0,1,0,0,40,0
18,2,5,4,7,3,1,0,0,35,0
50,4,9,0,3,1,0,99999,0,35,1
24,2,11,4,11,4,1,0,0,5,0
74,5,4,6,5,1,0,0,0,20,0
34,2,8,5,11,4,0,0,0,34,0
36,2,9,4,2,2,1,0,0,40,0
42,2,13,4,0,1,1,0,0,60,0
19,2,10,4,7,3,0,0,0,10,0
40,2,3,2,2,0,1,0,0,40,0
27,1,14,4,9,3,1,0,0,35,0
58,2,10,0,9,4,0,0,0,40,0
27,2,9,0,2,1,1,0,0,45,0
40,5,13,2,9,0,1,0,0,40,1
26,2,9,5,4,1,1,0,0,40,0
45,2,2,2,7,5,0,0,0,40,0
63,2,7,2,11,0,1,0,0,22,0
43,2,2,6,9,4,0,0,0,21,0
39,2,9,2,2,0,1,0,0,40,0
28,2,11,0,9,4,0,0,0,40,0
17,2,7,4,11,3,1,0,0,22,0
46,1,9,2,2,0,1,0,1902,40,0
19,1,10,4,0,3,1,0,0,40,0
36,4,9,5,7,1,0,0,0,16,0
39,2,11,2,3,0,1,0,0,40,0
58,2,5,2,5,0,1,0,0,50,1
33,1,13,0,10,4,0,0,0,60,0
22,2,9,4,11,3,1,0,0,55,0
30,5,9,2,7,5,0,0,0,72,0
60,2,10,2,13,0,1,0,0,40,1
37,2,13,2,3,0,1,0,0,50,1
48,2,11,2,2,0,1,7688,0,40,1
33,2,10,4,9,1,0,3674,0,16,0
35,1,9,4,0,1,0,0,0,40,0
38,2,7,2,4,0,1,0,0,40,0
41,2,9,2,13,0,1,0,0,40,0
24,2,9,4,2,4,0,0,0,40,0
60,2,10,0,0,1,0,0,0,40,0
26,2,9,0,11,4,0,0,0,40,0
58,2,9,2,13,0,1,0,0,45,0
31,2,7,4,5,3,1,0,0,25,0
62,4,9,2,11,0,1,0,0,90,1
47,2,9,2,6,5,0,0,0,40,0
61,2,9,0,13,1,1,0,0,40,0
31,2,9,4,7,3,1,0,0,16,0
37,2,9,2,6,0,1,7298,0,40,1
28,2,9,4,2,1,1,0,0,40,0
36,2,9,2,5,0,1,0,0,60,1
35,2,10,2,2,0,1,0,0,55,0
40,2,13,4,7,1,1,0,0,37,0
27,2,13,2,3,0,1,7298,0,55,1
29,2,7,0,2,4,0,0,0,52,0
39,2,12,2,6,0,1,0,0,40,0
46,2,9,2,13,0,1,0,0,40,0
28,2,7,4,3,1,1,0,0,40,0
30,5,10,4,10,1,1,0,0,45,0
57,4,9,2,2,0,1,0,0,48,1
46,2,10,0,11,4,1,0,0,50,0
45,2,12,2,5,0,1,0,0,40,0
31,0,9,4,0,3,1,0,0,35,0
58,2,9,4,2,1,1,0,0,40,0
45,2,9,2,7,5,0,0,0,35,0
48,2,9,0,2,1,1,0,0,50,0
21,2,9,4,6,3,1,0,0,30,0
19,2,10,4,0,3,0,0,0,16,0
48,2,9,0,2,1,1,0,0,40,0
40,2,10,2,11,0,1,0,0,40,1
42,2,9,2,2,0,1,0,0,60,0
46,2,12,4,0,1,0,0,0,40,0
40,2,10,2,13,0,1,0,0,40,0
19,2,10,4,0,3,0,0,0,8,0
38,1,13,2,9,0,1,0,0,38,0
22,2,10,4,9,3,1,0,0,98,0
55,4,9,4,2,3,1,0,0,35,0
24,0,10,4,0,3,0,0,0,40,0
51,1,13,4,9,1,0,0,0,55,0
31,2,9,4,2,1,1,0,0,45,0
19,2,4,4,6,2,1,0,0,40,0
18,2,8,4,11,3,0,0,0,15,0
51,2,16,0,2,1,0,4787,0,60,1
22,2,9,4,0,3,0,0,0,40,0
51,5,9,2,3,0,1,0,0,40,0
32,1,9,2,2,0,1,0,0,40,0
23,2,9,2,2,0,1,0,0,45,0
25,2,7,2,6,0,1,0,0,40,0
48,2,3,4,8,4,0,0,0,35,0
27,2,7,3,11,3,1,0,0,35,0
57,1,10,0,3,4,0,0,0,35,0
51,2,13,2,3,0,1,0,0,50,1
27,2,9,4,6,2,1,0,0,1,0
45,2,13,0,11,1,0,0,0,46,0
29,2,9,2,5,0,1,0,0,40,0
65,2,10,6,11,1,0,0,0,22,0
39,2,9,2,6,0,1,0,0,40,0
29,2,14,2,9,5,0,0,0,40,1
21,2,9,4,11,3,1,0,0,30,0
25,2,4,2,5,0,1,0,0,40,0
28,2,5,4,2,1,1,0,0,40,0
52,2,10,0,6,1,0,0,0,40,0
28,2,9,2,7,3,0,0,0,35,0
40,2,11,0,11,1,1,13550,0,50,1
18,2,7,4,7,2,0,0,0,24,0
41,2,9,0,11,4,0,0,0,40,0
36,0,10,2,0,0,1,0,0,35,0
32,2,14,4,0,1,0,0,0,40,0
53,3,13,2,11,0,1,0,0,45,1
47,1,13,0,9,1,0,0,0,40,0
25,2,11,4,0,3,0,0,0,60,0
46,1,13,2,0,0,1,0,0,45,1
23,1,13,4,9,3,0,0,0,32,0
36,2,9,2,11,0,1,0,0,40,1
20,2,9,4,11,3,0,0,0,20,0
32,2,12,0,6,1,0,0,0,50,0
35,1,10,2,2,0,1,0,0,40,1
60,5,14,2,9,5,0,0,0,8,0
50,1,14,2,9,0,1,0,0,52,1
58,2,9,2,0,5,0,0,0,40,0
35,2,10,2,2,0,1,0,0,40,1
53,2,9,2,2,0,1,0,0,40,1
43,2,9,2,9,5,0,0,0,35,0
52,2,8,5,6,4,1,0,0,40,0
33,2,10,4,3,3,0,0,0,40,0
52,2,9,5,2,1,1,0,0,40,0
44,2,16,2,9,0,1,0,0,50,0
34,2,12,0,11,4,0,0,0,45,0
44,1,9,2,13,0,1,0,0,40,0
33,2,9,2,3,0,1,7298,0,45,1
51,2,9,2,12,0,1,0,0,40,1
24,2,10,4,6,3,0,2597,0,45,0
50,2,9,2,2,0,1,0,0,15,0
32,4,13,2,11,0,1,0,0,47,0
65,2,9,5,10,1,1,991,0,20,0
38,2,15,2,9,5,0,0,0,50,1
25,2,10,4,3,3,0,0,0,40,0
30,4,9,2,6,3,1,0,0,60,0
26,2,10,4,7,3,1,0,0,20,0
36,2,13,2,9,0,1,0,0,45,1
28,2,10,0,2,1,1,0,0,35,0
36,2,9,2,6,0,1,5178,0,40,1
68,1,9,2,4,0,1,0,0,40,0
67,2,9,6,7,1,0,0,0,15,0
69,4,11,2,11,0,1,0,0,8,0
59,2,6,2,13,0,1,0,0,50,0
46,2,10,4,6,1,0,0,0,52,0
52,2,8,2,2,0,1,0,0,40,0
51,2,6,2,6,0,1,0,0,40,0
48,2,9,0,6,1,1,0,0,48,0
49,2,10,2,9,0,1,0,0,22,0
18,2,9,4,11,3,0,0,0,24,0
26,2,10,4,12,3,0,0,0,40,0
19,2,10,4,11,3,1,0,0,36,0
30,2,9,2,6,0,1,0,0,40,0
45,0,9,0,12,1,0,4865,0,40,0
36,2,10,2,11,0,1,5178,0,50,1
52,0,9,4,6,1,0,0,0,40,0
53,2,9,0,2,1,1,0,0,60,0
20,2,9,4,6,3,1,0,0,40,0
47,5,14,2,9,0,1,0,0,45,1
64,2,9,2,11,0,1,0,0,50,0
37,4,10,4,11,3,1,0,0,48,0
29,2,10,4,4,4,1,0,0,50,0
45,2,11,2,2,0,1,0,0,40,0
22,2,13,2,9,5,0,0,0,40,0
48,2,9,4,6,2,1,0,0,40,0
50,5,13,3,9,1,1,6849,0,40,0
31,2,12,2,2,0,1,0,0,40,0
40,2,9,0,3,4,0,0,0,50,0
39,1,12,2,2,5,0,0,0,50,1
17,2,6,4,7,3,0,0,0,10,0
19,2,8,4,11,3,0,0,0,18,0
43,2,10,0,2,4,1,0,0,35,0
61,2,9,5,13,4,1,0,0,45,1
32,2,9,3,7,2,1,0,0,40,0
22,2,9,2,6,5,0,0,0,40,0
66,2,12,2,6,0,1,5556,0,40,1
33,2,13,2,9,0,1,0,0,40,1
27,4,9,4,2,4,1,9562,0,50,1
22,2,9,4,0,3,0,0,0,28,0
23,2,9,4,6,1,0,0,0,40,0
33,2,4,2,4,0,1,0,0,45,0
39,5,10,4,13,3,1,0,0,40,0
44,0,13,2,3,0,1,0,0,40,1
18,2,10,4,6,3,0,0,0,23,0
71,2,9,6,8,4,0,0,0,20,0
44,3,10,2,3,0,1,0,0,50,1
46,1,14,2,9,5,0,0,0,45,1
56,4,10,2,3,0,1,0,0,50,1
49,2,10,2,2,0,1,0,1485,40,1
65,2,13,2,7,0,1,0,0,20,0
54,2,11,6,3,1,0,0,0,40,0
28,2,10,4,0,1,1,0,0,40,0
60,2,9,2,13,0,1,0,0,60,1
44,0,13,0,12,1,1,0,2258,40,1
22,2,7,4,2,4,1,0,0,40,0
32,2,3,2,7,2,1,0,0,40,0
51,4,10,2,2,0,1,0,0,55,0
68,1,13,2,3,0,1,20051,0,40,1
41,1,9,4,7,4,0,0,0,25,0
32,2,9,2,11,0,1,0,0,49,0
39,2,13,2,9,0,1,0,0,40,1
26,2,11,4,7,1,1,0,0,40,0
39,2,9,2,9,0,1,0,0,45,0
48,2,2,5,6,2,1,0,0,48,0
34,2,9,2,7,5,0,0,0,35,0
25,2,9,2,11,0,1,0,0,40,0
26,5,13,4,9,1,0,0,0,20,0
43,0,14,2,9,0,1,0,0,40,1
25,1,13,4,0,3,0,0,0,40,0
33,2,9,4,7,3,1,0,0,40,0
64,0,12,5,9,1,0,0,0,40,1
66,2,9,6,3,1,0,0,0,25,0
33,2,10,4,7,1,1,0,0,35,0
49,2,9,2,2,0,1,0,0,45,1
33,2,10,5,3,4,0,0,0,40,0
25,2,8,2,6,0,1,0,0,40,0
21,2,10,4,7,3,0,0,0,60,0
28,2,9,4,5,1,1,0,0,40,0
33,2,11,4,11,3,1,0,0,40,0
29,2,4,2,7,5,0,0,0,40,0
21,2,10,4,7,3,1,0,0,20,0
73,4,4,2,4,0,1,0,0,40,0
26,2,13,4,9,3,0,0,0,40,0
55,2,9,2,4,0,1,0,0,45,1
36,2,7,2,6,0,1,0,0,40,0
17,2,4,4,7,3,1,0,0,36,0
24,2,10,4,11,3,0,0,0,40,0
37,2,13,2,3,5,0,0,1848,40,1
42,2,4,2,2,0,1,4386,0,50,1
43,2,10,0,0,4,0,0,0,40,0
36,1,7,4,7,4,0,0,0,23,0
51,2,4,4,5,3,1,0,0,19,0
30,1,10,5,0,4,0,0,0,40,0
58,4,9,2,2,0,1,0,0,60,0
50,2,7,2,2,0,1,0,0,40,0
40,2,14,2,3,0,1,0,0,50,1
39,2,13,4,3,1,1,0,0,40,0
27,2,13,4,3,1,1,0,0,40,0
68,2,12,0,3,1,0,0,0,43,0
76,2,15,2,9,0,1,9386,0,25,1
34,2,10,2,12,0,1,0,0,40,1
51,1,9,0,10,1,1,0,0,40,0
30,2,9,2,13,0,1,0,0,30,0
47,4,15,2,9,0,1,15024,0,40,1
23,2,9,4,13,3,1,0,0,40,0
39,4,9,4,3,1,1,0,0,65,0
50,2,10,0,3,4,0,0,0,40,0
64,3,15,2,9,0,1,99999,0,60,1
33,2,9,5,5,4,0,0,0,40,0
41,3,11,2,11,0,1,0,2179,84,0
51,4,9,0,2,3,1,0,0,40,0
73,1,3,2,9,0,1,0,0,6,0
29,2,13,4,9,1,1,0,0,50,0
33,4,14,2,9,5,0,0,0,8,0
19,2,10,4,2,3,1,0,0,20,0
31,2,12,4,6,4,1,0,0,40,0
40,4,12,0,9,1,0,0,0,50,0
58,1,13,2,3,0,1,0,0,40,0
54,2,9,2,2,0,1,0,0,40,0
41,4,9,2,3,0,1,0,0,60,0
45,2,10,2,13,0,1,0,0,40,0
30,2,10,2,13,0,1,0,0,40,0
33,2,12,2,11,0,1,0,0,46,0
47,4,9,2,3,0,1,0,0,25,0
56,2,7,0,2,1,1,0,0,49,0
30,2,11,2,0,5,0,0,0,35,0
22,2,10,4,11,1,1,0,0,25,0
25,2,10,2,5,0,1,0,0,45,0
37,2,12,0,3,1,0,0,0,48,0
39,2,8,4,5,1,1,0,0,40,0
46,2,12,2,2,0,1,0,0,44,1
64,5,10,0,0,1,0,0,0,40,0
29,4,11,4,0,1,0,2174,0,40,0
21,2,9,4,7,3,1,0,0,30,0
57,2,10,2,2,0,1,0,0,40,1
60,4,3,2,4,0,1,0,0,40,0
27,2,9,4,2,1,1,0,0,40,0
43,2,13,0,7,1,0,0,0,40,0
49,1,9,6,7,1,0,0,0,47,0
28,2,10,4,8,1,0,0,0,40,0
51,4,12,2,11,0,1,3103,0,30,1
52,2,9,2,2,0,1,0,0,40,0
30,2,4,0,13,1,1,0,0,40,0
37,0,9,2,0,5,0,0,0,40,1
48,2,9,2,5,0,1,0,0,35,1
33,2,9,2,2,0,1,0,0,40,0
31,2,10,2,5,0,1,0,0,40,1
20,5,10,4,13,3,1,0,0,30,0
41,2,13,2,3,0,1,0,0,60,1
64,3,9,2,13,0,1,0,0,50,0
36,2,9,0,2,4,1,0,0,40,0
35,2,9,0,9,1,1,0,0,40,0
50,2,1,2,7,0,1,0,0,40,0
45,2,10,2,11,0,1,0,0,40,0
65,2,9,4,0,1,0,2993,0,40,0
48,2,13,2,0,5,0,0,0,50,1
51,2,13,2,3,0,1,0,0,50,1
29,2,10,4,13,1,1,0,0,40,0
46,0,12,2,9,0,1,0,0,40,1
32,0,9,2,12,0,1,0,0,40,0
29,2,13,2,9,0,1,0,0,40,1
31,2,9,4,0,1,0,0,0,40,0
35,2,10,4,0,4,1,0,0,40,0
23,2,3,4,5,1,1,0,0,55,0
24,2,10,4,0,1,0,0,0,40,0
57,2,10,2,11,0,1,0,0,50,1
39,2,13,5,9,4,0,0,0,50,1
33,2,9,2,11,0,1,0,0,40,1
50,2,10,2,6,0,1,0,0,40,0
31,2,10,0,2,1,1,0,0,45,0
22,2,9,4,11,3,0,2597,0,40,0
24,2,10,2,2,0,1,0,0,45,0
19,2,9,4,5,1,1,0,0,40,0
30,2,9,4,11,1,0,0,0,40,0
40,2,14,2,3,0,1,0,0,40,1
44,0,9,0,2,4,1,0,0,40,0
43,2,9,5,7,1,0,0,0,26,0
40,2,13,4,11,3,0,0,0,40,0
30,0,9,2,0,0,1,0,0,40,1
25,2,13,4,9,1,0,0,0,40,0
39,2,14,4,3,1,1,0,0,50,1
33,2,9,5,6,4,0,0,0,40,0
29,2,14,4,9,1,0,0,0,45,0
47,4,9,2,7,5,0,0,0,75,0
28,2,15,4,9,1,1,0,0,55,1
30,4,10,2,11,0,1,0,0,55,1
24,2,9,2,2,0,1,0,0,40,0
61,2,9,2,0,0,1,0,0,40,0
37,2,9,2,12,5,0,0,0,35,0
25,5,13,4,10,3,1,0,0,40,0
30,2,14,4,9,1,1,0,0,30,0
21,2,9,4,5,1,0,0,0,40,0
45,5,10,4,0,1,0,0,0,40,0
57,0,10,2,0,0,1,0,0,40,1
47,2,9,2,9,0,1,5013,0,24,0
30,2,9,0,2,3,1,0,0,40,0
43,5,9,0,12,1,0,0,0,40,0
34,2,13,2,3,0,1,0,1977,45,1
48,2,13,2,12,0,1,0,0,40,1
28,2,10,4,5,3,1,0,0,40,0
46,2,13,2,11,0,1,0,1672,40,0
41,2,7,0,7,4,0,0,0,40,0
34,2,15,4,9,1,0,10520,0,40,1
64,5,16,4,9,1,0,4787,0,40,1
44,4,10,2,4,0,1,0,0,99,0
55,2,9,2,8,5,0,0,0,30,0
48,1,14,2,9,0,1,0,0,50,1
23,2,9,2,2,0,1,0,0,40,0
32,2,13,2,3,0,1,0,0,40,1
39,2,14,2,3,0,1,0,0,40,1
37,2,2,2,2,0,1,0,0,40,0
33,2,11,2,4,0,1,0,0,45,0
53,4,9,2,3,0,1,0,0,35,0
24,2,10,2,2,0,1,0,0,60,0
24,2,9,4,11,1,1,0,0,30,0
49,2,9,2,2,0,1,0,0,42,1
32,2,10,4,7,1,1,0,0,34,0
47,2,14,2,9,0,1,15024,0,45,1
45,5,10,0,0,1,0,0,0,40,0
36,2,10,2,2,0,1,0,0,40,0
31,2,11,2,2,0,1,3464,0,38,0
57,2,6,6,0,1,0,0,0,8,0
29,2,9,0,0,1,0,0,0,40,0
39,2,9,2,12,0,1,0,0,40,1
26,2,10,4,0,1,0,0,0,40,0
34,2,13,2,13,0,1,0,0,40,1
50,2,12,0,2,1,1,0,0,40,0
30,2,9,4,11,4,0,0,0,35,0
41,2,9,4,7,1,0,0,0,40,0
27,4,10,4,11,1,1,0,0,50,0
49,2,9,2,11,0,1,0,0,40,1
19,4,10,4,4,3,0,0,0,32,0
23,2,9,4,0,1,0,0,0,40,0
37,2,10,2,0,0,1,0,0,40,1
26,2,13,4,9,1,0,0,0,40,0
43,2,10,2,9,0,1,0,0,40,0
60,2,16,4,9,1,0,0,0,65,1
41,4,11,2,4,0,1,0,0,60,0
31,4,9,2,2,0,1,0,0,40,1
28,2,9,4,2,3,1,0,0,70,0
39,4,10,2,2,0,1,0,0,50,1
20,2,9,2,5,0,1,0,0,50,0
27,2,13,4,3,1,0,0,0,40,0
22,2,10,4,0,1,0,0,0,35,0
50,2,9,2,2,0,1,0,0,50,0
26,2,13,4,7,1,1,0,0,30,0
39,2,10,2,3,0,1,0,0,50,1
25,2,9,2,5,0,1,2407,0,40,0
46,2,7,2,13,0,1,0,0,40,0
42,2,9,0,11,1,1,0,0,20,0
21,3,9,4,4,3,1,0,0,40,0
29,2,9,2,9,0,1,0,0,40,1
17,2,6,4,7,2,1,0,0,35,0
22,2,10,4,0,3,1,0,0,40,0
32,2,10,2,0,0,1,0,0,50,0
49,2,9,2,2,0,1,7688,0,45,1
48,2,9,2,0,0,1,4386,0,45,1
53,2,14,2,3,0,1,15024,0,50,1
48,2,6,2,6,0,1,0,0,40,0
33,2,14,2,9,0,1,0,0,45,0
69,2,9,4,13,1,1,15831,0,40,1
39,1,9,0,0,4,0,0,0,40,0
23,2,6,4,7,4,1,0,0,60,0
33,2,14,2,3,0,1,0,1902,45,1
50,2,9,0,9,4,0,0,0,40,0
27,2,9,2,2,0,1,0,0,50,0
51,2,10,2,2,0,1,0,0,40,0
51,4,12,2,11,0,1,0,0,40,1
35,2,9,2,0,0,1,0,0,40,0
20,2,10,4,7,3,1,0,0,50,0
60,2,14,4,9,1,1,0,0,50,0
24,2,13,2,9,0,1,0,0,30,0
24,2,13,4,3,1,1,2174,0,45,0
34,2,9,2,6,0,1,0,0,40,0
46,4,9,2,2,0,1,0,0,40,0
34,1,9,0,10,4,1,0,0,40,0
20,2,9,4,0,3,1,0,0,20,0
22,2,10,4,0,3,0,0,0,36,0
26,2,13,4,11,1,0,0,0,40,0
41,2,9,4,7,3,1,0,0,40,0
19,3,9,4,3,3,1,0,0,40,0
36,2,13,4,9,1,0,0,0,45,0
41,2,8,0,13,1,1,0,0,84,1
51,4,9,2,13,0,1,0,0,60,1
32,2,10,4,2,3,1,0,0,40,0
56,2,13,0,9,4,0,0,1741,40,0
27,2,7,4,2,1,1,0,0,40,0
34,2,9,0,13,3,0,0,0,40,0
27,4,6,4,11,3,0,0,0,48,0
24,2,10,0,11,1,1,0,0,40,0
25,2,13,4,11,1,1,0,0,40,0
17,2,6,4,11,3,0,0,0,12,0
22,2,9,4,0,1,1,0,0,40,0
57,2,6,2,7,0,1,0,0,40,0
39,1,9,0,2,4,0,0,0,40,0
20,5,10,4,4,1,1,0,0,40,0
30,1,14,0,9,4,0,0,0,65,0
41,5,13,4,9,1,1,0,0,40,0
46,2,13,2,9,0,1,3103,0,40,1
43,2,9,2,5,0,1,0,0,40,0
25,2,13,2,2,0,1,0,0,60,1
50,2,9,2,13,0,1,0,0,50,1
43,1,13,4,9,1,1,0,0,40,0
49,2,9,6,3,1,0,0,0,35,0
43,1,14,2,3,0,1,0,1977,60,1
25,2,13,4,7,3,1,0,0,40,0
19,2,10,4,11,3,0,0,0,22,0
29,2,10,5,7,4,0,0,0,40,0
32,0,11,4,9,2,1,0,0,40,0
27,5,9,4,10,3,1,2174,0,40,0
32,1,13,4,9,1,1,0,0,55,0
32,2,13,2,0,0,1,0,0,44,0
24,2,13,4,7,3,0,0,0,40,0
43,2,9,0,3,4,0,0,0,40,0
25,2,15,4,9,1,0,0,0,20,0
52,1,14,2,3,0,1,0,0,50,1
35,2,13,4,3,1,0,0,0,55,0
36,2,14,5,3,1,0,0,0,50,0
75,2,10,2,13,0,1,0,0,16,0
24,2,9,2,6,0,1,0,0,40,0
45,2,10,4,3,1,1,0,0,45,0
51,2,10,4,3,1,0,0,0,12,0
55,1,14,2,9,5,0,0,2267,40,0
54,1,14,2,9,0,1,0,1977,40,1
28,2,16,4,9,1,0,0,0,60,1
24,2,9,4,7,4,0,0,0,32,0
33,2,9,2,10,0,1,7688,0,48,1
47,2,13,4,11,3,1,0,0,40,0
21,2,10,4,12,3,1,0,0,30,0
25,2,10,4,12,3,0,0,0,40,0
68,2,10,6,7,1,0,0,0,20,0
27,2,9,4,7,1,1,0,0,40,0
29,2,10,2,2,0,1,0,1485,40,1
19,5,10,4,9,3,1,0,0,25,0
30,2,9,4,2,1,1,0,0,40,0
43,2,13,2,9,0,1,0,0,40,1
33,2,7,2,2,0,1,0,0,40,0
36,2,7,2,3,0,1,0,1579,40,0
36,5,9,2,10,0,1,0,0,40,0
36,2,10,2,2,0,1,3137,0,50,0
28,2,13,2,11,0,1,0,0,45,1
48,2,6,2,13,0,1,0,0,70,0
43,2,9,0,6,3,0,0,0,40,0
66,2,13,0,3,1,0,0,0,40,0
46,2,16,2,9,0,1,0,0,60,1
25,2,13,4,11,1,0,0,0,40,0
37,2,10,2,0,0,1,0,0,37,0
56,2,9,2,7,0,1,0,0,40,0
55,0,14,4,3,1,0,8614,0,40,1
46,3,15,2,9,0,1,0,0,50,1
25,2,12,4,12,1,0,0,0,45,0
50,2,12,2,3,5,0,0,0,40,1
58,4,9,2,0,5,0,0,0,20,1
29,2,16,4,9,1,0,0,0,80,0
31,2,9,5,7,1,0,0,0,40,0
48,1,10,2,3,5,0,5178,0,40,1
51,2,9,2,7,0,1,7298,0,40,1
44,0,13,2,9,0,1,0,0,45,1
47,1,9,0,7,1,0,0,0,40,0
57,2,13,2,9,0,1,0,0,55,1
23,2,9,4,7,3,1,0,0,35,0
24,1,13,4,9,1,0,0,0,40,0
58,2,2,2,7,0,1,0,0,40,0
42,2,13,0,9,4,1,0,653,50,1
51,2,13,2,0,0,1,0,0,50,0
66,4,10,4,11,1,0,0,0,20,0
17,2,7,4,2,3,1,0,0,10,0
18,2,7,4,11,3,0,0,0,8,0
46,2,9,0,7,1,1,0,0,25,0
20,2,5,4,11,3,0,0,0,40,0
33,4,10,2,11,0,1,0,1740,50,0
55,4,15,6,9,1,1,0,0,55,1
34,2,10,2,2,0,1,0,0,45,0
61,2,7,6,0,1,0,0,0,45,0
47,0,10,2,3,0,1,0,0,40,0
45,2,9,2,11,0,1,0,0,40,1
27,2,9,4,11,4,0,0,0,30,0
26,5,13,4,0,1,0,0,0,80,0
50,2,9,0,6,1,0,0,0,40,0
50,2,13,2,9,0,1,0,0,30,0
20,2,9,4,2,3,1,0,0,40,0
33,2,9,2,0,5,0,0,0,52,0
34,2,10,4,11,1,1,0,0,65,0
26,2,7,2,13,0,1,0,0,35,0
35,2,9,5,13,3,1,0,0,50,0
34,2,13,4,3,1,0,0,0,40,0
49,2,13,0,11,2,0,0,0,35,0
23,2,10,4,0,3,1,0,0,24,0
47,2,14,2,11,0,1,0,0,40,1
73,2,5,6,7,4,0,0,0,9,0
35,2,9,3,7,4,0,0,0,20,0
31,1,9,2,10,0,1,0,0,40,1
52,2,13,2,3,0,1,99999,0,50,1
34,2,10,2,2,0,1,0,0,40,0
56,4,12,2,4,5,0,0,0,40,0
64,1,9,0,2,1,1,0,0,40,1
33,2,11,4,7,4,1,0,0,40,0
26,2,9,4,5,3,0,0,0,40,0
33,2,9,2,6,0,1,0,0,40,0
19,2,9,4,11,3,1,0,0,20,0
43,4,14,2,11,0,1,0,0,45,0
52,2,10,2,11,3,0,0,0,40,0
34,2,10,4,0,3,1,0,0,40,1
45,2,14,2,7,0,1,0,0,40,0
34,1,10,2,10,0,1,0,0,40,1
61,2,9,0,7,2,0,0,0,99,0
25,2,14,4,9,1,0,4650,0,37,0
41,2,4,2,2,0,1,0,0,40,0
36,5,15,2,9,5,0,15024,0,50,1
36,2,9,5,6,1,1,0,0,40,0
55,2,10,0,7,4,0,0,0,38,0
40,2,9,2,5,0,1,0,0,40,0
49,2,9,2,0,0,1,4064,0,40,0
55,2,16,4,9,1,1,0,0,40,0
29,2,14,4,9,1,0,0,0,40,1
32,2,9,4,5,3,1,0,0,50,0
35,2,14,4,9,3,1,0,0,44,1
26,1,13,4,9,1,1,0,2339,55,0
25,2,10,0,12,3,0,0,0,40,0
28,1,12,2,10,0,1,0,0,40,1
35,2,9,4,6,1,1,0,0,40,0
37,2,9,5,12,4,0,0,0,40,0
32,3,9,4,2,1,1,0,0,40,0
22,2,10,4,7,1,0,0,0,35,0
28,2,10,2,2,0,1,0,0,40,0
66,2,9,6,12,1,0,0,0,18,0
37,2,15,2,9,0,1,0,0,60,1
36,2,9,2,6,0,1,0,0,40,0
65,2,14,2,9,0,1,20051,0,40,1
37,3,9,2,3,0,1,0,0,50,1
45,2,12,0,6,3,1,0,0,40,0
31,2,10,4,0,2,1,0,0,40,0
50,6,9,2,6,3,0,0,1887,40,1
41,2,2,2,6,0,1,0,0,40,1
29,2,11,2,3,0,1,0,2415,40,1
40,2,9,2,7,0,1,0,0,30,0
32,2,7,0,13,3,1,0,0,45,0
37,4,9,2,3,0,1,0,0,60,0
50,2,9,2,6,5,0,3137,0,40,0
48,2,9,2,5,5,0,0,0,16,1
22,2,10,4,11,3,1,0,0,40,0
23,2,10,2,0,0,1,0,0,12,0
21,2,10,4,13,3,1,0,0,30,0
46,2,9,4,13,1,1,0,0,40,0
23,2,13,4,12,1,0,0,0,40,0
23,2,7,2,5,0,1,0,0,40,0
30,2,9,2,2,0,1,0,0,46,0
46,4,13,4,4,1,0,0,0,40,0
20,2,10,4,12,3,0,0,0,15,0
50,4,9,2,3,0,1,7688,0,50,1
64,4,9,2,3,0,1,0,0,45,1
52,2,3,3,2,2,1,0,0,40,0
32,2,11,0,0,4,0,0,0,35,0
34,1,10,2,5,0,1,0,0,52,1
36,1,13,2,10,0,1,0,1977,40,1
37,2,9,2,9,0,1,0,0,40,0
28,2,9,4,2,3,1,0,0,40,0
36,1,13,4,9,1,0,0,0,35,0
27,2,9,4,5,1,1,0,0,40,0
43,2,9,5,5,1,1,0,0,40,0
24,2,9,0,11,4,0,0,0,30,0
40,2,10,2,0,5,0,0,0,17,1
32,2,10,5,9,1,1,0,2231,40,1
58,2,9,2,2,0,1,0,0,40,0
22,2,11,4,5,1,1,0,0,40,0
34,3,13,2,9,0,1,0,0,60,1
62,2,9,0,7,1,0,0,0,84,0
53,4,6,2,4,0,1,0,0,35,0
50,2,13,0,11,1,1,0,0,45,0
52,2,13,0,2,1,1,0,0,40,0
38,2,9,2,5,0,1,0,0,40,0
24,2,10,4,0,3,0,0,0,40,0
59,2,10,2,9,0,1,0,0,34,0
32,2,12,2,0,0,1,0,0,45,1
31,4,10,2,2,0,1,0,0,40,0
40,2,10,2,3,5,0,0,0,45,1
31,1,9,4,10,1,1,0,0,40,0
53,2,12,4,0,4,0,0,0,40,0
47,2,14,2,9,5,0,7688,0,40,1
47,2,13,2,9,0,1,0,0,40,1
64,4,13,2,3,0,1,15024,0,35,1
32,0,15,2,9,0,1,15024,0,50,1
38,1,10,0,3,4,0,0,0,45,0
32,2,7,4,2,2,1,0,0,40,0
28,2,9,4,7,1,0,0,0,40,0
46,2,10,2,2,0,1,0,0,44,0
33,2,9,2,13,0,1,0,0,40,0
55,2,13,2,12,0,1,0,0,18,1
41,0,16,2,9,0,1,7688,0,50,1
53,2,8,0,4,3,1,0,0,40,0
28,2,9,4,13,3,1,0,0,20,0
45,2,9,0,13,1,1,0,0,40,0
18,2,7,4,7,3,1,0,0,20,0
37,2,13,2,9,0,1,0,0,40,1
46,1,13,2,10,0,1,0,0,40,1
26,2,6,2,0,5,0,0,0,40,0
39,4,13,2,3,0,1,0,0,50,0
19,2,10,4,7,1,0,0,0,20,0
18,2,7,4,5,3,1,0,0,20,0
56,2,7,0,11,1,0,0,0,40,0
22,2,10,4,7,1,1,0,0,25,0
40,2,10,0,12,1,1,0,0,50,0
55,2,13,4,3,1,0,0,0,35,0
58,2,8,0,13,4,1,0,0,45,1
43,2,13,2,9,0,1,0,0,50,1
40,2,9,2,5,0,1,0,0,40,0
23,2,7,4,7,2,1,0,0,40,0
48,2,10,2,3,0,1,0,0,65,1
20,2,10,4,11,3,0,0,0,14,0
46,2,9,2,2,0,1,0,0,40,0
47,4,13,2,9,0,1,0,0,60,0
38,2,11,2,12,5,0,0,0,36,1
38,5,14,0,0,1,0,0,0,40,0
53,2,9,2,7,0,1,0,0,40,0
30,5,11,2,10,0,1,0,0,40,0
35,2,10,0,6,4,1,0,0,40,0
60,4,4,2,4,0,1,0,0,40,0
20,2,10,4,4,3,1,0,0,40,0
54,4,13,0,4,1,1,27828,0,50,1
32,2,9,2,2,0,1,0,0,40,0
42,2,13,0,0,1,0,0,0,40,0
49,5,7,2,0,0,1,0,0,40,0
34,2,9,4,2,3,1,0,0,45,0
36,2,13,2,9,0,1,7298,0,40,1
38,2,11,2,2,0,1,7298,0,40,1
54,0,14,0,3,1,1,0,0,42,1
36,2,9,0,0,4,0,0,0,40,0
29,4,13,5,9,3,1,0,0,40,0
59,2,9,2,6,0,1,0,1887,40,1
59,1,10,5,10,1,1,0,0,40,1
59,1,14,0,9,1,1,0,0,40,1
26,2,9,4,7,1,0,0,0,30,0
29,1,10,2,7,0,1,0,0,40,0
31,2,11,2,13,0,1,0,0,30,1
38,1,16,2,3,0,1,0,1887,50,1
41,2,10,5,3,1,0,0,0,40,0
22,2,11,4,11,3,0,0,0,40,0
51,2,9,0,7,4,0,0,0,38,0
38,3,9,0,3,4,1,0,0,40,0
30,2,9,6,0,1,0,0,0,40,0
31,0,9,2,0,0,1,0,0,40,1
57,2,5,2,6,0,1,0,0,40,0
44,2,10,2,8,0,1,0,0,2,0
51,4,9,0,3,1,0,99999,0,35,1
60,4,9,2,11,0,1,0,0,50,0
35,2,16,3,9,1,1,0,0,60,1
29,2,12,4,11,1,1,0,0,40,0
24,1,13,4,9,3,0,0,0,37,0
62,2,2,2,5,0,1,0,0,40,0
46,0,14,2,3,0,1,0,1977,40,1
35,0,9,0,9,4,0,0,0,40,0
61,2,9,2,9,0,1,3103,0,40,1
57,2,7,2,7,0,1,0,0,52,0
48,2,12,0,0,1,0,0,0,40,0
31,2,9,0,7,1,0,0,0,25,0
59,4,9,2,11,0,1,0,1740,80,0
21,1,7,4,7,3,1,0,0,25,0
42,3,9,2,3,0,1,0,1977,60,1
33,2,11,4,11,3,1,0,0,40,0
45,2,13,0,11,1,1,0,0,60,1
53,2,2,2,4,0,1,0,0,45,0
56,2,5,0,2,1,1,0,0,40,0
35,2,6,2,7,0,1,0,0,60,0
32,2,6,5,2,1,1,0,0,40,0
21,2,9,4,0,3,0,0,0,40,0
54,2,9,2,13,0,1,0,1887,65,1
30,5,14,2,9,0,1,0,0,10,0
20,2,10,4,11,3,0,594,0,24,0
40,2,9,2,3,0,1,0,1485,40,1
48,2,13,2,0,0,1,0,0,35,1
33,3,9,2,3,0,1,0,0,50,0
35,2,10,4,0,3,0,0,2205,40,0
43,1,9,2,10,0,1,0,0,45,1
42,2,9,2,3,0,1,0,0,50,1
43,3,14,2,3,0,1,5013,0,45,0
28,2,10,2,11,0,1,0,0,40,0
43,1,9,3,4,4,1,0,0,40,0
28,2,13,2,3,0,1,0,0,60,0
27,2,13,4,9,1,1,0,0,50,0
30,2,10,4,9,3,1,3325,0,50,0
38,2,9,0,7,1,0,0,0,35,0
43,2,13,2,3,0,1,0,1902,40,1
18,2,10,4,11,3,0,0,0,25,0
25,2,10,4,7,4,0,0,0,40,0
51,5,16,2,3,0,1,7298,0,40,1
32,2,9,5,2,4,1,0,0,40,0
68,2,3,5,7,1,1,0,0,12,0
28,2,9,4,5,3,1,0,0,40,0
48,2,9,6,5,2,0,0,0,48,0
30,4,13,4,11,4,1,0,0,40,0
61,2,13,2,6,0,1,0,0,40,1
34,2,10,4,3,1,0,0,0,50,0
65,2,10,6,11,2,0,0,0,45,0
45,2,9,2,2,0,1,7298,0,60,1
58,2,10,2,3,0,1,0,0,40,1
29,5,14,4,9,4,0,0,0,20,0
47,4,13,0,11,1,0,0,0,50,0
43,5,9,2,2,0,1,0,0,40,0
56,2,6,2,6,0,1,0,0,40,0
56,4,6,2,13,0,1,0,0,60,0
47,1,9,4,2,1,1,0,0,40,0
32,2,10,2,7,0,1,0,0,50,0
28,2,9,4,5,4,1,0,0,40,0
38,2,13,2,3,0,1,0,0,40,1
48,2,9,2,11,0,1,2885,0,15,0
27,2,9,5,6,3,0,0,0,40,0
37,2,9,0,2,4,1,1506,0,40,0
55,3,9,2,3,0,1,0,0,60,0
23,2,13,4,3,1,0,0,0,38,0
53,2,5,4,8,1,0,0,0,9,0
19,2,9,2,2,5,0,0,0,40,0
44,4,9,4,2,1,1,14344,0,40,1
31,2,10,2,3,3,1,0,0,50,0
33,4,10,2,9,5,0,0,0,60,1
24,2,9,4,0,3,0,0,0,35,0
71,3,13,2,3,0,1,0,2392,60,1
17,2,7,4,7,3,1,0,0,18,0
42,2,9,3,0,1,1,0,0,52,0
43,2,9,0,0,1,0,0,0,40,0
38,1,9,2,10,0,1,0,0,40,1
25,2,12,4,4,1,1,2354,0,45,0
53,4,10,2,4,0,1,0,0,30,0
22,2,9,4,5,2,1,0,0,50,0
26,2,7,2,2,0,1,0,0,40,0
37,2,9,0,2,1,1,0,0,40,0
46,4,5,2,13,0,1,0,0,40,0
32,2,9,2,13,0,1,0,0,40,0
24,2,9,4,7,2,1,0,0,25,0
41,2,9,4,11,1,0,0,0,50,0
36,2,10,0,0,4,1,0,0,40,0
90,2,9,4,7,3,0,0,0,24,0
18,2,10,4,7,3,1,0,0,20,0
38,2,9,4,9,1,0,0,0,40,0
20,2,10,4,0,3,0,0,0,10,0
31,2,10,2,9,5,0,0,0,40,1
40,2,9,5,5,1,1,0,0,30,0
45,2,12,2,3,0,1,0,0,40,1
31,2,10,2,2,0,1,0,0,40,1
30,2,10,4,2,1,1,0,0,44,0
34,2,13,2,9,0,1,7688,0,50,1
54,2,3,2,11,0,1,0,0,51,0
34,2,6,4,7,1,1,0,0,30,0
31,2,5,0,0,1,0,0,0,40,0
35,2,10,0,6,4,0,0,0,55,0
35,2,4,6,7,4,0,0,0,80,0
54,2,9,2,2,0,1,0,0,44,1
20,2,9,4,10,3,1,0,0,40,0
31,2,13,4,7,1,0,0,0,25,0
58,3,13,2,3,0,1,7688,0,30,1
35,2,9,2,2,0,1,0,0,40,0
44,2,13,4,0,3,0,0,0,37,0
62,2,4,6,13,1,1,0,0,40,0
47,2,10,0,0,1,0,0,0,35,0
35,4,13,0,11,1,1,0,0,37,0
32,2,10,0,3,1,0,0,0,45,0
58,2,9,0,7,4,0,0,0,35,0
21,2,9,4,7,3,1,0,0,20,0
21,2,11,2,2,0,1,0,2603,40,0
37,2,10,2,2,0,1,0,0,40,0
34,2,10,4,9,3,1,0,0,35,0
34,2,9,4,7,1,1,0,0,40,0
40,2,12,2,0,0,1,0,0,40,0
37,2,9,4,2,4,1,0,0,40,0
64,3,2,2,11,0,1,0,0,20,0
52,2,8,2,2,0,1,0,0,45,0
35,2,14,2,3,0,1,0,0,45,1
59,4,13,2,9,0,1,99999,0,43,1
49,1,6,5,7,4,0,0,0,40,0
24,2,3,4,2,4,1,0,0,40,0
33,2,7,2,7,0,1,0,0,40,0
40,2,9,2,2,0,1,0,0,40,0
32,4,9,4,7,1,0,0,0,60,0
59,2,10,2,2,0,1,0,0,40,0
27,2,9,2,2,0,1,0,0,40,0
52,4,10,2,11,0,1,0,0,45,0
19,2,9,4,5,3,1,1055,0,70,0
50,4,9,2,3,0,1,0,0,50,0
34,4,6,4,7,3,0,0,0,40,0
58,5,13,2,9,5,0,0,0,20,1
31,4,6,2,7,5,0,0,0,28,0
31,2,9,4,7,1,0,0,0,35,0
50,2,11,2,3,0,1,0,0,50,1
43,2,2,3,4,1,1,0,0,28,0
46,4,15,2,9,0,1,0,1902,45,1
56,4,9,2,3,0,1,0,0,45,0
37,2,9,5,2,4,0,0,0,42,0
44,0,13,2,3,0,1,7688,0,40,1
45,2,9,2,13,0,1,4064,0,40,0
25,2,10,4,11,4,0,0,0,25,0
49,2,10,0,0,1,0,3674,0,40,0
40,2,11,2,3,0,1,0,0,40,1
49,4,15,2,9,0,1,15024,0,65,1
37,4,13,2,11,0,1,3137,0,77,0
28,5,9,2,0,3,0,0,0,40,0
29,2,9,4,13,1,1,0,0,40,0
50,2,15,2,9,0,1,0,2415,60,1
45,2,4,6,7,4,0,0,0,21,0
62,1,11,0,0,1,0,0,0,40,0
41,2,9,0,11,4,0,0,0,38,0
43,2,13,2,11,0,1,0,0,40,1
50,2,9,2,2,0,1,0,0,40,1
25,2,9,5,5,4,0,0,0,40,0
20,2,9,4,2,1,0,0,0,55,0
58,1,4,2,2,0,1,0,0,40,0
19,2,9,4,0,3,0,0,0,24,0
20,2,10,4,9,3,1,0,0,25,0
38,2,13,4,3,1,0,0,0,70,0
39,3,9,2,3,0,1,3137,0,42,0
29,1,9,2,10,0,1,0,2057,40,0
29,2,14,4,11,1,1,0,0,50,1
83,2,10,4,3,1,0,0,0,40,0
48,2,10,0,0,4,0,0,0,55,0
60,4,9,5,7,1,1,0,1876,50,0
47,0,13,2,9,0,1,0,0,50,0
49,2,9,2,7,5,0,0,0,8,0
43,2,10,2,2,0,1,0,0,40,0
51,1,14,2,9,0,1,0,0,35,0
29,2,9,4,0,1,0,0,0,40,0
35,2,13,0,11,1,1,0,0,40,0
34,2,9,4,0,3,1,0,0,40,0
38,3,11,0,4,1,1,0,0,50,0
28,2,5,2,11,0,1,4508,0,40,0
29,2,13,2,3,0,1,0,0,40,1
46,2,9,2,7,5,0,0,0,40,0
29,5,14,2,9,0,1,0,0,15,0
27,1,9,4,2,4,1,0,0,40,0
29,2,9,2,4,0,1,0,0,60,0
31,2,9,2,0,0,1,0,0,40,0
44,2,4,2,7,5,0,0,0,55,0
44,0,9,0,0,4,0,0,0,40,0
25,2,13,2,9,0,1,0,0,45,1
25,2,9,4,12,1,1,0,0,40,0
36,2,9,4,0,1,0,0,0,40,0
39,2,10,2,3,0,1,0,0,70,0
27,2,13,4,5,1,1,0,0,40,0
20,2,10,4,0,3,0,2176,0,20,0
46,2,9,2,6,0,1,0,0,40,1
43,1,9,2,2,0,1,7688,0,40,1
25,2,9,4,0,3,0,0,0,40,0
20,2,9,2,0,0,1,3781,0,50,0
19,2,10,4,6,3,0,0,0,35,0
44,2,3,2,5,0,1,0,0,40,0
42,2,13,5,7,1,1,0,0,40,0
24,2,4,4,8,3,0,0,0,32,0
34,2,9,2,3,0,1,0,0,60,1
29,2,9,4,6,1,1,0,0,48,0
25,2,9,4,7,3,0,0,0,8,0
20,0,9,4,0,2,1,0,0,20,0
19,2,10,4,0,1,0,0,0,30,0
30,2,10,2,0,5,0,0,0,40,0
46,2,10,2,13,0,1,0,1887,40,1
42,2,10,4,11,1,1,0,0,80,1
27,2,14,4,3,1,1,0,0,37,0
25,2,9,4,13,4,1,0,0,52,0
43,2,10,0,9,1,1,0,0,40,0
47,2,13,2,11,0,1,0,0,40,1
59,2,9,2,2,0,1,0,0,40,1
36,2,10,2,3,0,1,0,0,40,0
52,3,13,2,3,0,1,0,1902,60,1
30,2,9,4,0,4,1,0,0,41,0
37,2,16,2,9,0,1,0,0,99,1
27,2,10,4,5,3,1,0,0,40,0
56,2,10,0,7,1,1,0,0,30,0
57,2,13,2,9,0,1,0,0,40,0
20,5,12,4,9,1,1,0,0,30,0
45,2,8,2,0,0,1,2407,0,50,0
33,2,13,4,6,1,1,0,0,46,0
40,5,13,4,3,3,0,0,0,40,0
22,2,6,4,5,3,1,0,0,40,0
18,2,7,4,5,1,1,0,0,25,0
45,2,10,0,0,1,0,0,0,48,0
38,3,9,2,3,0,1,5178,0,50,1
35,2,9,2,3,0,1,0,0,50,1
50,0,13,0,3,1,1,0,0,55,1
26,2,9,4,12,1,1,0,0,40,0
39,1,10,2,10,0,1,0,0,48,0
38,2,10,2,11,0,1,0,0,50,0
72,2,2,0,7,1,1,0,0,40,0
25,2,9,4,2,3,1,0,0,50,0
27,2,6,2,3,5,0,0,0,40,0
34,1,9,2,0,0,1,0,0,40,0
35,2,10,4,7,1,1,0,0,40,0
36,2,14,2,11,0,1,7688,0,50,1
49,2,10,2,7,0,1,0,0,40,0
58,1,13,5,9,4,0,0,0,40,1
25,2,10,4,5,1,1,0,0,40,0
53,2,9,2,2,0,1,0,0,40,0
38,1,13,2,3,0,1,0,0,50,1
51,2,12,0,3,4,1,0,0,55,0
52,5,10,2,12,0,1,0,0,45,0
56,2,16,2,9,0,1,0,0,50,0
53,4,13,2,2,0,1,0,0,35,0
35,2,10,5,9,4,0,0,0,45,1
38,2,13,2,2,0,1,0,0,45,0
41,2,10,2,7,5,0,0,0,40,0
35,2,14,2,9,5,0,15024,0,50,1
33,2,13,2,3,0,1,0,0,50,1
43,2,10,0,3,1,1,0,0,45,0
25,2,10,4,0,1,1,0,0,40,0
25,2,9,4,7,4,0,0,0,30,0
40,2,13,2,3,0,1,0,1977,50,1
31,2,13,2,10,0,1,0,0,40,0
44,2,10,0,0,4,0,0,0,38,0
63,3,14,2,11,0,1,0,0,68,1
30,2,13,2,9,0,1,0,0,45,1
18,2,9,4,7,3,0,0,0,8,0
65,3,9,2,3,0,1,0,0,40,0
54,3,9,2,3,0,1,0,0,36,1
38,4,10,4,2,3,1,0,0,60,0
52,2,10,0,11,4,0,0,0,50,0
38,5,12,4,0,1,1,0,0,40,0
29,3,9,2,11,5,0,0,1977,25,1
26,2,13,4,9,1,1,0,0,45,0
28,2,10,2,6,0,1,0,0,40,1
17,2,6,4,7,3,1,0,0,15,0
38,2,9,4,7,3,1,0,0,40,0
36,2,9,5,2,4,0,0,0,40,0
39,2,10,4,9,1,1,4787,0,40,1
22,0,10,4,0,3,1,0,0,20,0
31,2,10,2,2,0,1,0,0,40,0
57,1,13,2,9,0,1,0,0,35,0
43,2,9,2,2,0,1,0,0,70,0
21,2,10,4,7,3,1,0,0,40,0
20,2,10,4,11,3,0,0,0,30,0
36,1,13,0,9,4,1,0,0,40,0
24,2,14,4,9,1,0,0,0,40,0
20,2,10,4,9,2,0,594,0,20,0
51,2,10,2,3,0,1,0,0,40,0
36,2,10,0,9,1,0,0,0,40,0
47,2,13,2,3,0,1,2885,0,65,0
37,0,10,0,12,4,0,0,0,20,0
55,2,10,2,9,0,1,0,0,40,0
46,1,13,0,9,4,0,0,0,40,0
56,1,9,2,13,0,1,0,0,40,1
37,2,13,0,7,1,1,0,0,40,0
26,2,13,4,11,1,1,0,0,42,0
32,2,2,4,3,3,1,0,0,21,0
20,2,10,4,11,3,1,0,0,20,0
37,2,10,4,13,4,0,0,0,20,0
32,1,10,4,7,4,0,0,0,40,0
47,4,13,2,11,0,1,0,0,40,1
33,2,14,4,9,3,1,0,0,20,0
25,2,10,2,3,5,0,0,0,40,1
40,2,16,2,9,0,1,0,0,40,1
36,2,9,0,9,3,0,0,0,40,1
33,1,9,4,7,4,1,0,0,40,0
53,2,9,2,2,0,1,0,0,40,1
41,2,14,2,3,0,1,0,0,45,1
22,2,10,4,5,1,1,0,0,40,0
61,2,13,0,0,1,0,0,0,35,0
28,2,9,4,10,4,0,0,0,40,0
26,2,13,2,12,0,1,0,0,40,1
31,2,10,4,0,4,0,0,0,35,0
28,2,9,5,13,3,0,0,0,17,0
48,2,9,0,11,1,0,0,0,52,0
45,2,13,2,2,0,1,0,0,40,0
41,2,9,4,2,1,1,0,0,54,0
41,2,10,2,11,0,1,0,0,50,1
37,2,11,2,3,0,1,15024,0,45,1
41,1,10,2,3,0,1,0,0,40,0
52,2,9,2,6,0,1,0,0,40,0
60,2,9,6,11,4,0,0,0,38,0
19,2,9,4,7,3,0,0,0,40,0
41,4,15,2,9,0,1,0,0,45,1
32,2,9,2,13,0,1,0,0,55,0
48,2,14,2,9,0,1,0,0,50,1
19,2,10,4,0,3,0,0,0,40,0
22,2,10,0,12,2,0,0,0,40,0
36,4,9,2,13,0,1,0,0,40,1
38,2,10,2,5,0,1,0,0,40,0
46,2,10,4,3,1,1,0,0,40,0
31,2,7,4,7,3,1,0,0,30,0
36,4,4,2,2,0,1,0,0,35,0
29,0,15,4,9,1,0,0,0,55,0
34,4,9,2,13,0,1,0,0,60,0
23,2,9,4,2,3,1,0,0,40,0
53,2,14,2,3,0,1,0,0,45,1
45,1,13,2,13,0,1,0,0,40,0
52,3,13,4,3,1,1,0,0,40,0
39,2,9,2,3,0,1,0,0,30,0
38,2,12,4,7,3,0,0,0,25,0
45,2,13,2,9,0,1,15024,0,40,1
32,2,9,2,2,0,1,0,0,40,0
51,2,16,6,9,1,0,10520,0,60,1
59,3,3,2,3,0,1,99999,0,40,1
21,2,6,2,6,0,1,0,0,50,0
52,4,9,2,3,0,1,0,0,45,1
47,2,9,2,3,0,1,0,0,40,0
48,2,10,0,3,1,0,0,0,40,0
21,2,9,4,5,3,0,0,0,30,0
36,1,9,4,7,4,0,0,0,70,0
46,2,10,0,11,4,0,0,0,40,0
22,1,10,4,9,1,0,0,0,20,0
47,2,10,2,12,0,1,4064,0,40,0
55,2,9,2,2,0,1,0,0,50,1
60,4,9,2,3,0,1,0,0,40,0
59,2,13,2,2,0,1,0,0,48,1
38,2,9,0,6,1,1,0,0,40,0
37,5,15,2,9,0,1,0,0,60,1
33,1,10,2,10,0,1,0,0,50,1
31,2,10,2,13,0,1,0,0,50,0
22,2,9,2,0,5,0,0,0,40,0
25,2,9,4,2,1,0,0,0,40,0
48,2,13,2,9,0,1,0,0,40,0
20,2,10,4,2,1,1,0,0,40,0
64,4,4,2,2,0,1,0,0,70,0
60,2,9,2,2,0,1,0,0,40,1
52,2,9,6,11,4,0,0,1762,40,0
42,1,14,4,9,1,0,0,0,40,1
56,4,4,4,7,4,0,0,0,58,0
43,3,13,2,11,2,1,0,0,45,0
53,2,10,2,2,0,1,0,0,66,0
37,2,10,0,7,1,1,0,0,47,0
20,2,10,2,5,0,1,0,0,40,0
43,1,8,2,13,0,1,0,1579,40,0
45,5,15,0,9,4,1,25236,0,36,1
53,2,10,5,7,3,0,0,0,39,0
31,5,14,2,9,0,1,0,0,35,1
36,2,10,0,0,4,0,0,0,40,0
52,5,13,2,10,0,1,0,0,48,1
26,2,9,4,9,4,0,0,0,55,0
46,0,11,2,0,0,1,5178,0,40,1
27,2,14,4,6,1,0,0,0,40,0
38,2,12,4,7,4,0,0,0,30,0
73,2,9,6,11,1,0,0,0,7,0
32,2,9,2,6,0,1,0,0,40,1
39,4,9,2,11,0,1,0,0,70,0
19,5,9,4,7,1,0,0,0,18,0
43,2,13,5,0,4,0,0,0,35,0
41,1,11,5,2,4,1,0,0,40,0
45,1,9,2,2,0,1,0,0,40,1
40,4,9,5,2,3,1,0,0,40,0
90,2,9,2,13,0,1,2414,0,40,0
46,2,12,4,9,4,0,0,0,36,0
38,2,9,2,6,0,1,3137,0,45,0
22,2,7,4,2,2,1,0,0,40,0
24,2,10,4,7,3,1,0,0,20,0
50,1,14,2,9,5,0,0,0,40,0
34,2,7,4,0,1,0,4416,0,30,0
25,2,13,4,12,1,1,0,0,40,0
40,2,13,3,9,1,1,13550,0,40,1
25,2,13,4,11,1,1,0,0,44,0
53,2,13,2,3,0,1,99999,0,50,1
28,2,9,2,2,0,1,0,0,40,0
24,2,10,4,2,3,1,0,0,40,0
57,2,13,4,0,1,0,0,0,40,0
22,2,9,4,7,1,0,0,0,35,0
27,2,13,4,0,1,0,0,0,40,0
28,1,14,4,9,1,1,0,0,55,0
49,2,13,4,12,4,0,0,0,40,0
44,2,10,2,3,5,0,0,0,70,1
47,2,12,0,11,3,1,0,0,44,0
26,2,9,4,2,1,1,0,0,40,0
19,5,10,4,9,3,1,0,0,10,0
20,2,10,4,11,3,1,0,0,20,0
39,2,9,2,6,0,1,0,0,40,1
33,2,9,5,2,1,1,0,0,50,0
47,1,14,4,9,1,1,0,0,40,0
34,2,9,0,12,4,0,0,0,40,0
24,2,9,4,5,1,1,0,0,40,0
67,2,14,2,3,0,1,0,0,40,1
30,2,11,0,11,1,0,0,0,40,1
20,2,10,4,2,3,1,0,0,40,0
53,5,14,4,0,1,0,0,0,40,0
35,2,9,2,13,0,1,5178,0,90,1
41,1,13,2,9,0,1,7688,0,40,1
44,2,10,2,11,0,1,0,0,50,1
48,2,13,2,9,0,1,0,0,45,1
49,2,9,0,0,2,0,0,0,40,0
22,2,9,4,2,1,1,0,0,41,0
37,2,11,5,9,4,0,0,0,32,0
23,2,10,4,6,3,1,0,0,25,0
21,2,10,4,11,3,0,0,0,13,0
29,2,13,4,9,1,0,0,0,60,0
27,2,10,2,2,0,1,0,0,60,0
51,2,9,2,6,0,1,0,1902,40,1
20,2,7,4,2,3,1,0,0,40,0
22,2,9,4,6,3,1,0,0,40,0
19,1,9,4,0,3,1,0,0,35,0
55,2,10,2,11,0,1,0,0,56,0
26,2,11,4,11,2,1,0,0,65,0
42,3,13,2,3,0,1,0,0,70,0
32,0,9,4,0,1,1,0,0,40,0
23,2,10,4,11,1,1,0,0,35,0
43,2,14,2,9,5,0,0,0,50,0
52,4,9,5,3,1,1,0,0,60,0
46,3,11,0,3,4,0,0,0,63,0
55,2,14,6,3,3,1,0,0,62,1
22,2,10,4,10,1,1,0,0,20,0
39,5,13,2,9,0,1,0,0,40,0
35,2,9,2,11,0,1,5178,0,50,1
29,1,9,4,7,4,0,0,0,40,0
29,2,14,4,9,1,1,0,0,55,0
39,2,6,2,5,0,1,0,0,45,0
49,2,9,2,10,0,1,0,0,40,0
59,2,9,0,7,1,0,0,0,40,0
48,2,13,2,9,0,1,0,0,55,0
22,2,11,4,2,3,1,0,0,50,0
31,2,13,2,9,0,1,0,0,60,1
47,2,4,2,2,0,1,0,0,40,0
38,2,10,5,7,1,0,4650,0,72,0
39,2,10,4,2,1,1,0,0,40,0
47,2,13,2,6,0,1,7688,0,44,1
22,2,10,4,4,3,1,0,0,25,0
34,2,10,2,11,0,1,0,0,55,1
32,2,14,4,9,3,0,0,1741,40,0
40,1,13,0,12,1,0,8614,0,40,1
33,2,15,2,3,0,1,0,0,65,1
27,2,13,4,9,1,0,0,0,60,0
26,2,9,2,5,0,1,0,0,40,0
31,1,9,2,10,0,1,0,0,55,1
33,2,13,2,11,0,1,0,1902,55,1
39,2,13,2,9,0,1,0,0,45,1
22,2,4,2,5,0,1,0,0,40,0
47,2,14,0,9,4,0,0,0,40,1
31,2,13,4,3,1,0,0,0,40,0
55,4,9,2,11,0,1,0,0,40,0
30,2,13,4,3,1,0,8614,0,40,1
59,2,7,2,2,0,1,0,0,40,0
35,2,7,2,11,5,0,0,0,40,0
70,3,10,2,3,0,1,0,0,40,1
35,5,10,4,4,3,1,0,0,40,0
68,2,13,2,13,0,1,0,0,30,0
33,1,13,2,9,0,1,0,0,40,1
65,2,9,2,12,0,1,0,0,40,1
33,2,9,2,2,0,1,0,0,60,1
38,5,13,0,9,1,0,0,0,40,0
54,4,10,2,11,0,1,0,0,50,0
50,2,9,4,12,3,1,0,0,15,0
48,2,9,0,2,4,0,0,0,40,0
28,2,10,2,2,0,1,0,0,50,1
49,2,10,0,12,2,1,0,0,35,0
31,1,10,4,0,3,0,0,0,35,0
22,2,9,5,7,2,1,0,0,35,0
48,2,9,2,3,0,1,0,0,50,1
35,2,9,2,4,0,1,0,0,40,0
22,2,10,4,11,3,0,0,0,40,0
26,1,10,4,10,3,1,0,0,40,0
24,2,9,4,5,4,1,0,0,40,0
32,2,9,4,7,3,0,0,0,40,0
33,4,13,2,4,0,1,0,0,75,0
37,2,13,4,4,1,1,0,0,30,0
36,2,12,2,2,0,1,0,0,50,0
40,5,10,4,0,1,0,0,0,38,0
72,2,13,0,11,4,0,0,0,28,0
22,2,13,4,3,1,1,0,0,20,0
33,2,11,5,9,1,1,0,0,45,0
65,2,9,2,6,0,1,6418,0,40,1
30,2,10,2,6,0,1,0,0,40,1
25,2,9,2,6,0,1,0,0,50,0
42,2,9,0,6,1,0,0,0,40,0
52,4,4,2,2,0,1,0,0,40,0
49,2,9,0,3,4,1,0,0,60,0
50,2,9,0,0,4,0,0,0,40,0
60,5,13,2,3,0,1,0,0,50,1
48,2,9,0,7,1,0,0,0,20,0
37,2,9,2,2,0,1,0,0,70,0
29,4,10,2,2,0,1,0,0,40,0
20,2,10,4,7,3,0,0,0,40,0
39,2,10,0,3,4,0,0,0,15,0
38,2,10,2,3,0,1,0,0,55,1
18,2,7,4,7,3,1,0,0,20,0
25,2,10,0,6,3,0,0,0,40,0
56,2,6,2,11,0,1,0,0,40,0
45,2,9,2,0,3,0,0,0,15,0
49,3,13,2,11,0,1,0,0,85,1
27,2,9,4,10,3,1,0,0,40,0
27,2,13,2,2,0,1,0,0,40,0
55,3,11,2,3,0,1,0,0,48,1
21,2,10,4,11,3,1,0,0,17,0
79,2,10,2,0,0,1,0,0,20,0
38,2,9,2,13,0,1,0,0,50,0
35,2,9,4,11,3,0,0,0,40,0
52,2,10,2,2,0,1,0,0,40,1
42,2,9,2,6,5,0,7298,0,40,1
32,2,9,0,0,1,0,0,0,68,0
29,2,7,0,6,4,0,0,0,40,0
35,2,9,2,5,0,1,0,0,40,0
45,2,9,0,13,4,0,0,0,55,0
47,2,9,0,3,4,0,0,0,40,0
19,2,10,4,5,3,1,0,0,40,0
42,2,13,2,9,0,1,0,0,50,1
45,2,9,2,7,0,1,0,0,40,0
56,2,10,2,12,0,1,0,0,45,1
56,1,9,0,0,1,0,0,0,46,0
47,3,12,6,3,1,0,0,0,67,0
56,1,10,0,10,1,1,0,0,48,0
48,2,9,2,13,0,1,0,0,50,1
45,1,10,2,0,0,1,0,0,40,1
18,2,4,4,6,3,1,0,0,40,0
59,2,5,2,13,0,1,0,0,60,1
23,2,13,4,0,3,0,0,0,40,0
60,4,9,2,2,0,1,0,0,42,1
35,2,13,4,3,1,1,0,0,50,0
23,2,13,4,3,3,1,0,0,28,0
42,2,9,0,7,4,0,0,0,40,0
17,2,8,4,7,3,1,0,0,32,0
47,2,10,2,0,5,0,0,0,48,1
49,4,10,2,11,0,1,0,0,50,0
54,2,9,0,0,1,0,0,0,40,0
32,5,9,2,10,0,1,0,0,45,0
33,2,13,2,3,0,1,0,0,40,1
19,2,10,4,11,3,0,0,0,30,0
27,2,13,4,9,1,0,0,0,40,0
21,2,10,4,8,3,0,0,0,40,0
25,2,9,4,5,1,1,0,0,36,0
48,2,7,5,7,1,0,0,0,35,0
41,2,13,0,3,1,0,0,0,55,0
24,5,11,4,0,3,0,0,0,40,0
31,2,14,2,3,0,1,0,1977,48,1
25,2,10,4,0,2,0,0,0,40,0
35,2,11,2,0,5,0,0,0,40,0
44,2,14,2,9,0,1,7298,0,40,1
48,2,9,0,3,4,0,0,0,40,0
49,2,14,2,9,0,1,0,0,40,0
49,4,10,2,2,0,1,0,0,40,0
50,4,9,2,7,5,0,15024,0,20,1
40,4,9,2,2,0,1,0,0,32,0
33,0,15,4,9,1,0,0,0,65,1
58,2,9,6,3,1,1,0,0,55,1
42,2,9,5,0,1,1,0,0,40,0
36,2,15,0,9,1,1,99999,0,45,1
38,2,9,4,6,1,1,0,0,40,0
40,2,10,2,5,0,1,0,0,40,0
39,2,13,2,13,0,1,0,1977,45,1
35,2,5,4,5,1,1,0,0,40,0
38,3,13,4,2,1,0,0,0,20,0
20,2,10,4,13,3,1,0,0,23,0
40,2,9,6,6,4,0,0,0,37,0
23,2,10,5,11,4,0,0,0,40,0
90,2,6,2,3,0,1,0,0,40,0
38,4,9,2,13,0,1,0,0,40,1
42,0,9,2,0,0,1,0,0,48,1
31,2,13,4,9,3,1,0,0,25,0
39,2,11,2,12,0,1,0,0,40,0
34,5,13,4,9,1,0,0,0,48,1
39,2,10,2,11,0,1,0,0,50,1
21,2,9,3,6,1,0,0,0,40,0
28,2,6,2,2,0,1,0,0,36,0
48,2,13,0,7,4,0,0,0,56,1
43,2,13,2,3,0,1,0,0,45,1
34,2,9,2,2,0,1,0,0,40,1
51,2,13,0,3,1,1,14084,0,50,1
45,2,14,4,9,1,0,0,0,40,0
29,2,12,4,3,3,1,0,0,25,0
53,2,9,6,7,4,0,0,0,20,0
45,2,9,0,7,4,0,0,0,40,0
19,2,9,4,7,1,0,0,0,50,0
40,2,10,4,2,1,1,0,0,40,0
30,1,10,0,0,1,0,0,0,40,0
47,2,9,0,13,1,1,0,1590,40,0
22,2,10,4,7,3,0,0,0,20,0
25,2,13,4,11,4,1,0,0,44,0
24,3,10,4,13,3,1,0,0,40,0
30,3,11,2,11,0,1,0,0,35,0
24,2,10,4,3,3,1,0,0,40,0
39,2,7,0,11,2,0,0,0,40,0
41,2,11,2,12,0,1,0,0,40,1
45,2,9,2,6,0,1,0,0,40,0
46,1,9,6,9,4,0,0,0,33,0
47,2,11,0,11,4,0,0,0,25,0
59,2,13,6,3,4,1,0,3004,40,1
28,2,11,2,9,0,1,99999,0,50,1
34,2,7,2,2,0,1,0,0,40,0
30,4,12,0,0,1,0,0,0,40,0
56,2,14,2,3,0,1,0,0,50,1
60,2,9,6,5,1,0,0,0,40,0
38,2,9,2,0,5,0,0,0,40,1
32,2,12,2,2,0,1,0,1887,40,1
21,2,12,4,7,3,0,0,0,18,0
20,2,10,4,7,1,0,0,0,25,0
18,2,7,4,2,3,1,0,0,5,0
40,2,9,2,13,0,1,0,0,40,0
52,2,13,2,6,0,1,0,0,40,1
72,3,10,2,3,0,1,0,0,25,1
33,2,5,4,11,4,0,0,0,40,0
33,4,7,2,3,0,1,0,0,70,0
44,2,11,2,2,0,1,3411,0,40,0
41,4,14,2,3,5,0,0,0,10,1
31,2,9,4,5,2,0,0,0,35,0
40,2,12,0,0,4,0,0,0,32,0
43,0,10,2,12,0,1,0,0,75,1
51,2,9,2,2,0,1,0,0,40,1
36,5,9,2,3,0,1,0,0,50,0
39,2,10,2,11,0,1,0,0,40,0
53,2,9,2,3,0,1,0,0,40,0
20,2,9,4,7,1,0,0,0,40,0
46,3,16,2,9,0,1,0,0,60,1
39,2,9,2,5,0,1,0,0,45,0
28,0,13,4,12,1,0,0,0,40,0
43,2,6,2,6,0,1,0,1887,40,1
48,2,9,2,2,0,1,0,0,40,1
23,2,9,2,3,0,1,0,0,54,0
43,2,13,3,0,4,0,0,0,40,0
36,2,9,0,7,3,0,0,0,30,0
42,2,9,2,2,0,1,5178,0,40,1
43,1,10,2,13,0,1,0,0,17,0
53,1,5,2,3,0,1,0,0,40,0
43,2,13,4,11,3,0,0,0,40,0
52,2,9,2,6,0,1,0,2051,38,0
37,2,9,2,10,0,1,0,0,40,1
33,2,2,0,6,4,0,0,0,40,0
29,2,10,2,9,0,1,0,0,45,0
73,4,9,6,4,1,1,0,1668,77,0
43,2,9,2,6,0,1,0,0,40,0
43,2,9,6,6,4,0,0,0,60,0
65,1,9,2,5,0,1,6418,0,45,1
56,2,7,5,6,1,0,0,0,40,0
76,0,14,6,9,1,0,0,0,15,0
70,3,5,0,11,1,1,0,0,45,0
24,2,13,4,3,3,0,0,0,65,0
26,2,7,2,2,0,1,0,0,45,0
23,2,10,4,9,1,0,0,0,45,0
37,2,15,2,9,0,1,0,0,50,1
28,2,9,4,6,1,0,0,0,40,0
37,0,11,5,0,1,1,0,0,40,0
44,4,10,2,7,5,0,0,0,50,0
31,1,10,4,0,1,0,0,0,40,0
51,2,10,2,0,5,0,0,0,40,0
68,2,10,0,3,1,1,0,0,30,0
64,4,14,2,4,0,1,0,0,40,0
19,2,10,4,0,3,0,0,0,40,0
41,2,10,5,11,4,0,0,0,20,0
50,2,16,4,3,1,1,13550,0,50,1
36,4,13,2,3,0,1,7298,0,40,1
51,2,10,2,3,0,1,0,0,45,0
31,2,10,2,2,0,1,0,0,40,1
42,2,12,5,0,4,0,0,0,40,0
44,2,13,2,11,0,1,0,0,60,0
41,2,9,4,3,4,0,0,0,40,0
33,2,8,4,2,4,1,0,0,40,0
41,2,10,2,11,0,1,0,0,50,1
59,2,9,2,2,0,1,0,0,40,0
39,2,13,2,11,0,1,0,0,45,1
28,2,10,4,2,3,1,0,0,50,0
56,2,10,0,11,1,1,14084,0,60,1
23,2,10,4,9,1,0,0,0,50,0
35,2,10,2,2,0,1,0,0,50,0
55,0,9,2,3,0,1,0,0,40,0
42,4,9,2,2,0,1,0,0,40,0
41,2,9,4,7,3,1,0,0,40,0
19,2,10,4,7,3,1,0,0,25,0
42,2,5,4,6,2,0,0,0,40,0
52,2,12,2,10,0,1,0,0,40,1
21,2,10,4,2,1,1,0,0,70,0
29,2,9,2,6,0,1,0,0,40,0
35,2,9,5,13,1,1,0,0,40,0
60,2,7,2,11,0,1,0,1902,70,1
26,2,13,2,11,0,1,4064,0,50,0
31,2,10,2,0,0,1,0,2051,40,0
43,0,13,2,9,0,1,0,0,40,1
32,4,10,2,2,0,1,0,0,50,0
39,3,13,2,3,0,1,7688,0,50,1
57,2,14,2,3,0,1,0,0,50,1
49,4,13,4,11,1,1,0,0,45,0
23,2,13,4,6,3,0,0,1719,40,0
32,2,10,0,7,2,1,0,0,40,0
25,2,10,4,3,3,1,0,0,40,0
51,2,9,2,2,0,1,0,0,40,0
66,4,7,2,4,0,1,0,0,40,0
27,2,9,2,6,0,1,2885,0,40,0
37,0,14,0,9,1,0,0,0,40,0
40,2,10,0,12,1,1,0,0,40,0
49,2,8,0,6,1,0,0,0,40,0
39,2,14,2,13,0,1,0,0,40,0
47,2,13,2,11,0,1,0,0,40,1
37,2,7,2,2,0,1,0,0,50,0
21,2,7,5,11,1,0,0,0,30,0
51,0,13,2,4,0,1,5178,0,40,1
25,2,6,2,2,0,1,0,0,40,0
36,2,7,2,6,0,1,0,0,40,0
47,2,15,2,9,0,1,15024,0,50,1
33,2,14,4,9,1,1,0,0,40,0
45,5,9,2,2,0,1,0,0,40,0
35,2,12,5,11,4,1,0,0,40,0
20,0,9,4,7,1,0,0,0,40,0
41,2,9,2,12,0,1,0,0,40,0
19,2,10,4,0,3,1,0,0,10,0
39,5,13,4,9,1,1,0,0,40,1
47,2,11,2,9,0,1,0,0,40,1
45,1,9,2,2,0,1,0,0,40,1
42,2,9,2,0,0,1,0,0,55,1
18,2,10,4,5,3,1,0,0,30,0
24,2,10,4,7,3,0,0,0,25,0
46,2,3,2,5,0,1,0,0,25,0
51,2,13,0,3,1,1,0,2559,50,1
24,2,10,2,3,0,1,0,0,50,0
46,1,13,2,2,0,1,0,0,50,1
55,2,9,0,7,4,0,0,0,40,0
40,4,15,2,9,0,1,0,0,60,1
23,2,10,4,11,3,1,0,0,45,0
45,2,5,5,7,4,0,0,0,40,0
17,2,7,4,8,3,0,0,0,40,0
39,2,13,2,3,0,1,0,0,40,1
51,2,9,3,6,1,1,0,0,50,0
23,2,12,4,7,3,1,0,0,44,0
27,2,9,2,5,0,1,0,0,50,0
39,4,9,2,2,0,1,0,0,40,0
23,2,9,2,2,0,1,0,0,40,0
45,3,14,2,11,0,1,0,1902,40,1
50,4,13,2,4,0,1,0,0,80,0
51,2,10,0,8,4,0,0,0,35,0
90,2,7,4,5,3,1,0,0,40,0
60,2,9,2,7,0,1,0,0,40,0
24,2,10,2,11,0,1,0,0,40,0
48,2,7,0,7,1,0,0,0,34,0
51,2,13,2,9,0,1,0,0,50,1
23,2,13,4,9,3,1,0,0,40,0
27,3,9,4,11,1,1,0,0,50,0
29,2,10,4,2,3,1,0,0,40,0
37,4,14,4,3,1,1,0,0,60,0
36,1,9,2,3,0,1,0,0,40,0
39,2,13,2,0,0,1,0,0,40,1
40,4,11,2,3,0,1,0,0,40,1
58,3,9,2,3,0,1,0,0,40,1
17,2,8,4,7,3,0,0,1721,25,0
32,2,11,2,11,0,1,0,0,40,0
40,2,10,2,11,0,1,0,0,60,1
61,2,9,2,11,0,1,0,0,48,0
28,1,14,2,9,5,0,0,0,20,1
41,3,13,2,9,0,1,15024,0,40,1
24,2,13,4,3,3,1,0,0,36,0
33,4,9,5,7,4,0,0,0,8,0
34,2,10,2,11,5,0,4386,0,20,0
18,2,7,4,11,3,0,0,0,30,0
44,2,9,0,6,1,0,0,0,40,0
68,4,10,0,13,1,0,0,0,20,0
20,2,10,4,5,3,1,0,0,25,0
60,2,13,2,3,0,1,7298,0,40,1
47,0,9,5,0,4,0,0,0,40,0
18,1,4,4,4,3,1,0,0,40,0
37,2,13,4,3,1,1,0,0,60,1
26,2,10,2,6,0,1,0,0,40,0
40,2,10,4,0,1,0,0,0,40,0
40,1,12,4,9,1,1,0,0,40,1
24,2,9,4,4,3,1,0,0,98,0
36,2,9,0,3,1,0,0,0,40,0
47,2,9,4,0,2,0,0,0,40,0
49,2,13,2,11,0,1,0,0,50,1
38,2,8,0,2,1,1,0,0,40,0
40,2,10,5,3,4,0,0,0,20,0
31,2,12,2,12,0,1,0,0,46,0
19,2,10,4,11,2,0,0,0,25,0
40,2,9,0,2,1,1,0,0,40,0
40,2,9,4,6,1,0,0,0,40,0
64,4,9,2,11,0,1,0,0,35,0
36,3,10,2,3,0,1,0,0,40,1
22,2,13,2,0,3,0,2885,0,25,0
42,1,12,0,10,1,1,0,0,48,1
55,2,10,6,7,1,0,0,0,35,0
70,1,9,6,0,1,0,0,0,12,0
59,2,10,0,0,4,0,0,0,40,0
43,4,7,2,7,0,1,0,0,40,0
35,5,9,2,10,0,1,0,0,40,0
23,5,10,5,9,1,0,0,0,20,0
28,2,13,4,2,1,1,0,0,60,0
34,2,13,4,11,1,1,0,0,38,0
27,0,12,2,0,0,1,4064,0,40,0
35,1,14,4,9,3,0,0,0,25,0
31,2,9,2,13,0,1,0,0,40,0
17,2,6,4,11,3,0,0,0,20,0
56,2,4,2,13,0,1,0,0,40,0
59,4,15,2,11,0,1,0,0,25,0
51,1,1,2,7,0,1,0,0,40,0
21,2,10,4,7,3,1,0,0,30,0
49,0,10,0,3,1,0,0,0,50,0
43,2,13,0,9,1,0,0,0,38,0
23,2,7,4,2,3,1,0,0,60,0
46,2,12,2,2,0,1,0,0,40,1
18,2,10,4,7,3,0,0,0,20,0
81,4,13,6,9,1,0,0,1668,3,0
20,2,10,4,7,3,0,0,0,25,0
29,2,10,2,2,0,1,0,0,40,0
19,2,9,4,7,3,0,0,0,14,0
21,2,9,4,4,1,1,0,0,40,0
70,2,9,6,0,4,0,0,0,5,0
32,1,9,4,13,1,1,0,0,40,0
54,2,10,0,0,4,0,0,0,40,0
23,2,13,4,3,1,1,0,0,40,0
20,2,9,4,11,1,1,0,0,30,0
40,2,14,2,9,5,0,15024,0,50,1
17,2,4,4,4,2,1,0,0,40,0
29,2,11,0,0,1,0,0,0,40,0
56,2,13,2,11,0,1,7688,0,45,1
43,2,9,2,2,0,1,0,0,40,0
61,2,9,2,2,0,1,0,0,40,1
29,2,15,4,9,1,0,0,0,55,0
33,2,9,4,0,1,0,0,0,50,0
43,2,9,2,3,0,1,15024,0,50,1
47,5,13,2,3,0,1,0,0,40,1
25,2,9,4,3,3,1,0,0,25,0
38,1,13,2,9,5,0,7688,0,40,1
28,2,6,4,7,4,0,0,0,15,0
30,2,9,2,12,0,1,0,0,40,1
41,2,10,0,0,1,0,0,0,40,0
32,2,9,0,11,1,1,0,0,50,0
19,2,9,4,11,3,0,0,0,25,0
28,1,9,2,2,0,1,0,0,40,0
27,5,13,4,9,1,0,0,0,60,0
20,2,10,4,7,3,1,0,0,20,0
39,4,5,2,2,0,1,0,0,40,0
30,2,13,2,0,0,1,7298,0,40,1
38,2,14,2,9,0,1,0,0,35,1
29,2,10,2,2,0,1,0,0,60,0
17,2,6,4,4,3,1,0,0,20,0
49,5,14,2,9,0,1,0,0,45,1
34,3,10,2,2,0,1,0,0,70,0
55,2,5,2,6,5,0,0,0,40,0
47,2,7,0,13,1,0,0,0,40,0
50,2,14,2,9,5,0,0,0,38,0
52,2,9,2,6,0,1,2105,0,40,0
32,2,9,0,0,4,0,0,0,40,0
33,2,13,2,3,5,0,0,0,40,1
49,2,9,5,0,4,0,0,0,40,0
40,2,9,2,6,0,1,0,0,40,0
35,2,9,0,11,1,1,27828,0,60,1
28,2,9,4,5,3,1,0,0,40,0
20,2,10,4,11,1,0,0,0,25,0
27,2,10,3,11,1,0,0,0,25,0
44,2,9,2,2,0,1,0,0,40,0
23,2,13,4,3,4,0,0,0,30,0
62,1,10,0,7,1,1,0,0,45,0
21,4,9,4,4,3,1,0,0,25,0
49,1,14,2,9,0,1,7298,0,40,1
19,2,10,4,0,3,1,0,0,20,0
17,2,8,4,7,3,0,0,0,16,0
57,2,9,0,2,1,1,0,0,40,0
58,5,13,6,12,4,0,0,0,40,1
43,2,10,2,2,0,1,0,0,40,1
31,2,14,2,3,5,0,0,0,40,1
34,4,15,4,9,1,0,0,0,60,1
55,2,9,2,7,0,1,0,0,40,0
45,1,12,0,12,3,1,0,0,40,0
37,2,9,2,6,0,1,0,0,40,0
42,4,10,2,4,0,1,0,0,60,0
31,2,7,2,2,0,1,0,0,40,0
39,4,9,2,2,0,1,0,0,40,0
60,3,5,2,2,0,1,0,0,45,1
41,2,7,2,2,0,1,0,0,50,0
54,2,11,2,2,0,1,5013,0,40,0
36,2,10,2,0,5,0,0,0,40,0
40,4,9,2,7,0,1,0,0,45,0
32,2,13,4,13,1,1,0,0,40,0
59,2,14,4,11,1,0,27828,0,45,1
18,2,7,4,7,3,0,0,0,22,0
20,2,10,4,0,4,0,0,0,35,0
48,1,10,0,3,1,0,0,0,52,0
45,1,13,0,10,1,1,0,0,40,1
50,2,9,2,2,0,1,0,0,40,0
36,2,13,2,3,0,1,0,0,50,0
38,2,12,2,9,0,1,0,0,40,1
62,6,10,2,0,5,0,0,0,16,0
35,2,10,0,0,1,0,0,0,40,0
53,2,13,2,11,0,1,0,1485,40,1
54,2,9,2,2,0,1,0,0,44,0
28,2,13,4,9,1,1,0,0,50,1
64,2,9,2,2,0,1,0,0,50,0
20,2,10,4,11,3,0,0,0,15,0
43,2,9,2,5,5,0,0,0,48,1
62,3,13,2,3,0,1,0,1902,55,1
30,3,13,4,3,1,1,0,0,40,0
19,4,9,4,7,3,1,0,0,53,0
20,2,8,4,7,3,0,0,0,25,0
53,1,13,0,9,1,0,0,1876,54,0
55,4,4,4,7,2,0,0,0,60,0
31,2,9,2,7,0,1,0,0,40,0
36,2,9,4,3,1,0,0,0,38,0
21,2,10,4,0,1,0,0,0,40,0
46,4,13,2,11,0,1,0,0,60,1
58,1,13,2,9,0,1,0,0,40,0
53,2,10,2,13,0,1,0,1887,45,1
53,2,9,6,6,4,0,0,0,38,0
24,2,10,4,11,2,1,0,0,20,0
43,4,13,2,9,0,1,0,1977,40,1
51,0,13,6,9,1,0,0,0,40,0
54,0,10,2,10,0,1,0,0,48,1
17,2,6,4,7,3,0,0,0,15,0
26,2,13,4,0,3,1,0,0,30,0
49,2,9,0,0,4,0,0,0,37,0
67,4,4,2,4,0,1,0,0,40,0
47,1,14,4,9,1,0,0,0,45,1
25,2,9,2,4,0,1,0,0,50,0
45,2,9,2,13,0,1,0,0,40,1
48,2,12,0,0,4,0,0,0,40,0
41,2,10,4,4,1,1,0,0,40,0
22,2,9,4,0,1,0,0,0,55,0
18,2,9,4,3,1,0,0,0,30,0
33,2,11,0,9,4,0,0,0,40,0
20,2,8,4,11,1,0,0,0,55,0
32,2,14,4,3,1,0,0,0,40,0
73,2,11,6,9,1,1,25124,0,60,1
45,2,9,4,5,2,1,0,0,40,0
20,5,10,4,0,3,0,0,0,25,0
39,2,12,2,3,5,0,15024,0,45,1
33,2,9,2,13,0,1,5178,0,55,1
26,1,13,4,9,1,0,0,0,40,0
41,2,9,4,11,4,0,0,0,40,0
60,2,9,2,2,0,1,0,0,40,0
55,4,13,2,11,0,1,0,0,40,1
38,2,10,6,3,1,0,0,0,40,1
44,0,10,2,9,0,1,0,0,40,1
49,2,9,2,2,0,1,0,0,40,1
47,3,13,2,3,0,1,0,0,50,1
23,2,12,4,2,2,1,0,0,40,0
31,2,9,5,0,1,1,0,0,45,0
48,2,12,2,13,0,1,0,0,45,0
23,2,13,4,9,3,1,0,0,40,0
17,2,5,4,7,3,1,1055,0,24,0
61,1,9,2,5,0,1,0,0,40,0
41,2,10,2,3,0,1,0,0,60,1
22,2,9,2,7,3,1,0,0,40,0
27,1,11,4,12,3,0,0,0,38,0
28,5,9,5,7,3,0,0,0,11,0
21,2,10,4,11,4,1,0,0,60,0
24,2,9,5,6,1,1,0,0,40,0
64,4,9,6,7,2,0,0,0,40,0
33,5,10,0,0,4,0,0,0,45,0
28,2,9,4,5,1,1,0,0,50,0
55,2,9,5,6,1,1,4865,0,45,0
45,2,10,0,3,1,0,0,0,40,0
32,3,13,2,11,0,1,0,0,45,0
43,2,10,0,9,4,1,0,0,45,0
26,2,9,2,9,0,1,0,0,30,0
17,2,5,4,5,3,1,0,1719,15,0
31,2,9,4,5,1,1,0,0,30,0
55,4,13,2,3,0,1,0,0,50,0
30,2,10,4,3,3,0,0,0,40,0
37,2,7,3,7,2,1,0,0,40,0
40,2,13,2,3,0,1,0,0,50,1
34,2,9,0,2,1,1,6849,0,55,0
39,2,13,4,3,1,1,0,0,60,0
49,2,10,2,11,5,0,0,0,40,1
23,2,10,0,3,4,0,0,0,25,0
57,2,16,2,12,0,1,0,1977,40,1
31,2,10,2,0,0,1,0,0,40,0
17,3,6,4,2,3,1,0,0,40,0
29,2,13,2,9,0,1,0,0,50,1
27,1,9,2,12,0,1,0,0,50,1
37,2,14,4,9,1,0,0,0,38,1
64,2,10,2,3,0,1,0,0,40,0
43,2,12,4,2,4,0,0,0,40,0
36,2,13,4,2,1,1,0,0,35,0
36,2,6,2,6,3,0,3464,0,40,0
37,2,9,2,2,0,1,0,0,40,1
38,2,10,2,3,2,1,0,0,50,1
44,4,6,2,7,0,1,0,0,70,0
54,4,13,2,11,0,1,0,0,40,0
31,2,10,5,11,4,1,0,0,40,0
22,2,11,4,2,3,1,0,0,40,0
51,2,9,4,0,1,0,0,0,35,0
20,2,3,4,5,2,1,0,0,40,0
64,2,2,2,13,0,1,0,0,40,0
53,0,9,2,0,0,1,0,0,40,0
47,2,9,2,5,0,1,0,0,40,1
39,0,9,6,9,4,0,0,0,60,0
29,2,12,4,11,3,0,0,0,40,0
46,2,9,2,6,0,1,0,0,43,1
30,4,9,2,4,0,1,0,0,85,0
32,0,13,2,3,5,0,0,1977,40,1
59,2,9,2,2,0,1,0,0,40,0
51,5,13,0,3,1,1,0,0,60,1
21,2,8,4,6,3,1,0,0,25,0
39,2,13,0,11,1,0,0,0,40,0
45,2,9,5,0,4,0,0,0,38,0
40,2,10,0,11,4,0,0,1741,40,0
62,2,6,2,6,0,1,0,0,40,0
29,2,9,2,7,5,0,0,1902,35,1
30,2,9,4,11,3,1,0,0,40,0
50,2,14,2,2,0,1,0,1902,45,1
17,2,6,4,7,3,0,0,0,10,0
43,2,9,2,6,0,1,0,0,44,0
26,2,8,4,2,1,1,0,0,40,0
19,2,10,4,10,3,1,0,0,30,0
29,2,10,4,12,3,0,0,0,40,0
49,2,11,0,7,4,0,0,0,20,0
21,2,9,4,7,3,1,0,0,40,0
53,2,14,2,3,0,1,15024,0,55,1
34,2,10,4,3,1,1,0,0,45,0
28,2,10,4,7,1,1,0,0,40,0
19,2,10,4,7,3,0,0,0,15,0
28,2,10,4,11,3,1,0,0,35,0
48,5,14,2,9,0,1,15024,0,40,1
29,2,9,2,13,0,1,0,0,40,0
33,2,9,2,11,0,1,0,1977,45,1
67,3,13,2,11,0,1,0,0,50,1
24,2,10,4,5,2,1,0,0,40,0
48,2,6,2,13,0,1,0,0,40,1
22,2,9,4,6,3,1,0,0,40,0
42,2,9,0,0,3,0,0,0,40,0
22,2,10,4,5,3,1,0,0,25,0
46,4,9,2,11,0,1,0,0,40,1
19,2,10,4,3,1,0,0,0,20,0
24,2,13,4,11,3,0,0,0,35,0
48,1,12,5,0,1,0,0,0,40,0
44,3,11,2,11,0,1,0,0,45,1
40,1,9,2,13,0,1,0,0,55,0
29,2,9,2,11,0,1,0,1887,55,1
46,2,9,2,11,5,0,0,0,40,1
35,2,9,2,13,0,1,0,0,40,0
21,2,10,4,5,1,1,0,0,40,0
20,2,10,4,7,3,0,0,0,18,0
35,2,9,0,11,1,0,0,0,50,0
50,3,15,2,9,0,1,0,0,40,0
44,2,9,2,2,0,1,0,0,40,1
45,2,9,5,3,1,0,0,0,40,0
38,2,5,3,3,1,1,0,0,54,0
32,3,13,4,3,1,1,0,0,55,0
55,1,14,4,9,1,0,0,0,45,0
32,2,10,0,11,4,0,0,0,40,0
37,2,9,2,2,0,1,0,0,40,0
33,2,10,4,5,3,1,0,0,24,0
21,2,9,4,11,3,0,0,0,24,0
44,2,9,4,11,1,0,0,0,40,0
40,2,14,4,11,1,1,0,0,50,1
21,2,11,4,12,3,0,0,0,30,0
36,2,13,2,3,0,1,0,0,40,0
42,4,10,2,2,0,1,0,0,45,1
34,2,9,2,2,0,1,0,0,55,1
55,3,11,2,3,0,1,0,0,60,0
18,2,9,4,7,1,0,0,0,30,0
54,2,9,0,3,4,0,0,0,45,0
53,2,4,2,3,0,1,0,0,40,1
60,4,9,2,7,5,0,0,0,50,0
18,2,8,4,7,3,1,0,0,20,0
60,2,10,2,2,0,1,0,0,45,0
38,2,9,2,2,0,1,0,0,48,0
18,2,9,4,11,3,1,0,0,20,0
44,2,9,0,0,4,0,0,0,40,0
40,2,13,0,3,1,1,0,2559,55,1
55,2,4,2,0,0,1,0,0,75,0
39,2,9,2,13,0,1,7298,0,48,1
17,1,7,4,9,3,0,0,0,20,0
38,2,10,5,7,4,0,0,0,40,0
20,2,9,4,6,3,1,0,0,40,0
33,2,10,4,11,3,1,0,0,45,0
41,2,13,2,3,0,1,0,1902,60,1
35,2,9,4,2,1,1,0,0,40,0
35,4,13,2,2,0,1,0,0,7,0
19,2,7,4,2,1,1,0,0,56,0
46,2,14,0,3,4,0,0,0,8,0
30,5,13,2,10,0,1,0,0,72,1
22,2,9,4,2,1,1,0,0,50,0
31,2,13,4,4,1,1,0,0,40,0
68,3,13,2,11,0,1,0,0,40,1
56,3,15,2,9,0,1,99999,0,45,1
42,1,10,0,12,4,0,0,0,32,0
31,2,10,2,2,0,1,0,0,40,0
31,2,9,4,11,4,0,0,0,25,0
38,2,13,2,3,0,1,7688,0,55,1
43,2,10,2,11,0,1,3103,0,40,1
30,1,12,4,10,1,1,0,0,40,0
47,3,15,2,9,0,1,0,2415,45,1
24,2,6,4,11,4,0,0,0,40,0
23,2,10,4,8,1,0,0,0,6,0
21,2,9,4,2,1,1,0,0,40,0
44,2,9,2,2,0,1,0,0,45,1
28,4,9,4,3,3,1,0,0,40,0
18,2,9,4,2,2,1,0,0,32,0
27,2,13,4,11,3,1,0,0,35,0
68,4,10,2,2,0,1,0,0,10,0
61,2,7,2,7,0,1,0,0,40,1
44,5,13,4,4,1,1,0,0,40,0
35,2,9,4,5,1,0,0,0,40,0
29,0,11,4,9,1,0,0,0,40,0
23,2,9,4,0,3,1,0,0,30,0
47,4,9,2,3,5,0,0,0,36,0
67,1,13,0,0,4,0,6360,0,35,0
29,2,10,2,12,0,1,0,0,40,0
23,2,10,4,7,3,0,0,0,15,0
38,1,10,4,9,3,1,0,0,40,0
61,2,5,2,6,0,1,0,0,20,0
24,2,9,4,6,2,0,0,0,30,0
28,2,9,0,5,3,1,0,0,40,0
53,2,9,0,8,1,0,0,0,50,0
28,2,14,4,12,1,0,0,0,40,0
51,2,9,0,0,1,0,0,0,43,0
53,2,14,2,3,0,1,15024,0,65,1
42,2,9,0,7,1,0,0,0,25,0
29,2,10,2,0,5,0,0,0,50,0
49,3,9,0,3,4,0,0,0,40,0
56,2,10,2,2,0,1,0,0,40,1
35,2,9,0,6,4,0,0,0,40,0
25,2,9,2,3,0,1,7298,0,84,1
39,5,16,2,9,0,1,0,0,50,1
30,4,15,4,9,3,1,0,0,40,0
27,2,14,4,5,4,1,0,0,30,0
73,4,9,2,4,0,1,0,2457,40,0
25,2,10,4,11,3,1,0,0,40,0
30,2,11,0,0,4,0,0,0,24,0
57,4,9,6,2,1,1,0,0,55,1
59,4,9,2,11,5,0,0,0,42,0
20,2,10,4,0,3,0,0,0,46,0
22,2,9,4,11,1,0,0,0,40,0
17,2,6,4,11,3,0,0,0,24,0
20,2,11,4,4,3,1,0,0,40,0
65,4,14,2,9,0,1,0,0,16,0
33,5,13,4,0,4,0,0,0,40,0
58,1,13,4,9,1,0,0,0,40,0
26,2,9,2,13,0,1,0,0,50,0
29,2,10,4,0,3,0,0,0,50,0
32,5,9,4,13,3,1,0,0,40,0
23,2,10,2,7,0,1,0,0,40,0
29,1,14,2,9,0,1,0,0,40,0
28,2,10,4,7,3,0,0,0,50,0
19,2,10,4,7,3,0,0,0,15,0
47,4,13,2,3,0,1,0,0,30,0
20,2,5,4,6,3,1,0,0,40,0
34,2,10,2,3,0,1,0,0,40,0
49,4,9,0,11,1,1,0,0,40,0
66,4,6,2,3,0,1,0,0,30,0
32,2,13,2,3,0,1,0,0,48,1
58,2,9,6,0,1,0,0,0,40,1
17,2,7,4,0,3,0,0,0,12,0
64,2,10,6,0,1,0,0,0,40,0
26,2,9,4,0,3,0,0,0,45,0
33,2,9,0,2,3,0,0,0,42,0
45,2,4,4,7,1,1,0,0,10,0
29,2,9,5,11,4,0,0,0,25,0
39,3,10,0,2,1,1,0,0,99,0
46,4,11,2,2,0,1,0,0,40,1
42,5,13,0,0,1,1,0,0,40,0
34,2,13,4,7,1,0,0,0,35,0
39,4,7,2,13,0,1,0,0,40,0
55,2,13,2,6,0,1,0,0,40,0
30,2,9,0,11,4,0,0,0,54,0
47,2,9,2,7,5,0,0,0,38,0
34,1,10,4,10,1,1,0,0,50,1
17,2,7,4,11,3,0,0,0,15,0
32,2,9,0,7,3,0,0,0,40,0
33,2,13,4,9,1,1,0,0,50,1
38,2,9,2,7,5,0,0,0,43,0
40,2,10,0,3,1,1,0,0,45,0
22,2,9,4,7,3,1,0,0,50,0
68,4,9,2,4,0,1,0,0,50,1
33,2,13,2,9,0,1,0,0,60,1
35,2,13,2,9,5,0,0,0,15,1
30,2,10,2,7,5,0,0,0,6,0
56,2,10,0,2,1,1,0,0,40,0
23,2,9,4,7,1,1,0,2339,45,0
46,2,9,2,11,0,1,0,0,68,1
22,2,9,4,13,3,1,0,0,40,0
38,2,9,4,3,1,0,0,0,35,0
45,2,10,4,11,1,1,0,0,40,0
33,2,8,2,2,0,1,0,0,16,0
36,2,10,0,7,4,0,0,0,40,0
32,2,13,4,9,1,1,0,0,40,0
37,2,10,4,12,4,0,4934,0,60,1
31,0,11,4,9,3,1,0,0,40,0
45,2,9,2,11,0,1,0,0,55,1
22,2,9,4,5,3,1,0,0,16,0
32,2,11,2,6,0,1,0,0,40,0
28,1,12,4,0,1,0,0,0,40,0
35,2,12,2,2,0,1,0,0,60,0
68,2,10,2,2,0,1,0,1735,48,0
50,2,13,2,12,0,1,0,0,40,0
61,2,10,4,12,3,1,0,0,16,0
23,2,9,4,7,1,1,0,0,40,0
51,2,9,2,11,0,1,0,2002,45,0
58,4,9,0,3,1,1,0,0,70,0
46,1,10,2,9,0,1,0,0,24,0
19,2,10,4,0,3,0,0,2001,40,0
25,2,13,2,3,0,1,0,0,43,0
19,2,10,4,11,3,0,0,0,30,0
33,2,2,2,5,0,1,0,0,40,0
25,2,10,2,0,0,1,0,0,40,0
39,2,10,2,5,0,1,0,0,50,0
25,0,9,4,0,3,1,0,0,40,0
44,2,10,2,11,0,1,0,0,40,1
41,1,13,0,9,4,1,0,0,65,0
40,2,10,2,6,0,1,0,0,43,0
53,2,14,2,3,0,1,0,0,40,1
41,2,5,2,12,5,0,0,0,80,0
42,4,13,2,3,0,1,0,0,45,1
48,2,9,5,2,4,1,0,0,45,0
44,0,9,0,2,1,1,0,0,40,0
34,5,9,4,7,3,0,0,0,40,0
23,2,10,4,5,3,1,0,0,35,0
38,2,10,2,11,0,1,0,1977,60,1
29,2,7,4,2,1,1,0,0,45,0
41,2,13,0,0,4,0,0,0,33,0
44,2,16,2,3,5,0,15024,0,32,1
20,2,10,4,13,3,0,0,0,40,0
63,4,4,2,4,0,1,0,0,30,0
55,1,9,2,5,0,1,0,0,40,0
26,2,9,4,7,1,1,0,0,40,0
24,1,9,2,2,0,1,0,0,60,1
50,2,10,2,4,0,1,0,0,40,1
59,2,9,2,7,0,1,0,0,40,0
46,2,10,2,2,0,1,0,0,40,0
38,1,9,4,10,4,1,0,0,40,0
34,4,9,0,3,1,1,0,0,60,1
42,5,9,4,0,1,0,0,0,38,0
61,2,15,2,3,0,1,0,0,20,0
38,2,13,2,12,5,0,0,0,24,0
31,2,9,2,6,0,1,0,0,40,0
20,2,10,4,0,3,0,0,0,40,0
46,2,10,2,3,0,1,0,0,48,1
39,4,9,2,4,0,1,0,0,40,0
61,4,9,2,11,0,1,0,0,63,0
47,1,14,0,10,1,1,0,0,50,1
29,2,9,5,0,4,0,0,0,40,0
57,2,13,2,11,5,0,0,0,40,0
36,4,11,2,4,0,1,0,0,60,1
35,2,11,2,0,5,0,0,0,40,1
19,4,10,4,7,3,0,0,0,25,0
45,3,9,2,11,0,1,0,0,40,0
50,3,14,2,11,0,1,0,0,40,1
30,2,14,2,3,0,1,15024,0,60,1
51,2,9,0,0,1,0,0,0,40,0
47,2,10,4,11,1,1,13550,0,45,1
51,2,10,2,3,0,1,0,1887,65,1
31,2,13,4,11,1,1,0,0,48,0
17,2,7,4,5,3,1,0,0,16,0
50,2,9,6,11,4,0,0,0,40,0
22,2,10,4,0,1,0,0,0,40,0
37,2,10,2,11,0,1,0,0,40,1
42,1,12,2,0,5,0,0,0,35,1
29,2,9,2,13,0,1,0,0,70,0
26,2,13,4,9,4,0,0,0,35,0
21,1,10,4,7,1,0,0,0,32,0
49,2,9,2,11,0,1,0,0,40,1
34,2,9,4,6,1,0,0,0,45,0
47,2,4,5,2,4,1,0,0,40,0
59,2,13,2,0,5,0,2885,0,30,0
19,2,9,4,11,1,1,2907,0,30,0
23,2,9,4,5,3,1,0,0,24,0
19,2,10,4,5,3,1,0,0,10,0
55,2,6,4,7,1,1,0,0,29,0
33,2,9,4,0,1,0,0,0,40,0
55,2,10,2,0,0,1,0,0,25,0
31,2,9,6,2,4,0,0,0,40,0
25,2,10,4,11,3,1,0,0,24,0
30,2,10,0,6,1,1,0,0,50,0
36,0,12,2,0,5,0,0,0,40,1
90,0,9,2,2,0,1,0,0,30,0
65,3,16,2,3,0,1,99999,0,40,1
35,2,13,2,0,5,0,0,0,40,0
24,2,10,4,0,3,0,0,0,30,0
26,2,10,2,6,0,1,0,0,40,0
34,2,9,2,9,0,1,0,0,39,0
43,3,10,2,3,0,1,0,0,92,1
25,2,9,4,6,3,0,0,0,50,0
55,2,9,2,10,0,1,0,0,40,0
52,3,15,2,9,0,1,0,0,60,1
33,2,13,2,2,0,1,0,0,45,0
34,2,13,2,9,5,0,0,0,50,1
50,2,9,2,11,5,0,0,0,15,0
57,2,10,2,2,0,1,0,0,40,1
26,2,9,4,13,3,1,0,0,40,0
53,2,7,2,6,0,1,0,0,48,1
62,4,4,6,4,2,0,0,0,35,0
55,5,14,2,3,0,1,0,0,45,1
37,2,13,0,3,1,1,0,0,40,0
21,2,10,2,11,0,1,0,0,40,0
50,1,9,2,2,0,1,0,1977,35,1
25,2,9,4,6,4,1,0,0,45,0
50,2,9,2,9,0,1,0,0,40,1
44,2,15,2,9,0,1,0,0,29,1
29,2,10,2,13,0,1,0,0,35,0
28,2,8,2,5,0,1,0,0,40,0
59,3,15,2,9,0,1,99999,0,40,1
62,1,13,2,3,0,1,0,0,40,1
22,2,10,4,6,3,1,0,0,40,0
72,2,10,6,7,1,0,0,0,35,0
21,5,10,4,3,3,1,0,0,40,0
23,5,10,4,9,1,1,0,0,40,0
51,3,14,2,3,0,1,0,0,50,1
55,2,9,0,3,1,1,0,0,60,1
24,2,9,4,11,3,1,0,0,35,0
33,2,9,2,0,5,0,0,0,40,0
58,1,10,4,9,1,0,0,0,55,0
59,2,6,5,8,1,0,0,0,30,0
61,2,9,0,0,2,0,0,0,35,0
41,2,6,0,5,4,0,0,0,40,0
28,2,9,5,2,3,1,0,0,40,0
69,2,4,6,7,1,0,1086,0,20,0
47,2,13,2,3,0,1,0,0,38,1
41,1,14,4,9,3,0,8614,0,50,1
32,3,13,2,2,0,1,0,0,50,0
27,2,12,2,13,0,1,0,0,45,0
54,2,10,2,11,0,1,0,0,40,1
27,2,13,4,9,1,1,0,0,40,0
60,0,13,2,9,0,1,0,0,40,1
70,2,13,2,5,0,1,6418,0,40,1
23,2,9,2,2,0,1,0,0,40,0
34,2,11,2,6,0,1,0,0,40,0
38,4,7,2,7,0,1,0,0,60,0
30,2,9,0,0,4,0,0,0,35,0
56,1,14,0,9,1,0,0,0,40,0
37,5,9,5,7,4,0,0,0,40,0
44,2,4,2,6,5,0,0,0,40,0
35,2,6,4,0,3,1,0,0,40,0
31,5,10,2,10,0,1,0,0,50,0
38,2,14,2,9,0,1,0,0,25,0
32,4,9,2,13,0,1,0,0,40,0
47,2,13,2,3,0,1,0,0,50,1
35,2,11,4,7,1,0,0,0,65,0
48,2,11,2,7,0,1,0,0,56,1
28,4,4,4,7,2,0,0,0,99,0
57,5,10,2,9,0,1,0,0,40,1
72,3,15,2,9,0,1,20051,0,48,1
25,2,10,4,9,1,0,0,0,8,0
45,4,4,2,3,0,1,0,0,55,1
72,4,9,2,4,0,1,2653,0,42,0
66,2,10,4,0,3,0,0,0,40,0
75,4,11,6,3,1,0,0,0,30,0
33,2,9,2,6,0,1,0,0,40,1
35,2,13,2,3,0,1,0,0,55,1
24,5,10,2,9,5,0,0,0,50,0
67,4,9,2,4,0,1,0,0,70,0
33,2,9,3,11,1,1,0,0,20,0
43,5,14,2,3,0,1,0,0,50,1
31,2,10,2,11,0,1,0,2051,57,0
55,2,10,0,12,1,1,0,0,40,0
66,2,4,0,7,2,0,0,0,40,0
28,2,9,0,5,4,0,0,0,36,0
35,2,9,4,13,3,1,0,0,55,0
26,3,9,5,11,4,0,0,0,20,0
52,2,9,0,13,1,1,0,0,40,0
27,2,10,4,0,1,0,0,0,60,0
37,2,13,2,9,0,1,0,0,50,1
47,2,13,5,9,4,0,0,0,50,0
31,1,9,4,0,3,0,0,0,40,0
33,2,11,0,7,4,0,0,0,40,0
48,3,16,2,3,5,0,0,0,40,1
61,2,7,6,5,1,0,0,0,30,0
33,2,11,4,3,1,1,0,0,55,1
33,3,9,2,3,0,1,0,0,50,1
69,4,4,2,11,0,1,0,0,55,0
37,5,9,2,6,0,1,0,0,40,1
28,2,10,4,5,1,1,0,0,47,0
29,2,9,2,2,0,1,0,0,40,0
51,2,9,2,10,0,1,0,0,40,0
31,2,10,4,0,1,0,0,0,40,0
44,2,10,0,13,3,1,0,1380,40,0
45,0,13,2,3,0,1,0,0,50,1
44,2,11,2,13,5,0,0,0,25,0
45,2,9,2,6,0,1,0,0,44,1
22,4,10,4,9,3,0,0,0,3,0
24,2,10,4,13,3,1,0,0,50,0
78,4,9,6,3,1,1,0,0,24,0
31,2,9,2,4,0,1,0,0,40,0
21,2,9,4,8,1,0,0,0,25,0
42,4,11,0,2,1,1,0,0,40,0
19,2,9,4,0,3,0,0,0,35,0
33,2,13,2,9,0,1,0,0,40,1
35,2,9,2,5,0,1,0,0,48,1
38,4,9,5,3,4,1,0,0,25,0
25,2,13,4,3,2,0,0,0,25,0
43,2,14,2,3,0,1,0,0,50,1
20,2,9,4,13,2,1,0,0,45,0
34,2,12,0,0,3,0,0,0,35,0
35,1,14,4,9,1,1,0,0,60,1
59,3,11,2,3,0,1,0,0,55,1
52,2,13,2,3,0,1,0,0,40,1
19,2,10,4,11,3,0,0,0,20,0
46,2,13,4,9,1,0,0,0,44,1
48,4,9,2,7,0,1,3411,0,70,0
47,2,14,4,9,1,0,0,0,25,0
64,3,6,2,13,0,1,0,0,50,0
55,5,10,2,2,0,1,0,0,43,1
39,2,9,4,13,1,1,0,0,40,0
22,2,13,4,11,1,0,0,0,40,0
54,2,9,2,2,0,1,0,2051,40,0
30,2,14,4,9,1,0,0,0,20,0
62,1,9,2,13,0,1,0,0,40,0
60,0,9,4,0,1,0,0,0,40,0
25,2,9,4,6,1,1,0,0,40,0
35,2,13,2,3,0,1,0,0,40,1
61,2,14,2,3,0,1,0,2246,50,1
41,2,14,2,9,0,1,0,0,45,1
29,2,13,2,11,0,1,0,0,41,0
24,2,3,4,6,2,1,0,0,40,0
21,2,12,4,7,1,1,0,0,35,0
36,2,10,4,3,1,1,0,0,40,0
48,2,13,0,11,1,1,0,0,40,1
64,2,9,2,12,0,1,0,0,60,1
38,2,10,2,13,0,1,5178,0,40,1
78,2,10,2,2,0,1,0,0,40,0
35,2,9,2,3,0,1,0,0,40,1
34,2,6,0,7,4,0,0,0,38,0
50,2,9,2,7,0,1,0,0,40,0
53,0,10,2,3,5,0,0,1887,40,1
33,0,11,2,12,0,1,0,0,40,1
53,1,9,0,0,2,0,0,0,35,0
45,2,14,4,0,1,0,0,0,40,0
51,2,7,2,6,0,1,0,0,48,1
26,2,6,2,5,0,1,0,0,40,0
20,3,10,2,6,0,1,0,0,40,0
29,2,10,4,0,1,0,0,0,60,0
48,5,13,0,0,4,0,0,0,40,0
31,1,10,2,10,0,1,15024,0,56,1
17,2,7,4,7,3,1,0,0,25,0
70,2,9,2,5,0,1,0,2174,40,1
59,4,9,2,13,0,1,0,0,40,1
49,5,10,2,7,0,1,0,0,70,1
44,4,14,2,3,5,0,0,1902,60,1
53,2,9,2,2,0,1,0,0,40,1
67,2,9,2,7,0,1,0,0,10,0
28,2,6,4,5,1,1,0,0,40,0
33,2,9,5,12,1,1,0,0,46,0
29,2,10,0,3,1,0,0,0,40,0
42,2,9,4,13,4,0,0,0,38,0
42,2,11,0,9,4,0,0,0,40,0
47,2,9,6,3,1,0,0,2444,50,1
31,2,13,4,9,4,0,0,0,36,0
25,2,9,5,3,4,0,0,0,40,0
22,2,10,5,7,3,0,0,0,40,0
31,4,10,2,2,0,1,0,0,60,0
18,2,7,4,11,3,1,0,0,15,0
24,5,12,2,0,0,1,0,0,30,0
39,2,9,2,7,5,0,5013,0,40,0
35,2,13,4,9,1,0,0,0,40,0
25,2,10,4,2,1,1,0,0,40,0
24,2,13,2,11,0,1,0,0,40,0
35,4,14,2,11,0,1,0,0,40,1
37,2,9,4,6,3,1,0,0,40,0
34,2,12,4,3,3,0,0,0,50,0
40,2,15,2,3,0,1,0,0,50,1
54,2,13,2,2,0,1,0,0,45,1
38,2,10,2,2,0,1,0,0,40,1
31,2,10,2,0,0,1,0,0,45,1
37,2,10,4,2,1,1,0,0,40,0
46,2,9,5,7,1,0,0,0,30,0
65,3,9,2,4,0,1,0,2352,65,0
35,4,13,2,3,0,1,0,0,50,1
43,2,9,2,12,0,1,0,0,40,1
51,2,14,2,9,0,1,0,1902,60,1
33,2,9,2,11,0,1,0,0,50,1
58,2,9,0,0,1,0,0,0,40,0
32,2,10,2,3,0,1,3464,0,40,0
58,2,10,4,4,1,1,0,0,40,0
23,2,9,4,2,1,1,0,0,40,0
50,2,7,2,2,0,1,0,0,40,0
43,2,10,4,0,1,0,0,0,50,0
34,2,13,5,3,1,0,0,0,35,0
60,2,9,2,11,0,1,0,0,40,1
33,4,13,2,2,0,1,0,0,35,0
48,2,14,2,9,0,1,0,0,40,1
52,2,9,4,0,1,0,0,0,40,0
47,2,6,2,11,0,1,0,2179,52,0
53,1,9,2,7,0,1,0,0,45,0
46,2,9,2,6,0,1,0,0,40,0
23,2,10,4,0,3,0,0,0,40,0
60,2,9,0,12,4,0,2597,0,40,0
30,2,7,2,6,0,1,0,0,40,0
47,2,9,0,2,1,1,0,0,42,0
25,2,10,2,2,0,1,0,0,60,1
27,2,9,2,2,0,1,0,0,40,0
27,2,9,4,3,1,0,0,0,50,0
26,5,13,4,9,3,1,0,0,40,0
31,2,13,4,11,1,1,0,0,40,0
41,2,9,4,13,1,1,0,0,40,0
41,1,10,0,2,1,1,0,0,40,0
17,2,8,4,8,3,0,0,0,18,0
58,0,9,4,0,2,1,0,0,40,0
27,3,9,4,3,1,1,0,0,50,0
31,2,10,4,2,1,1,0,0,40,0
53,2,9,6,6,1,0,0,0,40,0
33,2,9,0,6,1,1,0,0,49,0
24,2,9,2,6,1,0,0,0,40,0
34,2,9,2,3,0,1,0,1887,45,1
27,2,13,2,3,5,0,0,0,40,1
18,2,10,4,3,1,1,0,0,40,0
26,2,12,4,0,4,0,0,0,32,0
58,4,13,0,7,1,0,0,0,20,0
22,2,9,4,7,1,0,0,0,40,0
52,2,13,2,11,0,1,0,0,40,1
40,2,12,2,3,0,1,0,0,40,1
27,2,9,2,0,0,1,4386,0,40,1
36,2,9,4,2,1,1,0,1590,40,0
67,2,9,6,0,4,0,0,0,21,0
62,2,13,2,6,0,1,0,0,40,0
25,1,13,0,9,4,0,0,0,40,0
61,2,10,2,11,0,1,0,0,40,1
22,2,8,3,7,4,0,0,0,50,0
48,2,13,5,0,4,0,0,0,40,0
52,2,9,2,12,0,1,0,0,40,1
32,2,9,4,6,1,0,0,0,40,0
45,2,10,2,2,0,1,0,0,40,0
33,2,9,4,6,1,1,0,0,40,0
51,2,13,0,9,1,0,0,0,16,0
21,2,9,5,7,3,0,0,0,35,0
32,2,10,2,6,0,1,0,0,84,1
37,2,9,2,2,0,1,0,0,40,0
22,2,9,4,6,3,1,0,0,40,0
41,2,10,0,0,3,0,0,0,40,0
25,2,13,4,9,3,1,0,0,40,0
24,2,9,4,4,4,1,0,0,40,0
30,2,13,2,12,0,1,0,0,40,0
73,4,9,2,4,0,1,0,0,40,0
33,2,12,0,3,3,0,0,0,40,0
21,2,9,4,0,2,1,0,0,40,0
23,1,10,4,0,3,0,0,0,20,0
26,2,9,2,6,0,1,0,0,40,0
56,2,9,2,6,0,1,0,0,40,0
34,2,10,2,5,0,1,0,0,40,1
51,3,13,2,3,5,0,0,0,35,0
49,3,9,2,3,0,1,0,0,40,1
32,2,14,4,9,1,0,0,1590,40,0
48,1,14,5,0,4,0,0,0,40,0
31,2,9,2,13,0,1,0,0,38,0
28,2,4,4,0,3,1,0,0,40,0
34,2,10,0,0,4,0,2977,0,65,0
31,2,13,4,0,1,0,0,0,40,0
48,4,7,2,4,0,1,0,0,50,1
68,3,11,6,11,1,0,25124,0,50,1
31,2,15,4,9,1,1,0,0,50,0
31,4,6,4,13,1,1,0,2205,60,0
25,2,13,4,3,3,1,0,0,40,0
22,2,11,4,9,4,0,0,0,35,0
27,5,12,4,0,1,0,0,0,40,0
45,1,14,0,9,1,0,0,0,40,0
66,4,7,0,7,1,0,0,0,40,1
34,2,10,2,9,5,0,0,0,40,1
25,2,13,4,11,1,0,6849,0,50,0
38,2,13,2,9,5,0,0,0,24,1
47,4,15,2,9,0,1,15024,0,40,1
39,4,9,2,3,0,1,0,0,40,0
42,2,13,2,3,0,1,0,0,55,1
35,2,9,0,5,1,1,0,0,25,0
43,2,13,2,11,0,1,0,0,50,1
32,2,10,2,2,0,1,3103,0,40,1
63,2,9,2,2,0,1,0,0,48,0
38,2,13,4,11,4,0,0,0,45,0
67,4,9,2,0,5,0,0,0,2,0
28,3,9,4,3,1,1,0,0,65,1
17,2,8,4,11,3,0,0,0,23,0
22,2,10,2,3,0,1,0,0,45,0
37,2,10,2,5,0,1,0,0,50,0
50,2,13,2,3,0,1,0,1902,50,1
40,2,9,0,6,4,0,0,0,28,0
44,1,9,2,9,0,1,0,0,30,0
48,1,14,2,9,0,1,7688,0,50,1
27,4,9,4,10,1,1,0,0,30,0
54,4,13,2,3,0,1,0,0,40,1
20,2,10,4,5,3,1,0,0,25,0
58,2,14,2,9,0,1,0,0,35,1
17,2,7,4,11,3,0,0,0,9,0
27,0,9,4,2,3,1,0,0,20,0
21,2,10,4,0,3,0,0,0,10,0
19,2,9,4,11,3,1,0,0,50,0
23,4,9,2,4,0,1,0,0,40,0
34,2,9,0,4,1,1,0,0,40,0
19,2,10,4,6,3,1,0,0,20,0
23,2,10,5,11,4,0,0,0,35,0
23,2,10,4,11,1,0,0,0,20,0
59,2,7,0,7,1,0,0,0,35,0
23,2,9,4,0,1,0,0,0,40,0
42,1,13,2,9,0,1,5178,0,40,1
19,2,9,4,7,3,0,0,0,35,0
29,2,7,4,2,1,1,0,0,40,0
31,3,9,2,2,0,1,0,0,50,0
40,2,10,2,2,0,1,0,1887,68,1
24,2,9,2,13,0,1,0,0,40,0
38,3,10,0,3,1,1,0,0,45,0
36,2,11,0,12,4,0,0,0,40,0
22,2,13,4,0,3,0,4416,0,40,0
40,2,9,2,6,5,0,0,0,40,0
19,4,10,4,7,3,0,0,0,22,0
36,2,9,2,13,0,1,0,0,40,0
47,1,13,0,9,1,1,0,0,48,0
25,2,10,4,9,3,1,0,0,40,0
37,2,13,2,0,0,1,0,0,40,0
38,2,10,0,11,3,0,0,0,25,0
56,2,13,2,9,0,1,0,0,45,1
20,2,9,2,6,0,1,0,0,40,0
52,2,15,0,9,4,0,25236,0,44,1
33,2,9,0,5,3,1,0,0,45,0
46,2,9,2,11,0,1,5013,0,50,0
36,1,9,2,13,0,1,0,0,40,0
53,4,6,2,4,0,1,0,0,40,0
37,2,9,0,0,4,0,0,0,45,0
22,2,9,4,7,1,1,0,0,45,0
23,2,9,4,6,3,0,0,0,40,0
34,2,9,2,7,0,1,0,0,20,0
23,2,9,4,7,3,1,0,0,35,0
21,2,9,4,6,3,1,0,0,40,0
42,2,8,4,4,3,1,0,0,40,0
24,2,9,4,5,3,1,0,0,40,0
64,2,9,2,4,0,1,0,0,25,0
18,2,7,4,7,3,1,0,0,20,0
24,2,10,4,11,3,1,0,0,10,0
42,2,11,5,11,4,0,0,0,25,0
21,2,10,4,11,2,0,0,0,40,0
36,2,9,0,3,4,1,0,0,45,0
47,4,11,5,3,4,0,0,0,40,0
30,4,10,4,11,3,1,0,0,25,0
18,2,8,4,0,3,0,0,0,30,0
63,2,11,0,3,1,1,0,1408,40,0
51,2,12,2,3,0,1,0,0,45,1
49,2,10,2,11,0,1,7688,0,40,1
55,1,4,4,7,4,0,0,0,40,0
24,2,3,3,4,1,1,0,0,40,0
30,2,7,4,5,3,1,0,0,40,0
31,2,10,0,7,3,0,0,0,35,0
33,2,10,0,0,4,0,0,0,40,0
38,4,15,4,9,1,1,0,0,60,1
34,2,10,2,2,0,1,0,0,60,1
21,2,6,4,7,3,1,0,0,25,0
38,2,10,2,13,0,1,7298,0,50,1
63,2,10,2,2,0,1,10566,0,45,0
51,0,10,2,3,0,1,0,0,40,1
26,2,9,4,13,1,1,0,0,40,0
53,2,10,2,13,0,1,0,0,60,1
23,2,10,2,7,0,1,0,0,20,0
31,2,9,2,7,0,1,0,0,40,0
21,2,10,4,6,2,1,0,0,35,0
19,2,10,4,0,2,0,0,0,38,0
30,2,10,2,3,0,1,0,0,45,1
25,2,3,4,6,1,1,0,0,40,0
30,2,9,0,2,1,1,0,0,30,0
44,2,10,5,6,1,1,0,0,40,0
33,4,10,2,2,0,1,0,0,50,0
20,2,9,4,7,1,0,0,0,30,0
58,5,9,2,2,0,1,0,0,40,0
24,2,13,2,9,0,1,0,0,40,0
44,2,9,2,3,0,1,0,0,40,0
57,4,10,2,3,5,0,0,0,60,0
31,1,14,2,9,0,1,0,0,40,0
20,2,9,0,0,1,0,0,0,40,0
44,2,13,6,9,4,0,0,0,32,0
30,3,10,2,3,0,1,0,0,36,1
21,2,10,4,0,4,0,0,0,40,0
25,2,13,4,0,3,0,0,0,40,0
36,2,10,0,11,4,0,0,0,38,0
35,2,10,4,13,3,1,0,0,45,0
40,2,13,2,0,0,1,0,0,50,1
21,2,3,2,7,0,1,0,0,40,0
27,5,10,4,10,1,1,0,0,40,0
43,1,14,0,9,1,0,0,0,65,0
35,2,9,2,9,5,0,3942,0,35,0
22,2,10,4,7,1,0,0,0,30,0
65,5,14,2,9,0,1,6514,0,35,1
63,2,7,2,7,0,1,0,0,30,0
56,4,7,2,2,0,1,0,0,40,0
28,2,9,4,2,3,1,0,0,40,0
17,2,5,4,11,3,0,0,0,15,0
26,1,14,4,9,1,0,0,0,40,0
54,2,10,2,11,0,1,0,0,40,0
47,2,9,2,11,0,1,4386,0,45,1
36,2,6,4,2,1,1,0,0,40,0
49,3,10,0,3,4,0,0,0,32,0
43,2,10,0,7,4,0,0,0,38,0
17,2,6,4,7,3,1,0,0,20,0
24,4,10,2,11,0,1,0,0,40,0
72,2,10,2,0,0,1,0,0,15,0
23,2,13,4,4,1,1,0,0,40,0
35,1,10,2,7,0,1,0,0,40,0
65,2,7,0,5,1,1,0,0,24,0
56,2,13,2,0,0,1,5178,0,44,1
48,2,9,5,0,1,0,0,2001,40,0
51,4,14,2,9,5,0,0,0,30,1
32,2,9,4,7,1,0,0,0,40,0
35,4,7,0,3,4,0,0,0,84,0
45,2,9,0,7,4,0,0,0,35,0
20,2,9,4,5,1,1,0,0,43,0
55,2,9,0,11,1,0,0,0,37,0
68,2,4,6,6,1,0,0,0,10,0
56,2,9,2,13,0,1,0,0,40,0
27,5,13,4,9,1,0,4101,0,40,0
30,2,10,0,11,4,0,0,0,40,0
45,2,10,5,0,4,0,0,0,27,0
31,2,13,2,11,0,1,0,0,65,0
44,2,13,4,9,1,0,0,0,45,0
28,2,13,4,9,1,0,0,0,40,0
28,4,16,2,9,0,1,0,0,50,1
50,2,14,0,3,1,1,0,0,62,1
43,4,13,2,9,0,1,0,0,21,0
23,2,14,4,9,1,0,0,0,30,0
29,4,9,2,4,0,1,3464,0,40,0
25,2,10,4,0,1,1,3325,0,40,0
42,2,10,2,11,0,1,0,0,40,0
32,4,9,4,3,1,1,0,0,20,0
55,5,16,2,9,0,1,0,0,40,1
36,2,9,2,2,0,1,0,0,45,0
42,2,13,2,9,0,1,0,0,40,0
28,2,9,4,9,1,1,0,0,40,0
68,1,14,6,9,4,0,0,0,40,1
66,2,9,6,11,1,0,0,0,16,0
54,2,9,2,2,0,1,0,0,48,1
28,2,9,4,9,4,1,0,0,40,0
55,2,13,2,11,0,1,0,0,20,1
26,5,12,4,0,4,0,0,0,40,0
51,2,7,4,7,1,0,0,0,40,0
38,2,9,2,2,0,1,0,0,50,0
32,0,15,4,9,1,1,14084,0,55,1
23,2,10,4,11,1,1,0,0,25,0
31,4,6,2,2,0,1,0,0,35,0
51,2,9,0,7,1,1,0,0,80,0
46,2,10,2,9,0,1,0,0,40,1
39,5,11,4,3,4,0,0,0,50,0
35,2,9,0,2,4,1,0,0,40,0
66,2,14,2,11,0,1,0,0,50,0
53,2,9,2,3,0,1,0,0,50,1
59,4,10,2,11,0,1,0,0,70,0
49,4,9,0,7,1,0,0,0,40,0
28,2,9,4,6,3,1,0,0,40,0
28,2,10,2,12,5,0,0,0,40,0
37,1,10,2,13,0,1,0,0,30,0
27,2,13,4,9,1,0,0,0,40,0
37,2,12,2,2,0,1,0,0,45,0
32,2,12,4,6,3,1,0,0,48,0
64,2,13,0,3,1,1,27828,0,55,1
42,2,9,5,2,4,0,0,0,40,0
34,5,9,4,5,1,1,0,0,40,0
43,2,13,2,2,0,1,0,0,40,0
44,2,12,0,3,1,1,0,0,60,1
46,2,11,3,6,4,1,0,0,40,0
35,2,7,4,6,1,0,0,0,40,0
36,1,13,4,10,1,1,0,0,60,0
36,1,13,2,9,0,1,0,1672,50,0
29,2,9,3,12,3,1,0,0,40,0
35,2,14,4,9,3,1,0,1564,40,1
47,3,10,2,11,0,1,7298,0,45,1
65,2,9,2,5,0,1,0,0,25,0
54,2,10,0,11,4,0,0,0,48,0
28,4,10,2,4,0,1,0,0,55,0
52,2,11,5,3,4,0,0,0,60,0
37,2,9,0,5,2,1,0,0,40,0
70,2,13,6,6,2,1,0,0,32,0
35,2,9,0,2,1,1,0,0,40,0
47,2,9,4,4,4,0,0,0,46,0
37,2,10,2,7,0,1,0,0,40,0
30,2,11,2,11,0,1,4064,0,40,0
42,2,14,2,3,0,1,0,0,60,1
56,2,10,3,13,1,1,0,0,40,0
22,2,10,4,7,3,1,0,0,35,0
38,2,4,2,13,0,1,0,0,45,0
19,2,9,4,6,3,0,0,0,34,0
31,2,9,4,2,1,1,0,0,40,0
56,2,10,6,3,1,1,4416,0,60,0
32,3,9,2,3,0,1,0,0,40,1
32,1,11,0,9,4,0,0,0,40,0
23,0,10,4,1,2,1,0,0,40,0
23,2,10,5,4,2,0,0,0,40,0
42,2,9,2,13,0,1,0,0,99,0
42,2,9,4,6,1,0,0,0,40,0
34,2,9,2,2,0,1,0,0,40,1
21,2,10,4,11,3,0,0,0,25,0
52,4,13,2,3,0,1,0,0,50,1
48,4,9,2,4,0,1,0,0,50,0
47,2,9,0,9,4,0,0,0,40,0
29,2,10,0,12,4,1,0,0,40,0
48,5,16,2,9,0,1,0,0,45,1
44,3,9,2,2,0,1,0,0,60,1
25,2,10,2,2,0,1,0,0,40,0
44,2,9,2,2,0,1,0,0,40,0
59,2,13,4,2,1,1,0,0,50,0
20,0,9,4,7,1,0,0,0,25,0
28,2,9,2,7,0,1,0,0,35,0
40,2,13,2,12,5,0,0,0,20,0
32,2,7,2,13,0,1,7298,0,60,1
28,2,10,2,0,0,1,0,1485,40,0
23,2,10,4,5,3,1,0,0,30,0
25,2,13,2,3,0,1,0,0,20,0
36,2,9,2,11,0,1,0,0,40,0
23,0,10,4,2,4,1,0,0,40,0
25,2,9,4,6,1,1,0,0,28,0
41,2,9,0,7,1,1,0,0,40,0
37,2,7,2,2,0,1,0,0,40,0
36,2,11,4,9,1,1,0,0,40,0
25,2,10,4,0,1,0,0,0,40,0
42,1,9,2,3,0,1,0,0,60,1
39,4,9,2,4,0,1,0,0,70,0
37,2,13,2,4,0,1,0,0,50,0
28,2,10,0,3,1,0,0,0,40,0
25,1,13,4,9,1,0,0,0,50,1
23,2,12,2,5,0,1,0,0,25,0
90,1,9,2,7,0,1,6767,0,40,0
62,3,13,2,3,0,1,5013,0,50,0
26,1,13,4,9,1,0,0,0,40,0
22,2,13,4,3,4,1,0,0,40,0
22,2,9,4,3,1,0,0,0,48,0
38,2,11,2,2,0,1,0,0,50,0
62,2,9,2,0,0,1,0,0,40,1
35,2,9,2,3,0,1,0,0,35,0
28,2,9,4,6,3,0,0,1602,25,0
39,2,10,2,11,0,1,0,0,55,1
45,2,9,2,13,0,1,0,0,40,0
28,2,10,4,4,1,1,0,0,40,0
31,1,9,0,7,4,1,0,0,40,0
38,2,9,2,6,0,1,0,0,40,1
57,1,5,2,7,0,1,0,0,40,0
32,4,13,2,6,0,1,0,0,70,1
47,1,14,4,12,1,1,0,0,40,0
25,2,11,4,2,3,1,0,0,40,0
42,2,16,4,9,1,1,0,0,50,0
65,2,6,0,7,1,1,0,0,64,0
59,1,9,0,0,4,0,0,0,38,0
38,2,9,2,7,0,1,0,0,45,0
38,2,10,2,11,0,1,0,0,60,1
50,1,9,2,13,0,1,0,0,40,0
25,2,10,4,0,3,0,0,0,40,0
37,2,9,2,2,0,1,0,0,40,0
23,2,13,4,0,3,0,0,0,20,0
29,2,10,3,2,2,1,0,0,40,0
38,0,10,2,0,0,1,0,0,40,1
52,2,5,5,7,1,1,0,0,40,0
61,2,9,2,2,0,1,0,0,40,0
62,2,9,2,6,0,1,0,0,48,0
31,2,13,2,3,0,1,0,0,40,0
40,4,9,0,2,1,1,0,0,40,0
58,4,9,2,5,0,1,0,0,40,0
28,2,10,2,11,5,0,0,0,40,0
45,2,9,2,0,0,1,7298,0,40,1
37,3,15,2,9,0,1,0,0,50,1
31,2,11,0,13,1,1,0,0,40,0
61,2,9,2,0,0,1,0,0,40,1
41,2,9,2,12,0,1,0,0,40,0
37,2,10,4,10,3,1,0,0,30,0
42,4,13,2,4,0,1,0,0,65,0
24,2,13,4,0,3,1,0,0,35,0
26,5,9,0,0,3,0,0,0,30,0
67,2,10,2,3,0,1,0,1539,40,0
39,2,12,4,0,1,1,0,0,20,0
34,2,9,2,3,0,1,0,0,40,0
22,1,9,4,5,3,1,0,0,40,0
33,2,12,0,9,1,1,0,0,50,0
44,2,3,2,6,0,1,0,0,40,0
28,2,13,4,0,1,1,10520,0,60,1
49,2,9,0,0,1,0,0,0,40,0
31,2,9,2,2,0,1,0,0,40,1
19,5,10,4,7,3,1,0,0,35,0
38,2,9,2,2,0,1,0,0,40,1
48,2,9,2,2,0,1,0,0,55,0
53,2,10,2,2,0,1,0,0,40,0
47,1,14,2,9,0,1,0,0,40,1
20,2,9,4,0,3,0,0,0,30,0
27,2,13,4,7,1,1,0,0,40,0
38,1,10,2,12,0,1,0,0,40,1
35,4,13,2,9,0,1,0,0,40,0
57,3,14,2,11,0,1,99999,0,40,1
54,2,7,2,13,0,1,0,0,42,0
37,2,7,5,0,4,0,0,0,40,0
35,2,14,2,11,0,1,0,0,40,0
28,2,9,4,2,3,1,0,0,40,0
18,2,7,4,7,3,1,0,0,15,0
45,2,4,4,6,4,0,0,0,42,0
45,3,9,4,11,4,1,0,0,40,0
46,2,9,2,5,5,0,0,0,40,1
24,2,9,4,3,3,0,0,0,40,0
33,4,10,2,4,0,1,0,0,50,0
43,5,9,4,13,1,1,0,0,60,0
31,2,9,2,6,0,1,0,0,40,1
23,2,9,4,0,1,0,0,0,40,0
23,2,9,4,3,3,1,0,0,75,0
64,2,9,6,0,4,0,0,0,40,0
45,0,9,4,7,1,0,0,0,40,0
34,2,13,4,9,1,0,0,0,40,0
64,2,8,2,2,0,1,0,0,40,0
27,2,6,0,5,3,1,0,0,40,0
33,2,9,2,0,5,0,0,1740,25,0
34,5,15,4,9,1,0,4787,0,47,1
65,2,9,0,7,2,0,0,0,14,0
35,2,9,2,2,0,1,7298,0,40,1
38,0,11,2,2,0,1,0,0,40,0
50,4,10,2,2,0,1,0,0,40,0
32,4,13,2,11,2,1,0,0,45,0
34,2,9,0,3,4,0,2977,0,50,0
39,5,9,4,7,4,0,0,0,55,0
22,2,10,4,0,3,0,0,0,20,0
50,2,8,0,5,4,1,0,0,40,0
22,2,10,4,9,3,1,0,0,40,0
25,2,9,4,7,3,0,0,0,10,0
36,2,10,0,2,1,0,0,0,37,0
37,4,12,2,4,0,1,2105,0,50,0
29,2,10,4,0,1,0,0,0,40,0
24,2,10,4,6,1,1,0,0,40,0
36,2,13,4,3,3,1,0,0,55,0
46,2,9,0,3,1,0,0,0,40,0
39,2,10,2,4,0,1,0,2415,99,1
20,2,9,4,0,3,0,0,0,40,0
36,2,9,4,6,1,1,3674,0,42,0
20,2,10,4,0,3,1,0,0,9,0
22,2,10,2,13,0,1,0,0,48,1
21,2,12,4,0,3,0,0,0,20,0
27,0,13,4,3,1,1,0,0,48,0
20,2,10,4,7,2,1,0,0,30,0
56,1,13,2,9,0,1,15024,0,40,1
33,2,14,2,3,5,0,0,0,50,1
59,1,9,6,2,1,1,0,0,40,0
39,2,13,4,3,2,1,0,0,45,0
34,2,13,4,7,1,1,0,2001,40,0
30,2,9,4,6,2,0,0,0,35,0
40,2,9,2,7,0,1,0,0,30,0
44,2,9,2,6,0,1,0,0,40,0
54,2,9,2,2,0,1,0,0,40,0
32,4,10,4,2,3,1,0,1980,80,0
43,2,10,2,2,0,1,0,0,40,1
54,2,10,2,11,0,1,0,0,40,1
36,2,9,2,0,5,0,0,0,40,1
50,2,9,4,0,1,1,0,1980,40,0
32,2,9,4,7,3,0,0,0,35,0
18,2,9,4,0,3,0,0,0,25,0
65,3,10,2,11,0,1,0,0,40,0
42,1,10,2,10,0,1,0,0,52,1
42,2,5,0,2,1,1,0,0,40,0
20,2,4,4,6,2,1,0,0,40,0
23,2,9,4,2,3,1,2597,0,40,0
49,2,9,2,2,0,1,0,0,40,0
53,2,9,2,6,0,1,0,0,40,0
54,2,10,2,9,0,1,0,0,50,1
25,2,11,0,0,4,0,0,0,40,0
25,2,10,2,2,0,1,0,0,40,0
27,2,6,2,2,2,1,0,0,55,0
26,2,9,2,5,0,1,0,0,40,0
57,2,13,2,3,5,0,0,0,40,0
29,2,10,4,11,1,1,0,0,55,0
42,5,13,2,3,0,1,0,0,50,1
48,2,10,6,0,1,0,0,0,50,0
27,2,9,4,2,3,1,0,0,40,0
58,2,4,5,7,1,0,0,0,24,0
39,4,9,0,4,1,1,8614,0,50,1
28,4,9,2,2,0,1,0,0,40,1
51,2,10,2,12,5,0,0,0,40,1
33,2,12,4,0,4,1,0,0,30,0
20,2,6,4,6,1,1,0,0,40,0
30,1,13,2,9,0,1,0,0,80,0
18,2,7,4,11,3,0,0,0,15,0
21,2,9,4,0,1,0,0,0,35,0
34,2,5,5,4,4,1,0,0,40,0
18,2,7,4,11,3,0,0,1602,20,0
64,2,6,2,10,0,1,0,0,40,0
24,0,13,4,3,1,1,0,0,40,0
33,2,9,4,13,1,1,0,0,40,0
24,0,13,4,9,1,0,0,0,40,0
18,2,9,4,7,3,0,0,0,30,0
28,2,13,0,3,1,0,0,0,40,0
20,2,10,4,0,3,0,0,0,35,0
73,4,4,4,0,1,0,0,0,99,0
23,2,8,4,11,1,1,0,0,45,0
24,2,9,4,7,3,1,0,0,25,0
54,4,13,2,4,0,1,0,0,50,0
55,2,9,2,7,0,1,0,0,15,0
22,2,10,4,5,3,1,0,0,35,0
24,2,9,4,2,1,1,0,0,42,0
51,3,10,5,11,1,0,0,0,40,0
19,2,9,4,7,3,1,0,0,30,0
38,0,10,0,0,4,0,0,0,40,0
38,3,9,2,3,0,1,0,0,50,0
67,2,15,2,9,0,1,20051,0,48,1
52,3,15,2,9,0,1,0,0,40,1
37,2,13,5,3,1,1,0,0,35,0
49,2,16,0,3,4,1,0,0,40,1
37,2,3,4,0,2,0,0,0,40,0
64,2,9,6,2,1,0,0,0,40,0
35,2,10,0,0,1,0,0,0,45,0
26,2,11,2,5,0,1,0,0,80,0
38,2,11,0,7,3,1,0,0,25,0
31,2,10,4,11,3,0,0,0,40,0
25,2,10,4,5,3,1,0,0,40,0
21,2,10,4,3,3,1,0,0,15,0
47,2,13,2,2,0,1,15024,0,50,1
38,2,10,4,7,1,0,0,0,30,0
22,2,6,4,6,4,1,0,0,40,0
61,2,9,2,6,0,1,0,0,40,0
41,2,9,2,0,5,0,0,0,40,0
49,2,13,2,11,0,1,0,0,60,0
43,1,13,0,9,4,0,0,0,42,0
34,2,9,0,5,3,1,0,0,40,0
35,2,10,2,11,0,1,4064,0,40,0
25,1,13,4,9,3,1,0,0,45,0
18,2,7,4,7,3,1,0,0,10,0
24,2,10,4,3,3,1,0,0,25,0
59,2,9,2,6,0,1,0,0,40,1
54,4,10,4,7,4,0,2176,0,40,0
18,2,9,4,0,3,0,0,0,15,0
27,2,12,4,0,2,0,0,0,60,0
38,4,6,5,6,1,1,0,0,40,0
24,2,11,2,2,0,1,0,0,45,0
76,4,9,6,3,1,0,0,0,2,0
37,2,10,2,13,0,1,0,0,50,0
38,2,10,2,2,0,1,0,0,48,1
25,2,9,4,0,3,0,0,0,40,0
22,2,10,4,0,3,1,0,0,25,0
61,2,13,2,9,0,1,15024,0,50,1
64,2,2,2,6,0,1,0,0,40,0
49,4,13,2,4,0,1,0,0,70,0
57,3,10,2,9,0,1,0,0,40,0
37,5,10,5,0,1,1,0,0,40,0
35,4,15,2,9,0,1,0,0,50,1
47,4,7,0,3,4,0,0,0,55,0
60,2,11,2,2,0,1,0,0,46,1
31,2,10,2,3,0,1,0,0,50,1
24,2,10,4,2,1,1,0,0,40,0
51,2,9,2,12,0,1,0,0,40,1
50,1,14,2,9,0,1,7688,0,50,1
40,2,9,4,0,1,0,0,0,40,0
36,2,14,2,11,0,1,0,1977,50,1
30,2,12,4,0,4,0,0,0,40,0
40,2,10,0,2,4,0,0,0,30,0
18,2,9,4,6,3,1,0,0,40,0
40,2,9,5,6,4,1,0,0,40,0
59,4,9,2,4,0,1,0,0,65,1
31,4,10,2,6,0,1,0,0,48,0
76,2,9,6,0,1,1,0,0,6,0
32,4,13,0,3,1,1,0,0,50,1
62,2,11,2,3,0,1,0,0,50,1
47,2,6,0,12,4,0,0,0,38,0
42,2,9,2,6,0,1,4386,0,48,1
31,1,13,4,3,1,0,0,0,50,0
25,2,10,4,11,3,0,3418,0,30,0
48,4,9,5,7,4,0,0,0,45,0
41,2,9,2,2,0,1,0,0,40,0
26,2,9,4,5,1,1,0,0,45,0
37,2,9,2,0,5,0,0,0,40,0
45,0,12,0,0,4,1,0,2080,40,0
38,2,9,2,6,0,1,0,0,40,0
58,4,9,0,4,4,0,0,0,10,0
51,2,9,2,6,5,0,0,0,40,0
73,2,10,2,0,5,0,20051,0,36,1
58,1,9,6,0,1,0,0,0,30,0
63,2,4,2,7,0,1,0,0,40,0
26,2,10,2,13,0,1,0,0,40,0
34,0,13,2,0,0,1,0,0,38,0
49,2,16,2,11,0,1,0,0,60,0
26,2,9,4,13,1,1,0,0,40,0
22,2,9,4,4,1,1,0,0,50,0
64,2,6,2,7,0,1,0,0,40,0
52,2,14,2,12,0,1,0,0,45,0
42,2,10,2,13,0,1,0,0,57,0
39,3,13,2,11,0,1,0,2415,60,1
28,2,9,2,2,0,1,0,1740,30,0
34,4,9,0,3,4,0,0,2472,35,1
26,5,9,2,10,0,1,0,0,40,1
28,2,9,4,12,1,1,0,1092,60,0
21,2,11,4,2,3,1,0,0,40,0
18,2,8,4,11,3,0,0,0,20,0
26,4,6,4,9,1,0,0,0,32,0
42,1,14,2,9,0,1,0,0,46,0
53,2,10,0,0,4,0,0,0,38,0
27,2,3,4,6,1,0,0,0,52,0
43,4,15,2,9,0,1,0,0,60,1
61,2,13,2,11,0,1,0,0,40,1
45,4,13,2,3,0,1,0,0,50,1
33,2,9,2,12,0,1,0,0,40,0
46,2,13,4,7,1,1,0,0,40,0
32,2,8,2,6,0,1,0,0,40,0
23,2,10,4,6,3,1,0,0,40,0
56,3,10,2,11,5,0,0,0,60,1
31,2,10,4,9,1,1,0,0,40,0
34,2,9,2,3,0,1,7298,0,50,1
49,3,10,2,2,0,1,0,0,56,1
23,3,13,4,0,3,0,0,0,35,0
52,1,14,2,9,0,1,0,0,40,1
52,4,14,2,11,0,1,0,0,70,0
44,1,14,2,9,0,1,7688,0,40,1
47,2,2,2,6,0,1,0,0,40,0
23,2,9,4,7,3,0,0,0,35,0
26,2,7,4,7,2,1,0,0,30,0
30,2,10,4,12,2,1,0,0,40,0
27,2,13,4,3,3,1,0,0,40,0
51,2,9,0,9,1,1,0,0,40,0
22,2,10,4,0,2,1,0,0,22,0
45,2,9,0,0,1,0,0,0,28,0
21,2,9,4,6,3,1,0,0,40,0
27,2,9,4,0,1,1,0,0,38,0
48,1,13,0,0,4,0,0,0,30,0
23,2,10,4,6,3,0,0,0,40,0
33,2,7,2,13,0,1,3464,0,40,0
27,2,15,4,9,1,0,0,0,65,1
27,2,12,4,3,1,0,0,0,40,1
37,2,12,4,7,1,0,0,0,30,0
29,2,9,4,9,1,0,0,0,50,0
41,2,13,2,9,0,1,0,0,40,1
21,2,10,4,12,3,0,0,0,35,0
25,2,13,2,3,0,1,0,0,55,1
21,2,9,4,7,3,1,0,0,40,0
30,2,7,2,13,0,1,0,0,40,0
21,2,10,4,12,3,1,0,0,35,0
24,2,9,4,7,3,0,0,0,40,0
21,2,9,6,2,3,1,0,0,40,0
46,2,10,2,0,0,1,0,0,40,0
56,5,9,0,0,3,0,0,0,35,0
35,2,13,6,9,4,0,0,0,32,1
28,2,13,4,11,3,1,0,1974,50,0
32,4,9,0,2,1,1,10520,0,50,1
39,2,11,2,7,0,1,0,0,40,0
54,2,9,2,3,0,1,0,0,48,1
26,2,11,2,2,0,1,0,2002,40,0
70,4,13,2,2,0,1,0,2377,12,1
24,3,12,4,11,1,1,0,0,70,0
39,2,13,4,9,1,1,0,0,40,0
28,2,10,2,7,0,1,0,0,35,1
21,2,11,2,0,5,0,0,0,12,0
24,2,9,4,5,3,1,0,0,40,0
54,2,9,2,0,0,1,0,0,40,1
19,2,10,4,7,3,0,0,0,15,0
48,5,10,2,10,0,1,0,1902,40,1
28,2,10,4,2,3,1,0,0,40,0
24,2,9,4,5,3,1,0,0,25,0
39,2,14,2,3,0,1,0,0,40,0
62,0,14,2,0,0,1,0,0,40,1
41,4,10,5,2,1,1,0,0,40,0
29,2,9,2,4,0,1,0,0,40,0
71,1,9,0,3,4,0,0,0,3,0
25,2,9,2,11,3,1,0,0,26,1
59,4,9,2,13,0,1,0,0,48,0
32,0,13,2,9,0,1,0,2002,40,0
37,2,13,2,7,5,0,0,0,30,1
57,2,9,2,6,0,1,0,0,40,0
52,2,9,2,6,0,1,0,0,40,1
30,1,13,4,9,1,0,0,0,40,0
42,2,9,5,11,1,0,0,0,30,0
39,5,14,2,9,2,0,7688,0,38,1
43,5,9,2,2,0,1,0,0,40,1
26,2,9,4,2,2,1,0,0,40,0
49,1,9,2,7,2,1,0,0,40,0
36,2,13,2,11,0,1,0,0,40,1
28,2,13,4,3,1,0,0,1564,50,1
38,2,9,0,3,1,1,0,0,50,0
37,2,2,2,7,0,1,0,0,53,0
44,2,9,2,0,0,1,0,0,40,1
51,1,16,2,9,0,1,0,1887,40,1
41,1,9,5,0,4,0,0,0,40,0
47,2,13,2,11,0,1,0,0,60,1
45,1,9,3,0,4,0,0,0,40,0
62,1,9,6,0,1,0,0,0,38,0
18,1,14,4,9,3,0,0,0,60,0
60,3,6,2,3,0,1,0,1977,44,1
44,2,13,2,2,0,1,0,0,40,0
60,0,10,0,0,1,0,0,0,40,0
20,2,10,4,0,3,0,0,0,15,0
22,2,13,4,9,1,0,0,0,9,0
34,2,14,2,3,0,1,7298,0,35,1
41,2,10,4,11,1,1,0,0,33,0
45,2,12,0,2,1,0,0,0,55,0
52,1,9,2,10,0,1,0,0,56,1
47,2,10,2,2,0,1,7688,0,55,1
30,4,9,2,3,0,1,0,1887,50,1
41,2,9,2,0,5,0,0,0,40,1
35,2,9,4,2,4,1,0,0,50,0
35,2,9,2,11,0,1,0,0,55,1
38,2,9,0,0,4,0,0,0,40,0
25,2,13,2,2,0,1,2829,0,60,0
30,1,9,2,7,0,1,0,0,40,0
54,1,13,2,9,0,1,7688,0,40,1
38,2,14,4,3,1,0,10520,0,50,1
20,2,10,4,2,3,1,0,0,40,0
27,2,9,0,0,1,0,0,0,40,0
36,2,3,5,6,1,0,0,0,40,0
21,2,9,4,0,3,0,0,0,35,0
71,2,4,2,13,0,1,6514,0,40,1
60,2,9,2,4,0,1,0,0,40,0
30,1,14,2,9,0,1,0,0,40,0
32,4,9,5,11,1,1,0,0,50,0
22,2,10,4,7,1,0,0,0,30,0
58,2,10,2,7,5,0,0,0,30,0
30,4,9,4,2,1,1,0,0,45,0
40,4,4,2,4,0,1,0,0,72,0
27,2,9,4,3,1,0,0,0,40,0
20,2,10,4,3,3,0,0,0,30,0
50,3,13,2,0,0,1,0,0,40,0
47,3,9,2,11,5,0,0,0,40,0
22,2,13,4,5,3,0,0,0,15,0
50,1,10,0,0,3,1,0,0,43,1
37,4,10,2,0,5,0,0,0,20,0
36,2,9,0,6,1,1,0,0,40,0
39,5,14,2,9,0,1,0,0,48,1
23,2,10,4,7,4,0,0,0,25,0
31,0,9,4,6,4,0,0,0,40,0
42,2,9,2,12,0,1,0,0,40,1
36,4,9,2,2,0,1,0,0,40,0
45,2,5,0,7,4,0,0,0,40,0
42,2,10,2,5,0,1,0,0,40,1
32,2,10,0,3,1,1,0,0,40,0
43,3,12,4,3,1,1,27828,0,45,1
25,2,13,2,3,0,1,0,0,40,1
51,5,14,2,3,0,1,0,0,40,1
44,2,14,2,3,0,1,0,0,55,1
62,2,11,6,11,4,0,0,0,33,0
31,1,13,4,10,3,1,0,0,48,0
38,4,9,2,7,0,1,3464,0,80,0
20,2,10,4,0,3,0,0,0,24,0
20,2,10,4,0,2,0,0,0,24,0
20,2,10,4,0,3,0,0,0,35,0
27,0,10,4,6,3,1,0,0,40,0
31,2,9,4,7,4,0,0,0,40,0
44,2,13,2,3,0,1,0,0,45,0
27,2,13,4,9,1,0,4865,0,36,0
60,2,10,6,3,1,0,0,0,70,0
55,2,9,2,13,0,1,7688,0,40,1
32,2,9,4,13,1,1,0,0,60,0
24,2,11,4,6,3,0,0,0,40,0
44,1,9,2,7,5,0,0,0,38,1
55,5,13,2,9,0,1,0,0,15,0
18,2,9,4,11,3,0,0,0,20,0
29,0,10,4,0,2,1,0,0,40,0
34,2,9,4,3,1,0,0,0,40,0
37,2,13,4,11,1,0,0,0,40,0
57,2,12,6,0,1,0,0,0,35,0
21,2,7,4,7,4,1,0,0,40,0
24,2,13,4,13,3,0,0,0,84,0
22,2,9,0,11,3,0,0,0,33,0
47,3,15,0,9,1,1,27828,0,50,1
30,2,9,2,2,0,1,0,1848,50,1
45,2,9,4,6,3,0,0,0,40,0
45,0,9,4,13,1,1,3325,0,40,0
34,1,12,2,7,0,1,0,0,80,0
19,2,10,4,0,2,1,0,0,30,0
34,4,9,2,4,0,1,0,0,80,0
33,1,9,2,5,0,1,0,0,40,0
45,2,11,2,4,0,1,0,0,70,0
30,0,13,2,0,0,1,0,0,30,0
18,2,8,4,7,3,0,0,0,12,0
23,2,13,4,2,1,1,0,0,40,0
50,1,14,0,9,4,0,0,0,65,0
40,3,13,4,9,3,1,0,0,40,0
25,2,10,4,12,4,0,0,0,24,0
50,2,9,0,2,4,0,0,0,40,0
22,2,9,4,13,1,1,0,0,35,0
24,2,5,4,5,3,1,0,0,12,0
60,2,5,2,6,0,1,0,0,49,0
60,1,13,2,9,0,1,7298,0,40,1
40,1,13,2,9,0,1,0,0,40,1
55,2,16,2,9,0,1,0,0,56,1
56,3,10,2,2,0,1,0,0,40,0
45,2,10,2,13,0,1,0,0,48,0
25,2,9,2,5,0,1,0,0,40,0
43,2,9,2,7,0,1,0,0,60,0
50,2,13,4,3,1,1,0,0,40,0
61,2,13,2,3,0,1,7688,0,40,1
35,2,14,4,11,1,1,0,0,60,0
45,2,7,0,0,4,0,0,0,16,0
33,2,4,2,6,0,1,0,0,40,0
22,2,10,4,0,3,0,0,0,15,0
37,2,9,4,0,4,0,0,0,40,0
51,2,9,2,3,0,1,0,0,40,1
61,2,4,2,6,0,1,0,0,40,0
52,2,9,2,2,0,1,0,0,50,1
29,2,9,0,6,1,1,0,0,44,0
37,0,14,4,3,1,0,27828,0,50,1
22,2,10,4,0,3,0,0,0,38,0
39,2,9,2,3,0,1,7298,0,40,1
54,3,13,2,3,0,1,0,0,40,1
35,2,9,0,2,4,1,2354,0,40,0
27,2,10,4,0,1,0,0,0,40,0
76,2,9,2,9,0,1,0,0,20,0
45,5,15,0,9,4,0,0,0,43,0
43,1,15,4,9,1,1,0,0,40,1
19,2,9,4,0,1,0,0,0,40,0
33,2,9,4,0,1,1,0,0,40,0
29,2,13,4,11,1,1,0,0,50,1
32,2,7,2,5,0,1,0,0,40,0
24,2,9,4,0,3,1,0,2339,40,0
54,2,4,2,6,0,1,0,0,40,0
58,2,6,2,13,0,1,0,1887,40,1
53,2,9,2,13,0,1,0,1902,40,1
25,2,10,4,0,1,0,0,0,40,0
21,2,7,4,4,4,1,0,0,40,0
32,3,13,2,11,0,1,7688,0,55,1
46,2,16,0,9,4,0,25236,0,65,1
21,2,6,4,7,1,0,0,0,35,0
31,2,13,2,9,0,1,7298,0,50,1
59,3,13,2,3,0,1,0,0,40,1
22,2,9,4,7,1,0,0,0,50,0
38,4,9,0,2,4,1,0,0,60,0
33,2,9,0,3,1,0,0,0,40,0
36,5,13,2,10,0,1,15024,0,40,1
35,2,9,2,2,0,1,0,0,40,0
51,2,13,4,9,1,1,0,0,40,0
21,2,10,4,3,1,0,0,0,38,0
34,2,9,5,6,1,0,0,0,40,0
61,2,10,2,2,0,1,0,0,40,0
40,2,13,2,0,0,1,0,0,40,1
40,2,9,2,13,0,1,0,0,20,0
36,4,9,2,2,0,1,0,0,35,0
53,1,9,2,13,0,1,0,0,40,1
56,2,13,2,0,0,1,0,0,50,0
34,5,9,5,7,1,0,0,0,40,0
69,2,10,2,0,0,1,0,0,15,1
56,2,9,5,11,4,0,0,0,16,0
41,4,10,2,2,0,1,0,0,40,0
57,4,10,2,3,0,1,0,0,48,1
40,4,13,2,11,0,1,0,0,50,1
37,4,1,2,11,0,1,0,0,30,0
40,2,13,0,11,1,1,0,1564,60,1
56,2,10,2,3,5,0,7688,0,50,1
51,2,5,2,2,0,1,0,0,40,0
61,2,9,2,13,0,1,0,0,40,0
50,2,9,0,0,1,0,0,0,40,0
26,2,11,4,7,1,0,0,0,40,0
35,2,9,4,6,1,1,0,0,40,0
33,5,9,4,13,2,1,0,0,40,0
34,2,13,2,9,0,1,0,1848,40,1
18,2,7,4,5,3,1,0,0,40,0
67,2,9,2,8,5,0,0,0,20,0
38,2,11,2,2,0,1,0,0,55,1
50,4,4,2,2,0,1,0,0,36,0
31,2,13,2,11,0,1,0,0,40,1
34,2,14,2,9,0,1,0,0,45,1
42,2,9,0,0,4,0,3325,0,40,0
42,2,10,0,3,4,0,0,0,45,0
17,2,6,4,5,3,0,0,0,15,0
23,3,9,4,0,1,0,0,0,40,0
58,2,11,6,9,4,0,0,0,45,0
41,5,13,4,10,1,1,0,1590,40,0
66,3,8,2,11,0,1,0,0,20,0
31,4,13,3,3,1,1,0,1980,60,0
28,2,10,2,3,0,1,0,0,40,0
33,2,9,4,7,1,1,0,0,32,0
32,2,9,2,5,0,1,0,0,30,0
29,2,9,4,5,3,1,0,0,30,0
51,3,13,2,2,0,1,0,0,50,0
42,1,9,2,10,0,1,0,0,90,0
35,2,13,5,3,4,0,0,0,42,0
51,2,14,2,3,0,1,15024,0,60,1
22,2,10,4,11,2,1,0,0,65,0
46,2,13,5,9,1,0,0,1876,40,0
35,2,8,0,2,1,1,0,0,50,1
28,2,10,4,11,1,1,0,0,40,0
34,2,10,4,11,4,1,0,0,35,0
52,2,13,2,3,0,1,0,0,55,1
59,4,10,6,4,1,0,6849,0,40,0
55,2,11,2,13,0,1,5178,0,50,1
43,1,13,2,2,0,1,0,0,40,0
22,5,10,4,0,1,0,0,0,15,0
34,2,9,2,0,5,0,4064,0,35,0
26,2,10,2,3,0,1,0,0,40,0
31,5,9,2,2,0,1,0,0,40,0
37,2,10,2,2,0,1,0,0,40,1
36,2,4,4,6,4,1,0,0,60,0
44,5,16,2,9,0,1,0,1902,40,1
23,2,10,4,11,2,1,0,0,25,0
23,0,11,2,5,0,1,0,0,25,0
18,2,6,4,7,3,1,0,0,24,0
44,2,12,2,2,0,1,0,0,40,0
41,2,9,2,2,0,1,0,0,44,0
70,2,6,6,13,4,0,0,0,40,0
36,2,10,4,0,4,0,0,0,40,0
55,2,10,2,7,0,1,0,1977,35,1
30,2,13,2,11,5,0,3103,0,55,1
36,5,10,5,9,4,0,0,0,32,0
30,2,10,2,6,0,1,0,0,40,0
47,2,11,2,2,0,1,5013,0,40,0
43,2,9,0,6,2,1,0,0,40,0
25,2,9,4,2,3,1,0,0,40,0
51,2,10,6,9,1,0,3325,0,40,0
21,2,9,4,4,3,1,0,0,65,0
33,2,10,4,13,1,1,0,0,55,0
40,2,6,0,2,3,1,0,0,40,0
59,2,14,2,9,0,1,0,0,7,1
36,2,13,2,9,0,1,0,1977,45,1
23,2,10,4,0,2,0,0,0,40,0
51,2,9,2,11,0,1,0,0,50,1
46,2,15,4,9,1,1,0,0,90,0
52,2,11,2,11,0,1,0,0,40,0
78,1,9,6,0,4,0,0,0,5,0
32,2,9,5,2,1,1,0,0,40,0
44,2,12,0,12,4,0,0,0,40,0
32,2,9,4,6,4,0,0,0,40,0
52,2,10,2,3,0,1,0,0,60,0
29,2,8,4,7,1,1,0,0,40,0
40,2,13,0,3,1,0,10520,0,40,1
23,2,9,4,11,3,1,0,0,40,0
43,3,9,2,7,0,1,0,0,78,0
25,2,13,4,0,1,0,0,0,35,0
39,2,9,2,2,0,1,7298,0,50,1
55,2,14,2,11,0,1,0,0,50,1
50,2,14,2,9,0,1,15024,0,45,1
40,1,12,0,3,1,1,8614,0,50,1
41,2,9,0,0,4,0,0,0,45,0
41,2,10,4,9,1,1,0,0,40,0
37,2,9,2,2,0,1,0,0,68,0
29,2,9,4,13,1,1,0,0,40,0
39,2,9,2,3,0,1,7688,0,45,1
18,2,10,4,0,1,0,0,0,40,0
28,2,9,2,6,5,0,0,0,35,0
31,2,10,0,0,4,0,0,0,40,0
65,6,4,6,4,4,0,0,0,50,0
36,4,13,4,4,1,1,0,0,50,0
23,2,11,4,0,3,0,0,0,40,0
50,0,7,4,11,1,0,3674,0,40,0
47,0,10,0,0,1,1,0,1876,40,0
37,2,8,5,8,4,0,0,0,40,0
35,2,13,4,9,1,0,0,0,40,0
39,2,9,2,6,0,1,0,0,40,1
39,2,9,2,13,0,1,0,1887,40,1
34,2,15,2,9,0,1,0,0,50,1
63,4,13,2,4,0,1,0,0,20,0
48,1,14,2,3,5,0,7688,0,40,1
53,5,10,4,10,1,0,0,0,40,0
22,2,11,2,6,0,1,0,0,40,0
21,2,9,4,11,1,0,0,0,40,0
42,2,14,0,11,1,1,0,0,50,0
38,2,10,5,3,4,1,0,0,40,0
38,2,9,2,2,0,1,0,0,55,0
66,2,4,6,7,1,0,0,0,10,0
21,2,7,4,7,4,0,0,0,40,0
40,1,9,4,0,2,0,0,0,40,0
35,2,10,2,2,0,1,0,0,60,0
21,2,12,4,9,1,0,0,0,36,0
17,2,7,4,0,3,0,0,0,8,0
34,2,9,0,2,4,0,1471,0,40,0
63,2,4,2,13,0,1,0,0,44,1
24,5,13,4,9,1,0,0,0,20,0
37,4,11,2,2,0,1,0,0,55,0
35,2,4,2,6,0,1,0,0,40,0
33,2,9,2,3,0,1,0,0,45,0
47,2,13,2,11,0,1,0,0,45,1
30,3,9,0,7,1,0,0,0,60,0
42,4,13,0,3,1,1,0,0,30,0
54,2,4,2,2,0,1,0,0,40,0
36,2,13,4,3,1,1,0,0,40,0
66,4,9,2,4,0,1,1409,0,50,0
50,2,9,0,6,2,0,0,0,48,0
28,2,10,0,0,1,0,0,0,40,0
27,2,9,2,6,0,1,0,0,40,0
38,2,10,2,3,5,0,0,0,52,0
37,2,10,0,13,1,1,0,0,40,0
29,2,10,2,2,0,1,0,0,50,0
40,2,7,5,6,1,1,0,0,36,0
19,2,10,4,7,3,0,0,0,20,0
45,4,9,2,7,5,0,0,0,55,0
35,0,16,4,9,1,0,0,0,60,1
60,2,10,2,7,0,1,0,0,40,0
32,2,9,2,5,0,1,0,0,40,0
65,2,14,2,0,2,0,0,0,40,1
33,2,10,4,11,1,1,0,0,50,0
27,2,13,4,12,4,0,0,0,20,0
75,4,10,3,2,1,1,0,0,30,0
34,2,5,2,13,0,1,0,0,45,0
32,2,9,2,13,3,1,0,0,72,0
30,2,10,4,2,1,1,0,0,40,0
61,1,7,2,3,0,1,0,0,40,1
41,4,14,4,3,1,0,0,0,55,0
38,2,10,2,9,0,1,0,0,50,0
26,2,9,2,5,0,1,0,0,48,0
40,2,9,2,3,0,1,0,0,50,1
32,2,10,2,13,0,1,0,0,60,1
24,2,9,4,6,3,1,0,0,40,0
40,2,13,2,9,0,1,0,0,60,1
19,2,10,4,0,3,0,0,0,20,0
55,5,10,0,0,1,1,0,0,40,0
25,1,13,4,9,1,0,0,0,40,0
32,2,9,2,2,0,1,5178,0,48,1
22,2,13,4,9,1,1,0,0,20,0
38,4,13,2,12,0,1,0,0,50,1
30,2,9,4,2,3,1,0,0,40,0
60,1,13,2,9,5,0,0,0,45,1
46,4,15,2,9,0,1,0,0,65,1
18,2,10,4,11,3,0,0,0,20,0
33,2,10,2,3,0,1,0,0,40,1
19,2,10,4,7,3,0,0,0,18,0
23,2,10,4,9,3,1,0,0,10,0
42,2,9,2,2,0,1,0,1740,60,0
32,2,9,2,2,0,1,0,0,40,0
24,4,4,4,4,3,1,0,0,50,0
45,2,10,2,2,0,1,0,0,30,0
72,2,4,2,7,0,1,0,0,20,0
39,2,10,0,3,1,1,0,0,50,1
25,5,9,4,0,3,0,0,0,40,0
54,2,8,2,2,0,1,0,0,40,0
44,2,9,2,0,5,0,0,0,30,0
28,2,11,4,7,1,1,0,0,40,0
50,1,6,4,7,1,1,0,0,40,0
27,2,9,4,11,3,1,0,0,20,0
40,2,9,2,2,0,1,0,0,40,0
37,2,4,4,7,3,1,0,0,56,0
33,1,9,4,7,1,1,0,0,40,0
22,2,10,4,11,1,1,0,0,25,1
45,2,14,2,3,0,1,0,0,40,1
25,2,9,4,7,3,0,114,0,40,0
34,2,14,0,9,4,0,0,0,40,0
24,2,9,4,5,3,0,0,0,40,0
33,2,10,2,3,0,1,0,0,45,0
48,2,14,2,9,0,1,0,1902,40,1
52,2,11,0,7,1,1,0,0,32,0
42,4,9,2,4,0,1,0,0,99,1
17,2,5,4,11,3,1,0,0,8,0
32,2,10,2,11,0,1,0,0,40,1
32,2,12,0,11,1,1,2597,0,48,0
26,2,9,2,0,5,0,0,0,52,1
43,2,16,5,3,1,0,14084,0,60,1
17,2,9,4,7,3,0,0,0,15,0
32,4,15,2,9,0,1,7688,0,45,1
46,2,10,2,11,0,1,0,0,48,1
32,2,13,4,11,1,1,0,1564,50,1
21,2,11,4,13,3,1,0,0,40,0
32,2,9,2,0,5,0,0,0,44,0
23,2,13,4,9,3,1,0,0,40,0
24,2,9,2,7,0,1,0,0,45,1
42,1,9,0,10,4,0,0,0,50,0
25,2,9,2,2,0,1,0,0,40,0
49,2,11,4,3,4,0,0,0,40,0
25,2,10,0,9,4,0,0,0,35,0
46,2,11,0,6,4,1,0,0,40,0
62,1,4,2,2,0,1,0,0,40,0
58,2,9,0,11,1,0,0,0,24,0
41,2,12,4,0,1,0,0,0,50,0
36,4,9,2,3,0,1,0,0,99,0
35,2,9,2,2,0,1,0,0,40,0
29,2,13,2,11,0,1,0,0,50,0
47,2,10,2,2,0,1,0,0,43,1
48,2,5,6,13,4,1,0,0,40,1
29,2,10,2,3,0,1,0,0,40,0
47,2,10,3,3,4,0,0,0,35,0
47,1,9,2,10,0,1,0,0,60,1
21,2,11,4,0,4,0,0,0,35,0
21,2,9,4,6,1,0,0,0,40,0
33,2,9,3,7,1,0,0,0,35,0
33,2,12,3,6,4,1,0,0,40,0
28,2,10,0,9,1,1,0,0,40,0
25,2,7,2,12,0,1,0,0,40,0
20,2,10,4,11,3,0,0,0,15,0
63,2,2,6,6,4,0,0,0,44,0
54,2,13,0,9,1,0,0,0,36,0
25,2,13,4,3,1,1,0,0,40,0
28,2,9,0,11,1,1,14084,0,40,1
49,0,10,2,0,0,1,0,0,41,1
56,2,9,2,5,0,1,0,0,40,0
43,4,9,2,2,0,1,0,0,35,0
57,1,14,2,3,0,1,0,0,40,1
36,0,13,2,9,0,1,0,0,40,1
55,5,10,2,7,0,1,0,0,40,0
28,2,10,2,6,0,1,0,0,40,1
53,0,9,2,0,5,0,7688,0,35,1
47,2,9,0,7,4,0,0,0,40,0
37,1,9,4,0,3,0,0,0,35,0
20,2,10,4,0,3,0,0,0,35,0
55,2,14,4,3,4,0,0,0,50,0
57,4,7,2,11,0,1,0,0,15,0
35,2,14,2,3,0,1,0,0,60,1
47,4,9,6,3,1,0,0,0,30,0
47,2,9,2,10,0,1,0,0,40,0
40,2,9,4,7,3,1,0,0,25,0
55,2,5,2,5,0,1,0,0,4,0
45,2,9,4,6,4,0,0,0,40,0
72,4,4,2,4,0,1,0,0,50,0
36,2,6,5,5,4,0,0,0,40,0
40,1,10,4,3,1,1,0,0,40,0
24,2,10,2,12,0,1,0,0,50,1
20,2,5,4,7,3,0,0,0,40,0
48,3,10,2,4,0,1,0,0,50,0
50,2,9,2,13,0,1,0,0,40,0
29,2,11,4,5,1,1,0,0,40,0
59,4,3,2,7,0,1,2580,0,15,0
24,2,9,4,5,2,1,0,0,40,0
31,2,9,0,3,1,1,0,0,50,0
54,4,10,2,2,0,1,0,1579,48,0
23,2,10,2,11,5,0,0,0,47,0
18,4,7,4,2,3,1,0,0,40,0
22,1,12,4,0,3,0,0,0,35,0
29,2,9,2,2,0,1,0,0,40,0
41,2,9,0,0,4,0,0,0,36,0
40,1,9,2,7,2,1,3137,0,40,0
33,2,13,5,12,4,0,5455,0,40,0
38,1,13,2,9,5,0,0,1887,40,1
47,3,3,2,13,0,1,0,0,50,0
23,2,10,4,12,1,0,0,0,40,0
59,4,6,2,2,0,1,0,0,50,0
43,2,10,4,7,1,0,0,0,40,0
49,2,10,2,3,0,1,0,0,40,1
43,2,11,4,9,1,0,0,0,40,0
59,2,9,0,3,2,0,0,0,45,0
51,4,9,0,11,1,0,0,0,44,0
42,2,9,2,2,0,1,0,0,40,0
51,2,6,0,7,4,0,0,0,25,0
52,4,9,2,2,0,1,0,0,40,0
21,2,10,4,7,1,0,0,0,10,0
44,2,9,2,2,0,1,0,0,45,0
40,2,9,0,6,1,1,0,0,40,0
64,2,11,2,0,0,1,0,0,50,0
18,2,9,4,8,2,0,0,0,10,0
58,2,13,2,3,0,1,0,0,40,1
28,2,11,4,0,2,1,0,0,40,0
50,2,11,2,10,0,1,0,0,40,0
34,2,9,2,2,0,1,0,0,43,1
48,2,14,2,3,0,1,0,0,60,1
35,3,9,2,2,0,1,0,1485,40,0
25,2,9,4,11,4,0,0,0,40,0
21,2,11,4,0,3,0,0,0,40,0
23,2,9,4,0,3,0,0,0,35,0
49,4,9,0,4,1,0,0,0,28,0
64,2,10,2,11,0,1,0,0,12,0
37,5,13,2,3,0,1,0,0,50,1
51,4,9,2,2,0,1,0,0,70,0
47,3,16,2,9,0,1,0,0,50,0
30,2,10,0,0,4,0,0,0,40,0
33,2,10,4,12,3,1,0,0,20,0
31,2,13,4,3,1,1,0,0,40,0
38,2,3,2,7,0,1,0,0,75,0
69,2,5,4,2,2,1,2993,0,40,0
29,2,6,2,4,5,0,0,0,40,0
27,2,13,2,3,5,0,0,0,40,0
38,2,14,2,3,0,1,0,0,60,1
60,2,4,3,6,1,1,0,0,40,0
31,2,5,4,7,4,0,0,0,20,0
45,0,10,0,0,4,1,0,0,42,0
51,2,10,2,3,5,0,0,0,15,1
33,2,9,4,5,1,1,0,0,40,0
39,2,14,4,9,1,1,0,0,40,0
43,2,13,0,11,1,1,0,0,40,1
59,2,10,2,11,0,1,0,0,40,1
33,1,10,2,10,0,1,0,0,40,0
33,1,9,4,7,3,1,0,0,8,0
36,2,10,2,13,0,1,0,0,40,0
22,2,9,4,11,1,1,0,0,45,0
21,2,11,2,2,2,1,0,0,50,0
53,2,9,6,11,1,0,0,0,35,0
44,2,9,2,2,0,1,0,0,40,0
53,2,10,0,0,1,0,0,0,43,0
23,2,10,4,3,3,1,0,0,20,0
55,0,10,2,2,0,1,0,0,45,0
57,2,9,2,11,0,1,0,0,40,1
31,2,10,4,9,1,1,0,0,40,0
41,2,13,2,9,0,1,0,0,50,1
24,2,13,4,11,3,1,0,0,40,0
19,2,10,4,9,3,0,0,0,40,0
24,2,10,4,11,3,1,0,0,35,0
48,0,10,2,2,0,1,0,0,40,1
39,2,10,0,12,1,0,0,0,40,0
33,2,12,2,11,0,1,0,0,45,0
40,5,13,0,0,2,0,0,0,32,0
30,2,15,4,9,1,1,0,0,40,0
48,4,13,0,11,1,1,0,0,60,0
45,2,12,5,0,4,0,0,0,40,1
41,2,5,5,7,1,1,0,0,40,0
47,2,10,2,2,0,1,0,0,40,0
32,2,9,4,2,2,1,0,0,38,0
32,4,11,2,4,0,1,7298,0,70,1
39,1,14,4,9,4,0,0,0,43,0
49,2,4,2,2,0,1,0,0,40,0
36,2,2,4,4,1,1,0,0,40,0
36,2,13,2,9,5,0,0,0,32,1
56,3,13,2,3,0,1,0,0,40,0
60,2,10,2,11,0,1,0,0,40,0
34,2,9,2,7,0,1,0,0,40,0
20,2,8,4,7,1,1,0,0,30,0
32,2,7,2,2,0,1,0,1672,48,0
52,1,14,2,9,0,1,0,0,40,0
38,5,9,0,0,1,0,0,0,38,0
52,2,10,2,11,0,1,0,0,65,0
69,4,13,2,3,0,1,0,1258,40,0
63,4,9,2,4,0,1,0,0,80,0
49,3,13,2,0,0,1,0,0,40,1
23,2,6,2,7,0,1,0,1573,30,0
57,2,2,2,5,0,1,0,0,40,0
30,2,13,1,3,5,0,0,0,40,1
44,2,13,2,9,0,1,0,0,35,1
33,4,12,0,11,1,1,0,0,40,0
51,2,7,2,6,0,1,0,0,40,0
38,0,13,2,9,0,1,4064,0,40,0
28,2,13,4,9,1,1,0,0,60,1
43,2,15,0,3,1,1,0,0,40,0
47,2,12,2,2,0,1,0,0,40,0
55,2,16,2,9,0,1,15024,0,30,1
22,2,9,4,7,4,1,0,0,40,0
49,2,11,2,2,0,1,5013,0,40,0
31,2,10,2,2,0,1,4386,0,50,1
32,4,11,0,11,4,1,0,0,50,0
38,2,9,4,11,4,0,0,0,30,0
58,2,9,6,2,4,0,0,0,37,0
63,4,9,6,11,1,1,0,0,70,0
59,2,9,2,13,0,1,0,0,50,0
33,2,6,4,0,1,1,0,0,40,0
27,2,9,4,13,3,1,0,0,40,0
22,2,13,4,3,1,0,0,0,30,0
30,2,9,2,12,0,1,0,0,40,0
49,2,9,2,7,0,1,0,0,40,0
84,2,9,6,8,1,0,0,0,40,0
33,2,11,2,0,5,0,0,0,40,0
27,2,9,4,6,4,0,0,0,35,0
72,2,11,5,7,4,0,6723,0,25,0
20,2,10,4,11,2,1,0,0,40,0
24,2,11,2,2,5,0,0,0,40,0
17,2,6,4,11,3,1,0,0,30,0
39,3,9,2,2,0,1,5178,0,50,1
35,3,13,2,11,3,1,5178,0,50,1
53,4,15,0,9,4,1,25236,0,60,1
36,2,9,2,2,5,0,0,0,30,0
36,2,9,2,2,0,1,0,0,55,1
29,2,13,2,3,0,1,0,0,52,1
74,2,9,2,3,0,1,0,0,40,1
47,2,10,2,12,0,1,0,0,40,0
54,2,11,2,12,0,1,7688,0,40,1
35,2,9,2,2,0,1,0,0,40,0
22,2,10,4,7,3,1,0,0,30,0
28,2,9,0,13,1,1,0,0,60,0
47,2,13,2,3,0,1,0,0,60,1
25,2,13,4,3,3,1,0,0,40,0
44,2,13,5,3,1,1,0,0,38,0
29,2,9,0,3,4,0,0,0,45,0
50,2,9,0,6,3,1,0,0,40,0
46,2,9,0,3,4,0,0,0,38,1
46,2,10,4,5,1,1,0,0,40,0
31,2,9,0,2,1,1,0,0,40,0
30,1,9,2,5,2,1,0,0,25,0
58,2,9,2,6,0,1,0,0,40,0
50,5,9,2,2,0,1,0,0,40,1
48,2,11,2,3,0,1,0,0,43,1
23,2,13,4,12,1,1,0,0,18,0
23,2,10,3,7,1,1,0,0,45,0
19,2,9,4,6,2,1,0,0,40,0
38,3,13,4,3,1,1,0,0,60,0
29,2,9,0,2,1,0,0,0,50,0
23,2,10,4,3,3,1,0,0,40,0
29,2,13,2,11,0,1,0,0,40,1
29,0,10,4,9,1,0,0,1408,40,0
36,2,13,2,9,0,1,0,0,40,1
31,2,13,2,3,0,1,0,0,45,1
41,4,9,2,4,0,1,0,0,36,0
33,2,13,5,3,4,0,0,0,40,0
38,2,9,0,7,1,0,0,0,20,0
44,2,4,2,6,0,1,0,0,40,0
63,2,7,6,11,1,0,2176,0,30,0
34,5,14,2,3,0,1,0,0,38,0
38,2,6,2,2,0,1,0,0,40,1
67,2,9,6,0,4,0,6723,0,40,0
47,0,9,0,0,1,0,0,0,40,0
23,2,9,4,0,1,0,0,0,30,0
38,1,12,4,9,1,1,0,0,40,0
58,2,9,2,7,0,1,0,0,40,0
46,2,7,4,13,3,1,0,0,30,0
42,2,6,2,13,0,1,0,0,50,0
41,2,15,2,9,0,1,0,1977,50,1
32,2,9,4,7,1,1,0,0,48,0
52,2,10,2,7,0,1,0,0,35,1
51,1,13,2,10,0,1,0,0,40,1
40,2,10,4,12,1,0,0,0,50,1
53,2,10,2,13,0,1,0,0,32,1
25,2,8,4,2,1,1,0,0,40,0
40,2,9,4,0,1,0,0,0,40,0
50,2,10,0,3,1,0,0,0,40,0
59,2,11,4,2,1,1,0,0,40,0
38,3,9,2,3,0,1,0,0,40,0
42,5,13,0,0,4,0,2977,0,40,0
35,2,9,4,0,1,0,0,0,40,0
49,3,10,2,11,0,1,0,0,70,1
33,2,9,4,13,1,1,0,0,70,0
59,4,15,2,4,0,1,0,0,30,0
27,2,7,4,3,4,0,0,0,45,0
61,2,13,2,9,0,1,0,1848,40,1
50,2,10,2,3,5,0,0,0,50,0
35,2,11,2,12,0,1,0,0,40,1
46,2,10,2,11,0,1,0,0,50,1
54,2,4,4,2,1,1,0,0,50,0
17,0,7,4,0,1,0,0,1602,40,0
80,3,9,2,3,0,1,0,0,40,0
35,2,9,0,11,4,0,0,0,40,0
28,4,10,4,2,3,1,0,0,50,0
34,2,10,2,11,0,1,0,0,55,1
22,2,13,4,3,1,0,0,0,40,0
49,2,10,2,11,0,1,0,0,80,1
37,2,13,2,12,0,1,0,0,50,1
18,2,10,4,11,3,0,0,0,15,0
21,2,13,4,11,3,1,0,0,30,0
65,4,14,3,9,1,0,7978,0,40,0
23,2,9,4,2,3,1,0,0,40,0
52,2,9,2,6,0,1,0,0,48,1
23,2,12,4,11,3,0,0,0,35,0
31,2,12,4,12,3,0,0,0,40,0
34,2,10,0,9,1,1,0,0,44,0
28,4,9,4,11,1,1,0,0,60,0
45,4,9,2,7,0,1,3411,0,40,0
32,2,9,2,3,0,1,3103,0,40,1
43,1,10,2,0,5,0,0,1902,40,1
33,2,13,0,3,1,0,0,0,40,0
20,2,10,4,5,3,1,0,0,16,0
52,1,14,4,9,3,0,0,0,40,0
24,2,13,2,9,2,0,0,0,40,0
42,2,16,2,9,0,1,0,0,50,0
51,2,9,2,5,0,1,0,0,48,0
64,2,15,2,9,0,1,0,0,40,1
26,5,15,4,9,1,0,0,0,80,0
21,2,9,4,7,3,0,0,0,40,0
46,2,11,2,12,0,1,0,0,40,0
26,2,9,5,7,4,0,0,0,39,0
52,2,13,3,7,2,0,0,0,40,0
53,2,9,2,3,0,1,0,0,60,1
24,2,9,4,0,4,1,0,0,50,0
19,2,9,4,4,3,0,0,0,40,0
43,4,9,2,4,0,1,0,0,99,0
26,2,13,4,12,3,0,0,0,35,0
33,0,16,2,9,0,1,0,1848,40,1
51,4,9,2,4,0,1,0,0,55,1
50,2,7,0,7,1,0,0,0,40,0
37,2,9,2,2,0,1,0,0,72,0
28,2,9,4,6,4,0,0,0,40,0
42,2,10,5,7,4,0,0,0,21,0
43,5,13,4,9,1,0,0,0,40,0
35,2,9,2,6,0,1,0,0,40,0
45,2,12,0,9,4,0,5455,0,38,0
48,2,13,2,11,0,1,0,0,25,1
82,3,10,6,11,1,1,0,0,20,0
60,2,10,4,0,1,0,0,0,38,0
57,2,9,6,12,1,0,0,0,54,0
64,3,11,2,2,0,1,0,0,10,0
36,2,9,0,5,1,1,0,0,40,0
17,2,7,4,7,3,1,0,0,15,0
27,2,10,2,13,0,1,0,0,45,0
28,2,15,0,9,4,1,0,0,55,0
64,2,10,6,11,1,1,2354,0,35,0
57,2,14,0,9,1,0,0,0,40,0
30,2,13,4,11,1,1,0,0,65,0
64,4,4,2,7,0,1,0,0,25,0
29,2,8,2,13,0,1,0,0,40,0
29,2,10,4,7,4,0,0,0,40,0
25,2,9,4,11,1,0,0,0,35,0
43,3,13,2,3,0,1,0,0,40,1
27,2,13,4,2,1,1,0,0,50,0
55,2,10,2,13,0,1,0,0,74,1
42,2,10,2,2,0,1,0,0,40,0
39,2,13,2,12,0,1,0,0,40,1
66,2,10,2,12,0,1,0,0,40,1
27,2,10,0,0,1,0,0,0,38,0
37,2,10,0,13,1,1,0,1741,70,0
40,2,9,5,7,4,0,0,0,40,0
28,2,10,2,2,0,1,0,0,60,0
51,2,10,0,0,4,0,0,0,40,0
33,2,13,4,9,1,0,0,0,40,0
53,1,3,2,7,0,1,0,0,40,0
37,5,9,2,0,0,1,0,0,40,0
28,2,13,2,3,0,1,0,0,46,1
32,2,9,2,2,0,1,0,0,50,0
52,2,9,2,2,0,1,0,0,40,0
38,2,13,4,0,1,1,0,0,40,1
47,3,9,2,4,0,1,15024,0,40,1
40,2,7,4,13,3,1,0,0,35,0
57,4,9,2,3,0,1,0,0,1,0
38,1,12,2,10,0,1,0,0,56,1
48,2,13,3,11,4,0,0,2472,70,1
60,2,8,2,5,0,1,0,0,40,0
33,2,13,2,9,0,1,0,0,40,1
26,1,14,4,9,1,1,0,0,50,0
32,1,10,2,7,0,1,0,0,40,0
59,2,13,2,9,0,1,0,0,40,0
25,2,7,0,7,4,0,0,0,12,0
24,2,10,4,7,4,0,0,0,30,0
25,2,12,2,3,0,1,0,0,45,0
40,4,13,4,3,1,1,0,0,50,0
36,1,7,0,7,4,0,0,0,30,0
25,3,11,4,13,4,1,0,0,55,0
36,4,13,2,4,0,1,0,0,72,0
26,0,8,4,0,1,1,0,0,40,0
25,1,13,2,0,0,1,0,0,40,0
67,4,9,2,4,0,1,0,0,35,0
35,2,10,2,9,0,1,0,0,60,0
37,2,11,0,12,4,0,0,0,52,0
45,2,4,0,6,1,1,0,0,48,0
23,4,10,4,4,3,1,0,0,35,0
23,4,9,0,7,4,0,0,0,50,0
41,3,10,2,4,0,1,0,0,50,0
49,2,9,4,2,4,0,0,0,40,0
30,2,10,4,3,1,1,0,0,52,0
27,2,9,4,12,1,1,0,0,45,0
53,2,15,4,0,1,1,0,0,40,1
50,2,10,0,2,1,1,4650,0,22,0
27,2,12,4,11,1,1,0,0,52,0
29,2,10,4,0,3,0,0,0,40,0
23,2,10,4,11,1,1,0,0,55,0
19,2,9,4,7,1,0,0,1719,40,0
39,2,9,4,0,4,0,0,0,40,0
67,4,9,0,3,1,0,3273,0,16,0
23,2,10,4,7,4,0,0,0,36,0
23,2,11,2,2,0,1,0,0,40,0
57,2,10,2,7,0,1,0,0,40,0
50,2,10,2,0,2,0,0,0,35,1
23,2,9,2,6,0,1,0,0,48,0
59,2,11,2,9,0,1,0,0,50,0
53,1,14,2,3,0,1,0,0,40,1
55,4,14,0,3,1,0,0,0,50,0
31,2,10,4,3,1,1,0,0,40,0
44,2,13,0,11,1,1,0,0,40,1
30,1,11,0,0,3,0,0,0,40,0
28,2,13,3,11,1,0,0,0,50,0
66,2,7,2,2,0,1,0,0,20,0
28,2,7,5,2,4,0,0,0,40,0
27,2,9,4,0,1,1,0,0,50,0
45,4,6,2,2,0,1,0,0,40,0
32,2,9,2,5,0,1,0,0,40,0
47,4,9,2,2,0,1,0,0,40,0
42,2,9,2,5,0,1,0,0,60,0
30,2,9,4,0,1,0,0,0,40,0
20,2,9,4,2,2,1,0,0,40,0
40,2,9,4,7,1,0,0,0,35,0
24,1,13,4,9,1,1,0,0,40,0
35,2,9,2,3,5,0,0,0,40,1
19,2,11,4,7,3,1,0,0,16,0
19,2,9,4,5,2,1,2597,0,40,0
21,2,10,4,7,1,0,0,0,25,0
30,2,9,4,2,1,1,0,0,46,0
25,2,10,4,7,1,0,0,0,40,0
27,2,9,4,5,2,1,0,1719,40,0
38,2,10,4,7,1,1,0,0,50,0
18,2,6,4,7,3,1,0,0,6,0
30,4,8,2,13,0,1,0,0,75,0
19,2,9,4,5,1,1,0,0,40,0
20,2,10,4,9,1,0,0,0,18,0
39,2,9,0,0,4,0,0,0,40,0
56,2,15,2,9,0,1,0,0,45,1
49,2,9,2,3,0,1,0,0,40,0
31,2,13,2,3,0,1,0,0,40,0
53,2,4,4,7,3,1,0,0,40,0
50,4,13,2,3,0,1,0,0,13,0
44,3,10,0,6,1,1,0,0,60,0
49,2,11,2,9,0,1,0,0,40,1
52,0,12,6,3,4,1,13550,0,40,1
27,2,10,4,11,1,1,0,0,50,0
40,2,9,5,13,4,0,0,0,40,0
41,4,10,2,3,0,1,0,0,50,0
43,2,12,2,3,0,1,0,0,45,1
38,2,9,2,2,0,1,15024,0,45,1
26,2,9,0,2,1,1,0,0,40,0
40,4,15,0,7,1,0,0,2339,35,0
32,2,13,0,11,1,1,0,0,45,0
34,5,13,2,9,0,1,0,0,38,1
57,2,9,2,11,0,1,0,0,40,0
33,2,14,2,9,0,1,0,0,45,1
35,2,9,4,12,1,0,1151,0,40,0
28,4,11,2,4,0,1,0,0,80,0
24,1,13,4,9,1,0,0,0,60,0
45,0,13,4,3,1,0,0,0,40,0
18,2,10,4,11,3,0,0,0,20,0
24,2,9,4,0,1,0,0,0,40,0
34,2,9,2,2,0,1,0,1848,50,1
47,2,9,2,7,0,1,0,0,40,0
50,2,9,4,0,3,0,0,0,40,0
41,2,10,2,0,5,0,0,0,40,0
45,2,13,2,3,0,1,0,0,40,1
50,4,9,2,4,0,1,0,0,30,0
41,2,9,0,5,4,1,0,0,40,0
50,2,9,2,4,0,1,0,0,48,1
42,2,10,2,3,0,1,0,0,50,0
31,2,8,2,9,0,1,0,0,55,0
45,2,6,2,6,0,1,0,0,40,0
44,5,13,2,3,0,1,0,0,40,1
65,4,11,2,4,0,1,0,0,25,0
39,2,13,4,9,1,0,0,0,63,0
27,0,10,2,0,0,1,0,0,32,0
44,2,9,2,0,0,1,0,0,40,0
61,2,10,2,9,0,1,0,0,50,1
29,2,9,2,13,0,1,0,0,65,0
47,0,9,2,2,0,1,0,0,40,0
19,2,10,4,7,3,0,0,0,12,0
23,2,10,2,0,0,1,0,0,40,1
53,2,8,0,13,1,0,0,0,40,0
59,2,13,0,11,1,1,0,0,55,1
44,2,14,2,3,0,1,0,0,45,1
19,2,9,4,7,3,1,0,0,40,0
50,2,13,2,9,5,0,0,1977,40,1
28,2,9,2,2,0,1,0,0,45,0
29,2,9,2,0,5,0,0,0,40,1
24,2,10,2,0,0,1,0,0,40,1
25,2,13,4,11,3,0,0,0,40,0
28,4,10,4,2,1,1,0,1590,40,0
50,2,9,2,13,0,1,0,0,50,1
41,2,10,0,2,1,1,0,0,40,1
31,5,10,4,7,1,1,0,0,40,0
25,2,9,4,0,1,1,0,0,40,0
29,2,9,2,6,5,0,0,0,40,1
28,4,13,4,10,3,1,0,0,40,0
24,1,10,4,0,3,0,0,0,48,0
39,2,15,2,3,5,0,15024,0,48,1
58,2,9,0,2,1,1,14344,0,48,1
43,2,9,2,13,0,1,0,0,50,0
44,1,14,2,9,0,1,15024,0,35,1
54,4,11,2,2,0,1,0,0,16,0
26,5,10,4,10,3,1,0,0,40,0
46,0,11,0,12,1,0,0,0,40,0
63,2,9,0,11,1,0,3674,0,30,0
44,2,10,2,2,0,1,0,0,45,0
47,2,10,5,9,1,0,0,0,50,0
24,1,10,4,10,3,0,0,0,40,0
18,2,6,4,11,3,0,0,1719,16,0
29,2,10,2,10,0,1,7688,0,54,1
45,2,10,2,11,0,1,0,0,45,0
36,2,13,2,3,5,0,0,0,40,1
33,2,16,2,9,0,1,0,0,40,0
39,2,11,5,0,1,1,0,0,40,0
37,4,9,2,13,0,1,0,0,60,1
40,2,14,2,9,0,1,0,0,50,0
46,3,12,2,3,5,0,0,0,40,0
30,2,10,4,5,4,0,0,0,40,0
21,2,9,4,7,1,0,0,0,30,0
35,5,10,4,9,3,1,0,0,35,0
24,2,10,4,2,3,0,0,0,45,0
47,2,9,2,2,0,1,0,0,40,1
67,2,9,6,3,4,1,0,0,38,1
57,2,6,2,2,0,1,0,0,40,0
36,2,12,2,11,5,0,0,0,40,0
39,1,11,2,10,0,1,0,0,48,1
37,0,9,0,3,1,1,0,0,40,1
36,2,9,2,6,0,1,0,0,45,0
35,2,15,4,9,1,1,0,0,40,1
39,4,9,2,2,0,1,0,0,40,1
25,5,13,4,9,1,1,0,0,20,0
56,2,6,2,7,0,1,0,0,35,1
44,2,13,2,11,0,1,0,0,40,1
56,2,9,2,0,5,0,15024,0,24,1
35,2,9,4,6,1,0,0,0,40,0
41,3,7,2,3,0,1,0,0,40,0
28,2,10,4,3,1,1,0,0,35,0
24,2,10,4,0,4,0,0,0,40,0
35,2,13,2,3,0,1,15024,0,65,1
47,2,9,2,8,5,0,0,0,35,1
39,2,6,4,5,1,1,0,0,40,0
43,2,13,2,3,0,1,0,0,50,0
31,2,14,4,3,1,0,0,2258,40,0
18,2,9,4,7,3,0,0,0,20,0
31,4,13,2,9,0,1,0,0,40,1
47,2,12,0,13,1,1,0,0,40,0
44,2,12,0,9,1,0,0,0,40,1
40,2,9,2,2,5,0,7298,0,40,1
34,2,14,2,3,0,1,0,0,40,1
34,2,10,2,4,0,1,0,0,40,1
17,2,7,4,7,3,0,0,0,20,0
42,2,9,0,2,2,0,0,0,40,0
30,2,13,2,9,0,1,0,1977,50,1
23,2,10,4,7,1,0,0,0,25,0
32,2,9,0,6,1,1,0,0,40,0
65,5,10,2,6,0,1,0,0,40,1
32,1,12,2,3,0,1,0,2057,70,0
20,2,10,4,7,1,1,0,0,40,0
32,2,10,2,11,0,1,4386,0,50,0
43,2,9,2,0,5,0,0,0,40,1
40,0,9,2,0,0,1,0,0,55,1
62,5,13,2,9,0,1,0,0,40,0
53,1,15,4,9,1,0,0,0,50,1
19,2,8,4,0,3,1,0,0,9,0
55,2,9,0,2,4,1,0,0,48,1
34,0,11,0,0,3,0,1831,0,40,0
22,2,9,4,3,3,0,0,0,20,0
32,2,10,2,10,0,1,0,0,16,0
19,2,9,4,13,3,1,0,0,35,0
57,1,10,2,5,0,1,7298,0,40,1
21,2,9,4,13,2,1,0,0,40,0
21,2,10,4,12,3,0,0,1719,9,0
39,4,9,4,2,2,1,0,0,40,0
77,1,9,2,3,0,1,0,0,6,0
54,2,10,5,12,2,0,4101,0,40,0
47,2,9,5,2,4,1,0,0,40,1
38,4,9,2,9,0,1,0,0,50,1
49,2,7,2,2,0,1,0,0,40,0
22,2,3,2,2,2,1,0,0,40,0
58,2,9,2,11,0,1,0,0,40,1
55,2,9,6,7,1,0,2202,0,35,0
25,2,7,4,7,4,0,0,0,32,0
54,2,13,2,3,0,1,0,0,60,1
39,2,9,2,2,0,1,0,0,40,1
31,5,13,4,9,1,0,0,0,40,0
66,2,10,2,13,0,1,0,1258,20,0
25,2,13,2,12,0,1,5178,0,40,1
34,2,11,4,5,1,1,0,0,40,0
31,2,9,2,2,0,1,0,0,40,0
31,2,13,2,9,0,1,0,0,40,0
24,2,10,4,9,1,1,0,0,40,0
28,2,10,5,0,1,0,0,0,40,0
34,2,9,4,12,1,1,0,0,40,0
40,2,9,2,2,0,1,0,0,45,0
46,1,10,2,10,0,1,0,0,40,1
57,2,13,2,11,0,1,0,0,55,1
26,2,14,4,9,1,0,0,1876,40,0
36,2,9,2,2,0,1,0,0,40,0
29,2,10,2,3,3,0,0,0,40,0
31,2,13,4,3,1,0,14344,0,50,1
65,0,10,6,0,1,1,0,1944,20,0
44,1,10,2,3,0,1,0,0,38,1
35,2,10,4,11,3,1,0,0,48,0
36,2,10,0,7,4,0,0,0,40,0
72,2,9,2,11,5,0,0,0,17,0
39,2,9,0,6,4,1,2977,0,40,0
30,2,9,2,6,0,1,0,0,40,0
35,2,13,2,7,0,1,0,0,40,0
45,1,9,4,0,1,0,0,0,40,0
60,2,10,2,9,0,1,7298,0,40,1
26,2,10,2,11,0,1,0,0,45,0
40,2,13,2,0,0,1,0,0,40,0
55,2,6,2,13,0,1,0,0,45,0
31,2,9,2,13,0,1,0,0,45,1
33,2,9,2,7,0,1,0,0,40,0
29,2,9,4,0,2,1,0,0,40,0
50,1,15,2,0,0,1,0,0,40,1
47,5,16,2,9,0,1,0,0,40,1
30,2,9,2,6,0,1,0,0,40,0
40,2,4,5,7,1,0,0,0,25,0
60,0,9,2,13,0,1,0,0,40,0
41,2,9,2,0,5,0,0,0,60,0
45,2,9,0,6,4,0,0,0,40,0
52,2,9,6,7,4,1,0,0,19,0
67,2,10,0,0,1,1,7978,0,35,0
32,2,7,4,2,1,1,13550,0,60,1
39,2,10,4,0,3,0,0,0,40,0
37,2,9,4,7,4,0,0,0,30,0
54,2,9,0,7,4,1,0,0,32,0
48,2,9,2,7,0,1,0,0,40,0
36,2,10,4,9,1,0,0,0,40,0
22,5,10,4,9,3,1,0,0,10,0
40,2,10,5,7,1,0,0,0,40,0
32,2,3,5,4,2,1,0,0,60,0
48,0,9,2,13,0,1,0,0,55,1
36,2,10,0,0,1,1,0,0,40,0
18,5,10,4,7,3,0,0,0,20,0
40,0,13,4,9,1,0,0,0,45,0
23,2,10,2,5,0,1,0,0,38,0
34,2,13,3,9,1,0,0,0,35,0
29,2,6,4,2,1,1,0,0,43,0
52,2,9,0,6,1,0,0,0,38,0
22,2,6,4,13,3,1,0,0,30,0
41,4,15,2,9,0,1,15024,0,50,1
33,2,6,5,7,4,0,3418,0,35,0
30,2,13,2,0,5,0,0,0,40,0
69,2,9,2,11,0,1,0,0,10,0
39,3,9,0,2,4,1,0,0,60,0
45,5,10,0,9,4,0,0,0,40,0
44,4,3,2,4,0,1,0,0,84,1
28,2,9,2,0,0,1,0,0,40,0
29,1,9,4,7,3,1,0,0,20,0
22,5,10,4,12,3,1,0,0,20,0
36,1,9,4,0,1,1,0,0,40,0
23,2,13,4,9,3,0,0,0,20,0
21,2,9,5,4,3,1,0,0,40,0
42,2,14,4,3,1,0,14084,0,50,1
34,2,9,5,0,3,0,0,0,40,0
61,2,4,2,4,0,1,0,0,54,0
54,2,6,0,9,4,1,14344,0,68,1
31,2,11,2,11,0,1,99999,0,40,1
36,2,7,2,2,0,1,0,0,40,0
50,2,9,2,6,2,0,0,0,40,0
34,2,10,2,0,0,1,0,0,40,1
48,2,9,2,13,0,1,0,0,44,0
43,0,13,2,0,0,1,0,0,42,1
62,2,9,6,0,1,0,0,0,32,0
30,2,9,4,9,1,1,0,0,35,0
32,2,9,2,2,0,1,0,0,50,1
43,2,9,2,5,0,1,0,0,40,0
18,2,7,4,5,3,1,0,0,12,0
53,2,13,4,9,1,0,0,0,40,0
32,2,9,2,0,0,1,0,0,77,0
42,4,14,4,9,1,1,0,0,45,0
31,2,9,4,6,1,1,0,0,30,0
50,2,9,0,11,1,1,0,0,60,0
41,0,12,2,10,0,1,0,0,92,0
21,2,9,4,13,3,1,0,0,48,0
30,2,9,4,2,1,1,0,0,40,0
52,0,9,2,0,0,1,0,0,40,0
55,2,13,0,3,1,0,0,1876,40,0
47,4,15,2,9,0,1,0,1902,42,1
46,2,9,2,6,0,1,0,0,40,0
45,2,9,4,4,1,1,0,0,60,0
39,2,11,4,6,3,1,0,0,40,0
70,2,9,2,7,0,1,0,0,16,0
50,2,14,0,11,1,0,0,1590,45,0
52,1,9,0,0,4,0,0,0,40,0
20,2,9,4,7,3,0,0,0,40,0
33,2,10,2,11,0,1,0,0,52,0
54,2,10,0,3,1,0,0,0,40,0
49,1,11,2,2,0,1,0,0,40,1
60,2,9,0,3,1,0,0,0,27,0
36,2,9,2,2,0,1,0,0,30,0
64,2,7,2,13,0,1,0,0,40,0
29,4,15,4,9,3,1,0,0,50,1
30,2,6,5,7,1,1,0,0,40,0
34,2,9,0,0,3,1,0,0,40,0
37,2,13,2,9,0,1,0,0,40,1
49,2,9,5,6,4,0,0,0,40,0
46,4,13,2,4,0,1,0,0,40,1
27,2,9,2,6,5,0,0,0,40,0
36,2,14,0,3,1,1,0,0,50,1
50,2,14,2,3,0,1,0,0,40,1
47,2,14,2,3,0,1,99999,0,50,1
55,2,13,2,3,0,1,7298,0,60,1
35,2,13,2,9,0,1,0,0,50,1
50,1,10,6,0,4,0,0,0,35,0
62,2,4,0,12,4,0,0,0,38,0
37,1,13,2,10,0,1,5178,0,40,1
29,2,13,4,9,1,1,0,0,40,0
33,2,9,2,5,0,1,0,0,40,0
36,2,10,4,13,1,1,0,0,40,0
34,4,4,0,4,1,1,0,0,50,0
25,2,13,4,3,3,1,0,1340,40,0
24,2,9,4,2,3,1,0,0,44,0
40,4,14,2,9,0,1,0,0,50,0
31,2,12,4,0,1,0,0,0,40,0
39,2,9,5,3,1,1,14344,0,40,1
22,2,10,4,7,1,1,0,0,50,0
35,2,9,2,4,0,1,0,0,40,0
69,2,9,2,11,0,1,0,0,35,0
19,4,10,4,11,3,0,0,0,16,0
27,1,13,4,9,1,1,0,0,35,0
58,4,10,2,0,0,1,0,0,50,0
33,2,9,4,7,3,0,0,0,40,0
30,2,9,2,7,0,1,0,0,25,0
50,4,9,2,2,0,1,99999,0,50,1
45,2,9,2,7,0,1,0,0,31,0
20,2,12,4,0,1,0,0,0,40,0
25,2,9,5,2,3,1,0,0,40,0
62,4,14,0,9,4,0,0,0,32,0
57,2,9,2,11,0,1,0,0,50,0
62,2,9,4,5,2,0,0,0,40,0
36,2,9,0,3,1,1,0,0,40,0
23,2,9,4,0,3,0,0,0,40,0
29,2,10,2,6,0,1,0,0,46,0
24,2,10,4,5,3,1,0,0,50,0
25,2,13,4,0,1,0,0,0,40,0
31,2,12,2,6,0,1,0,0,55,0
55,2,10,0,10,1,1,0,0,40,0
42,2,9,2,3,0,1,0,0,40,0
28,2,13,2,3,0,1,0,0,40,0
46,2,10,2,2,0,1,0,0,40,0
48,4,13,2,3,0,1,0,0,40,0
31,2,10,2,11,0,1,0,0,40,0
34,2,9,2,2,0,1,0,0,40,0
53,2,9,6,0,1,0,0,0,40,0
29,2,12,2,12,5,0,0,0,40,0
20,2,9,4,0,3,1,0,0,48,0
40,0,15,2,9,0,1,7688,0,40,1
36,2,14,2,3,0,1,0,0,45,1
49,0,14,4,3,1,1,0,0,56,1
22,2,9,0,12,4,0,0,0,30,0
48,2,13,2,3,0,1,0,1977,60,1
47,0,13,2,10,0,1,0,0,50,1
46,3,13,0,3,1,0,0,0,50,0
38,2,11,2,3,0,1,0,0,45,1
23,2,10,4,0,3,1,0,0,40,0
45,2,9,0,0,1,0,0,0,40,0
29,0,10,4,0,4,0,2174,0,40,0
42,2,7,2,7,5,0,0,0,40,0
51,2,14,2,3,0,1,0,0,50,1
32,2,13,2,9,0,1,0,0,40,1
37,2,5,5,7,4,0,0,0,25,0
23,2,12,4,11,3,0,0,0,65,0
28,2,9,4,2,3,1,0,0,40,0
45,4,11,2,4,0,1,0,0,50,1
50,4,12,2,6,0,1,3103,0,40,1
32,2,9,0,0,4,0,0,0,40,0
57,0,10,2,0,0,1,7688,0,45,1
22,2,10,4,9,4,0,0,0,30,0
60,3,9,2,0,5,0,15024,0,15,1
26,2,9,4,6,1,1,0,0,40,0
53,2,10,2,3,0,1,0,0,50,1
44,2,9,2,13,0,1,0,0,40,0
41,1,9,0,0,1,0,0,0,40,0
50,2,9,4,7,1,1,0,0,40,0
47,2,14,4,9,1,0,0,0,35,0
46,2,10,2,2,0,1,0,0,40,1
33,2,9,2,2,0,1,0,0,50,1
36,2,12,2,3,5,0,0,0,37,0
28,4,9,2,4,0,1,0,0,40,0
24,2,9,4,0,2,1,0,0,40,0
19,2,9,4,6,3,0,0,0,40,0
48,1,14,2,9,0,1,7688,0,50,1
38,1,9,0,2,1,1,0,0,40,0
21,2,9,4,6,4,1,0,0,40,0
42,0,10,2,2,0,1,7688,0,45,1
46,2,9,2,4,0,1,4064,0,55,0
37,2,9,0,2,1,1,0,0,49,0
20,2,9,4,7,3,1,0,0,30,0
25,2,9,4,6,3,1,0,0,40,0
43,4,9,2,7,5,0,0,0,16,0
49,2,4,0,7,4,0,0,0,40,0
53,2,9,5,2,1,1,0,0,35,0
54,5,16,4,3,1,0,0,0,50,1
49,2,9,2,2,5,0,7688,0,40,1
45,2,14,0,9,1,1,0,0,38,0
44,2,13,2,13,0,1,0,0,55,0
52,2,9,2,2,0,1,0,0,32,0
23,1,13,4,9,3,0,0,0,40,0
40,5,9,2,2,0,1,0,0,40,0
36,2,9,2,3,0,1,0,0,50,1
26,1,9,4,0,3,0,0,0,20,0
21,2,10,4,10,1,0,99999,0,40,1
23,1,13,4,9,1,1,0,0,40,0
30,2,6,4,2,1,1,0,0,50,0
33,2,13,2,3,5,0,0,0,32,1
17,2,6,4,11,3,0,0,0,20,0
41,2,3,2,5,0,1,0,0,40,0
18,2,10,4,11,3,0,0,0,15,0
72,4,14,2,2,0,1,0,0,30,0
43,2,8,2,0,0,1,0,0,40,0
35,3,9,4,13,1,1,0,0,60,0
38,2,14,4,9,4,0,0,0,40,1
44,4,8,2,5,0,1,0,0,40,1
29,2,9,4,3,1,1,2174,0,50,0
45,4,10,2,5,0,1,0,0,40,0
36,4,10,2,11,0,1,0,0,50,1
41,2,12,0,11,4,1,0,0,40,0
46,2,10,2,6,0,1,0,1628,40,0
59,2,9,0,0,1,0,0,0,40,0
41,2,13,2,5,0,1,0,0,40,0
27,2,13,4,0,3,1,0,0,35,0
20,2,7,2,5,2,1,2961,0,35,0
59,2,10,2,2,0,1,0,1887,55,1
41,2,9,2,13,0,1,0,0,50,1
50,2,13,2,3,0,1,15024,0,40,1
20,2,9,4,0,1,0,0,0,35,0
24,2,13,4,9,1,0,0,0,40,0
38,4,10,0,6,4,1,0,0,40,0
28,4,11,2,2,0,1,0,0,45,0
35,2,10,0,3,1,0,0,0,40,0
44,2,13,0,11,4,0,0,0,35,0
46,5,13,2,9,0,1,0,0,38,1
28,2,13,4,9,1,0,0,1408,50,0
27,2,4,2,13,0,1,0,0,40,0
58,2,9,2,4,0,1,0,0,45,0
17,2,6,4,7,3,1,0,0,20,0
64,2,9,2,11,5,0,0,0,21,0
25,2,10,4,0,1,0,0,0,20,0
18,2,7,4,0,3,0,0,0,20,0
42,2,9,5,7,4,0,0,0,25,0
23,2,6,4,2,1,1,0,0,40,0
22,2,9,4,0,3,1,0,0,20,0
37,2,9,2,0,5,0,0,0,40,1
44,2,9,2,13,0,1,0,0,40,1
30,2,7,2,2,0,1,0,0,45,0
42,2,10,2,11,0,1,0,0,50,1
21,2,10,4,0,3,0,0,0,20,0
30,2,11,2,2,0,1,0,0,40,0
17,2,7,4,11,3,0,0,0,10,0
57,5,9,2,2,0,1,0,0,40,0
68,2,10,0,0,4,0,0,0,40,0
32,2,15,2,9,0,1,3908,0,40,0
41,4,15,2,9,0,1,0,0,58,1
37,4,14,2,3,0,1,0,0,60,1
69,2,13,2,11,0,1,10605,0,50,1
58,3,15,2,9,0,1,0,1977,50,1
24,0,9,4,9,4,0,0,0,40,0
32,2,13,4,9,1,1,0,0,45,0
20,2,10,4,12,1,0,0,0,10,0
42,2,9,2,11,0,1,7298,0,40,1
39,2,13,2,9,0,1,0,0,40,1
20,2,9,4,7,3,0,0,0,38,0
52,1,13,2,0,5,0,0,0,40,1
48,2,10,4,3,1,0,0,0,40,0
46,0,10,2,3,0,1,0,0,48,1
50,2,12,2,0,0,1,0,0,60,0
48,2,10,6,0,4,0,0,0,43,0
25,2,12,0,0,1,0,0,0,45,0
61,2,9,0,11,1,0,0,0,38,0
38,2,11,0,0,4,0,0,0,40,0
31,0,9,2,12,0,1,0,0,40,0
21,1,10,4,10,3,1,0,0,48,0
44,2,13,4,9,1,1,27828,0,40,1
37,2,7,2,2,0,1,0,0,40,0
28,2,13,4,11,1,1,8614,0,40,1
26,2,13,4,11,1,0,0,0,40,0
19,2,10,4,3,3,1,0,0,40,0
39,2,9,0,6,4,0,0,0,40,0
42,1,13,2,9,0,1,0,0,40,1
38,2,10,2,2,0,1,0,0,40,1
23,2,9,2,6,0,1,0,0,50,0
26,2,9,0,7,4,0,0,0,35,0
43,2,9,0,0,1,0,0,0,45,0
21,2,11,4,7,3,0,0,0,20,0
31,2,9,2,6,0,1,0,0,45,0
38,2,10,2,0,5,0,0,0,40,0
73,4,16,2,9,0,1,0,0,28,1
20,2,10,4,6,3,1,0,0,40,0
41,2,13,0,7,1,0,0,0,99,0
40,2,9,2,6,0,1,0,0,40,0
41,2,9,0,2,1,1,0,2339,40,0
44,2,2,4,6,1,0,0,0,40,0
59,2,9,0,5,1,1,0,0,40,0
47,2,13,2,9,0,1,7688,0,45,1
71,5,9,2,10,0,1,0,0,28,0
43,2,9,0,7,1,1,0,0,40,0
61,2,9,2,3,0,1,0,0,50,0
39,2,9,2,13,0,1,0,0,50,1
39,2,13,2,9,0,1,0,0,60,0
21,2,10,4,7,3,1,0,0,40,0
46,2,4,5,7,1,0,0,0,32,0
50,2,4,4,6,1,1,0,0,50,0
28,2,10,4,7,1,1,0,0,40,0
58,2,7,2,13,0,1,0,0,60,0
47,2,9,2,12,0,1,0,0,65,1
53,2,14,2,3,0,1,0,0,48,1
43,5,9,0,3,4,0,0,0,40,0
30,2,11,2,6,0,1,0,0,40,1
30,5,9,5,0,4,0,0,0,40,0
25,2,9,4,5,1,1,0,0,35,0
41,2,16,2,3,5,0,0,1902,40,1
46,2,10,0,11,1,1,0,0,50,0
68,6,10,3,4,4,0,0,0,25,0
44,2,13,0,0,4,0,0,0,32,0
34,4,9,2,11,0,1,0,1902,60,1
23,2,9,5,7,3,0,0,0,40,0
26,2,10,4,12,3,1,0,0,20,0
41,4,14,2,2,0,1,0,0,65,0
35,2,9,0,13,1,1,0,1741,60,0
45,2,13,2,9,0,1,0,0,40,1
27,2,13,4,3,3,0,0,0,40,0
30,1,11,0,10,4,0,0,0,40,0
59,2,11,2,11,0,1,0,1740,50,0
38,1,9,2,5,5,0,3103,0,50,1
22,5,10,3,12,4,1,0,0,20,0
47,2,9,2,2,0,1,0,0,40,0
24,2,9,2,0,0,1,0,0,40,0
52,2,9,2,13,0,1,0,0,99,0
54,5,10,2,0,0,1,0,0,40,0
47,1,13,2,10,0,1,0,0,40,0
31,2,14,2,3,0,1,0,0,60,1
21,2,10,4,7,1,0,0,0,30,0
28,2,1,4,4,1,1,0,0,38,0
62,2,14,0,9,1,0,0,0,45,0
61,5,16,2,9,0,1,0,1902,40,1
36,2,7,6,7,4,0,0,0,12,0
22,5,13,2,9,0,1,0,0,20,0
44,2,10,2,11,0,1,0,0,60,0
28,2,11,4,0,1,0,0,0,45,0
42,2,5,4,4,1,1,0,0,40,0
33,2,9,4,11,1,0,0,0,45,0
41,1,13,4,9,4,0,0,0,40,0
49,2,9,2,13,0,1,0,0,40,0
48,2,9,2,2,0,1,0,0,40,0
29,5,14,4,9,1,0,0,0,35,0
58,1,9,2,3,0,1,0,0,50,0
40,2,10,0,5,1,1,0,0,40,0
39,2,9,0,7,4,0,0,0,40,0
51,2,9,2,2,0,1,0,1902,40,1
50,2,13,2,3,0,1,0,0,40,1
32,2,13,2,3,0,1,0,0,43,1
51,5,16,3,9,1,1,0,0,70,1
67,2,5,2,8,5,0,0,0,6,0
42,2,13,0,0,4,1,0,0,30,0
29,2,9,0,2,3,1,0,0,40,0
21,2,6,2,7,0,1,3908,0,40,0
41,5,9,0,10,1,1,0,0,40,1
18,2,10,4,7,3,1,0,0,15,0
54,2,2,5,8,2,0,0,0,40,0
34,2,10,2,2,0,1,0,0,40,0
33,1,9,5,7,3,0,0,0,80,0
47,2,9,2,2,0,1,2829,0,40,0
34,2,5,2,2,0,1,0,0,50,0
59,2,13,2,11,0,1,0,0,55,1
24,4,10,5,5,3,1,0,0,45,0
59,2,5,2,3,0,1,0,0,40,1
60,0,12,2,7,0,1,0,0,40,0
17,2,7,4,11,3,1,0,0,20,0
41,2,6,2,13,0,1,0,0,40,1
29,2,9,0,0,4,0,0,0,30,0
22,2,9,4,11,2,1,0,0,40,0
53,2,7,0,2,2,0,0,0,40,0
42,5,9,2,11,5,0,0,0,40,0
64,2,9,6,0,4,0,0,0,8,0
25,2,9,2,0,5,0,0,0,40,0
34,2,10,2,9,0,1,0,0,45,0
73,2,10,2,9,0,1,0,0,15,0
25,2,14,4,9,3,0,0,0,40,0
40,2,9,4,5,3,1,0,0,40,0
27,2,9,4,6,1,0,0,0,40,0
37,2,9,4,7,3,1,0,0,18,0
38,2,9,4,5,1,1,0,0,40,0
24,2,11,4,2,3,1,0,0,20,0
48,2,14,2,9,0,1,0,0,35,1
17,2,5,4,2,3,0,0,0,16,0
23,2,9,4,0,1,0,0,0,37,0
34,2,10,2,2,0,1,0,0,48,1
53,2,13,0,11,1,0,13550,0,43,1
46,2,10,2,2,0,1,0,0,40,0
36,3,12,2,3,0,1,0,0,40,1
46,2,13,2,10,0,1,0,0,40,0
37,2,10,4,3,4,0,0,0,40,0
28,1,14,4,9,1,1,0,0,40,0
19,2,10,4,7,4,0,2036,0,30,0
17,2,5,4,7,3,0,0,0,40,0
23,2,9,4,2,3,1,0,0,40,0
46,4,9,0,2,3,1,0,0,50,0
21,2,10,4,2,3,0,0,0,40,0
47,2,9,0,7,4,0,0,0,40,0
45,5,13,0,10,1,1,0,0,40,0
73,2,13,2,9,0,1,0,2246,40,1
39,2,9,2,13,0,1,0,0,99,0
39,2,9,6,0,1,0,0,0,40,0
46,2,9,6,0,4,0,0,0,43,0
35,4,5,2,2,0,1,0,0,50,0
33,2,9,2,2,0,1,0,0,40,0
55,2,6,4,13,1,1,0,0,60,0
36,2,9,2,6,0,1,0,0,40,1
48,2,14,2,3,0,1,0,2415,60,1
44,2,10,0,2,1,1,0,0,60,0
40,2,9,2,11,5,0,0,0,30,0
31,2,10,2,2,0,1,0,0,55,1
26,5,10,2,10,0,1,0,0,40,0
35,2,13,2,2,0,1,0,0,40,1
45,3,13,2,3,0,1,0,0,50,1
18,2,9,4,11,3,0,0,0,40,0
35,2,10,2,3,0,1,0,0,60,0
25,1,14,4,10,1,1,0,0,40,0
38,2,13,5,3,1,1,27828,0,45,1
19,2,9,4,10,1,1,0,0,32,0
34,4,10,2,4,0,1,0,0,50,0
30,2,9,4,0,1,0,0,0,40,0
32,2,10,2,11,0,1,0,0,40,1
26,4,9,4,2,3,1,0,0,50,0
31,2,14,4,3,1,1,0,0,55,1
41,2,10,0,11,1,1,0,0,52,0
36,2,9,0,6,4,0,0,0,38,0
26,1,10,4,10,1,1,0,0,60,1
34,2,9,2,7,0,1,0,0,50,0
29,2,9,2,11,0,1,0,0,40,1
36,1,10,2,10,0,1,0,0,40,0
42,2,14,2,9,0,1,0,0,40,1
23,2,9,2,7,0,1,0,0,40,0
38,2,10,0,0,4,0,0,0,20,0
34,2,9,0,2,1,1,0,0,40,0
22,2,13,4,9,3,1,0,0,40,0
43,2,10,0,6,4,0,0,0,38,0
34,4,9,2,4,5,0,0,2179,12,0
18,2,7,4,7,3,0,0,0,9,0
46,2,9,0,2,1,1,0,0,40,0
33,2,9,5,7,4,0,0,0,48,0
21,2,9,4,2,3,1,0,0,40,0
32,2,13,2,3,0,1,0,0,45,1
23,2,10,4,6,3,1,0,0,30,0
47,4,4,2,11,0,1,0,0,40,0
41,4,9,2,7,0,1,0,0,60,0
39,4,9,2,4,5,0,0,0,50,0
43,0,9,0,0,1,0,0,0,40,0
31,2,9,2,2,0,1,0,0,40,0
18,2,7,4,7,3,1,0,0,15,0
90,2,14,4,3,3,0,0,0,40,0
18,2,10,4,0,1,0,0,0,40,0
34,2,9,2,13,0,1,0,0,40,0
36,4,13,2,3,0,1,4386,0,50,1
32,2,9,2,11,0,1,0,1902,50,1
17,2,6,4,7,1,1,0,0,25,0
37,2,8,0,6,4,0,0,0,40,0
45,2,7,4,11,1,0,0,0,35,0
45,1,14,0,9,4,0,0,0,40,0
39,2,13,2,3,0,1,15024,0,50,1
17,2,9,4,11,3,0,0,0,20,0
46,2,9,2,13,0,1,0,0,60,0
30,2,7,2,2,0,1,0,0,40,0
23,2,10,4,0,1,0,0,0,8,0
53,2,2,2,7,0,1,0,0,35,0
31,2,10,2,3,0,1,0,0,40,1
32,2,7,2,6,0,1,0,0,40,0
53,1,13,2,9,5,0,0,0,50,1
22,2,9,4,5,3,1,0,0,40,0
30,2,13,2,11,0,1,0,0,40,1
59,2,13,6,3,1,0,0,0,40,0
37,1,14,4,9,1,1,0,0,45,0
20,2,9,4,7,3,1,0,0,40,0
45,4,13,2,3,0,1,0,0,50,0
38,2,13,2,2,0,1,0,0,45,0
53,1,14,0,9,4,0,0,0,50,0
40,1,9,2,0,5,0,0,0,40,0
50,2,9,2,5,0,1,0,0,40,1
45,2,9,4,2,3,1,10520,0,48,1
51,5,9,2,0,5,0,3908,0,40,0
60,3,4,2,11,0,1,0,0,60,0
47,0,12,2,3,0,1,15024,0,40,1
43,2,13,2,11,0,1,0,0,40,1
21,2,10,4,9,3,0,0,0,10,0
49,2,11,2,2,0,1,0,0,45,0
46,2,13,2,0,0,1,0,2415,35,1
24,2,13,2,9,0,1,0,0,50,0
41,3,13,2,11,0,1,0,0,60,1
52,0,10,2,0,0,1,0,0,40,0
33,2,13,4,5,1,1,0,2001,40,0
29,2,11,4,11,1,1,0,0,45,0
36,0,10,2,5,0,1,0,0,50,0
27,2,2,4,2,1,1,0,0,40,0
32,2,9,0,5,1,1,0,0,40,0
34,2,9,4,5,1,1,0,0,40,0
38,5,13,4,3,1,0,0,0,40,0
29,2,9,2,13,0,1,0,0,60,0
32,2,9,2,11,0,1,7298,0,40,1
38,2,10,4,3,3,0,0,0,40,0
61,3,6,2,3,0,1,7688,0,40,1
27,2,9,4,13,1,1,0,0,40,0
39,2,14,0,3,4,0,15020,0,60,1
37,2,9,0,6,1,0,0,0,40,0
64,2,13,0,3,4,1,27828,0,50,1
36,2,14,2,3,0,1,0,0,45,0
45,2,9,0,0,1,0,0,0,40,0
34,3,13,0,3,4,1,15020,0,50,1
54,0,10,2,9,0,1,0,0,40,1
28,2,12,2,9,0,1,0,0,40,1
28,0,13,4,3,1,1,0,0,50,1
48,2,9,2,2,0,1,0,0,40,0
29,2,10,2,2,0,1,0,0,50,0
37,2,9,2,3,0,1,0,0,46,1
33,2,10,4,0,4,1,0,0,40,0
60,2,10,0,2,3,1,0,0,44,1
39,2,9,2,2,0,1,0,0,30,0
24,2,10,4,0,1,1,0,0,20,0
45,2,10,0,9,4,0,0,0,20,0
17,2,7,4,11,3,0,0,0,8,0
33,2,13,2,3,0,1,15024,0,50,1
61,2,9,2,2,0,1,0,0,45,1
61,4,10,2,2,0,1,0,0,40,0
27,5,13,4,12,1,1,0,0,12,0
17,2,7,4,5,1,0,0,0,15,0
49,2,13,2,11,0,1,0,0,50,0
26,3,13,4,0,3,0,0,0,50,0
33,1,13,4,12,1,1,0,1564,52,1
44,1,4,0,5,1,1,0,0,40,0
24,2,13,4,0,3,1,0,0,39,0
28,2,13,2,3,0,1,0,0,50,0
49,4,14,2,3,0,1,5178,0,40,1
27,3,11,2,7,5,0,0,0,36,1
41,2,9,2,13,0,1,0,0,40,0
44,2,8,0,7,1,1,0,0,40,0
49,2,9,0,12,1,1,4787,0,40,1
37,1,9,2,5,0,1,0,0,40,0
35,2,16,2,3,0,1,0,0,45,1
34,1,9,2,7,5,0,0,1740,35,0
21,2,9,4,7,1,1,0,0,35,0
43,2,14,0,3,1,0,0,0,50,0
29,5,14,2,12,0,1,0,0,50,0
49,5,13,2,0,0,1,0,0,40,1
37,0,10,4,3,3,0,0,0,40,0
50,4,9,2,4,0,1,0,0,50,0
23,2,10,4,5,1,1,0,0,40,0
54,1,14,2,9,5,0,0,1887,38,1
31,2,10,0,0,1,0,0,0,40,0
21,2,9,4,2,4,1,0,0,50,0
35,2,9,2,13,0,1,2885,0,40,0
32,2,11,0,3,1,0,0,0,50,0
36,2,10,0,0,4,0,0,0,40,0
37,1,10,2,12,0,1,0,0,45,1
42,2,14,2,9,0,1,0,1902,50,1
35,2,9,0,11,1,0,0,0,30,0
67,2,9,0,0,1,0,0,0,15,0
31,1,9,5,7,3,1,0,0,40,0
28,2,6,4,13,4,1,0,0,30,0
43,4,13,2,2,0,1,0,0,40,1
54,2,7,2,7,5,0,0,0,43,0
18,2,9,4,3,2,0,0,0,40,0
39,2,13,2,3,0,1,0,0,45,1
43,0,9,0,0,1,1,0,0,40,0
28,2,13,4,9,1,0,2174,0,40,0
42,2,9,0,2,1,1,0,0,43,1
47,1,10,2,10,0,1,0,0,48,1
48,2,9,2,13,0,1,0,0,50,0
28,2,13,0,0,1,0,0,0,40,0
20,2,10,4,7,3,1,0,0,40,0
28,2,9,2,7,0,1,0,0,40,0
36,2,12,2,3,0,1,0,0,44,1
23,2,10,4,0,1,0,0,0,24,0
48,2,9,0,0,2,0,0,0,40,0
44,2,13,2,3,0,1,0,0,40,1
45,2,10,4,3,1,0,6849,0,43,0
67,2,10,2,11,0,1,6767,0,40,0
34,2,11,4,0,1,0,0,0,40,0
27,2,9,4,6,1,0,0,0,40,0
46,3,13,2,11,0,1,0,0,45,0
43,2,9,5,2,1,1,0,0,40,1
50,2,4,0,7,2,0,0,0,40,0
30,2,9,2,3,0,1,0,0,50,0
32,2,13,2,0,5,0,0,0,2,0
60,2,11,0,7,1,1,0,0,20,0
49,0,11,2,2,0,1,0,0,40,1
35,3,14,2,11,0,1,0,0,45,1
72,4,10,2,4,0,1,0,0,21,0
61,4,9,2,3,0,1,0,0,30,1
31,2,10,2,6,0,1,0,0,40,0
32,2,7,0,7,1,1,0,0,33,0
28,2,13,2,0,2,0,0,0,15,0
29,4,9,5,2,1,1,0,0,35,0
33,2,11,5,10,1,0,0,0,40,0
54,2,10,2,2,0,1,0,0,40,1
32,0,12,2,10,0,1,0,0,50,0
24,2,10,4,0,3,1,0,0,20,0
21,2,3,4,8,1,0,0,0,40,0
30,2,10,4,2,3,1,0,0,40,0
40,3,7,2,3,0,1,15024,0,20,1
39,2,12,0,0,4,0,0,0,40,0
46,2,10,0,2,4,1,0,0,40,1
25,0,13,4,0,4,0,0,1590,40,0
38,4,13,2,9,0,1,0,0,70,0
21,2,10,4,11,2,0,0,0,40,0
24,2,9,2,11,0,1,0,0,50,0
41,2,11,2,0,5,0,7688,0,44,1
29,4,9,2,4,0,1,0,0,70,0
35,2,9,2,6,0,1,0,0,40,0
56,2,9,2,13,0,1,3103,0,45,1
18,2,7,4,11,3,0,0,0,15,0
35,2,6,2,2,0,1,0,0,40,0
22,2,13,4,3,3,0,0,0,40,0
37,1,10,2,13,0,1,0,0,40,0
19,2,10,4,8,1,0,0,0,40,0
35,1,14,2,9,5,0,0,0,35,1
28,2,14,2,9,0,1,0,0,38,1
31,3,12,2,11,0,1,0,0,40,0
69,0,7,6,0,1,0,0,0,20,0
24,2,10,4,6,1,1,0,0,40,0
44,5,15,2,9,0,1,15024,0,75,1
31,0,9,0,2,4,1,0,0,50,0
35,2,11,2,2,0,1,0,0,50,0
31,2,10,4,11,1,0,0,1504,40,0
26,2,13,4,0,3,1,0,0,24,0
32,2,13,4,12,1,1,0,0,40,0
47,2,13,0,2,1,1,0,0,40,0
31,2,10,0,0,4,0,0,0,40,0
24,2,13,4,12,1,1,0,0,40,0
34,2,13,2,3,0,1,0,0,48,1
35,2,10,0,6,4,0,0,0,40,0
43,2,13,2,9,0,1,0,0,50,1
43,2,14,5,11,4,0,6497,0,50,0
61,4,4,2,4,0,1,0,0,56,0
54,2,13,2,7,0,1,0,0,40,0
27,2,9,2,6,0,1,0,0,40,0
68,3,10,2,3,0,1,10605,0,20,1
37,2,12,2,11,0,1,0,1977,45,1
46,5,10,2,10,0,1,0,0,70,1
34,2,9,0,0,4,0,0,0,40,0
47,2,9,2,0,5,0,0,0,20,1
26,2,9,4,2,1,1,4416,0,40,0
26,1,14,3,9,1,0,0,0,40,0
24,2,11,4,2,1,1,0,0,55,0
21,2,9,4,11,4,0,0,0,40,0
56,2,5,6,6,4,0,0,0,40,0
46,1,14,0,9,1,0,0,1876,60,0
48,2,7,2,6,0,1,0,0,56,0
38,2,10,2,3,0,1,0,0,40,1
50,5,15,2,3,0,1,0,0,52,1
53,5,9,2,2,0,1,0,0,40,0
43,2,9,2,6,0,1,0,0,40,0
17,2,7,4,9,3,1,0,0,40,0
24,2,8,2,2,0,1,0,0,40,0
43,4,10,2,6,5,0,0,0,50,0
36,2,7,2,2,0,1,5178,0,40,1
28,2,13,4,0,1,0,0,0,45,0
43,2,9,2,2,0,1,0,0,40,1
52,3,15,2,9,0,1,99999,0,35,1
49,2,9,2,6,0,1,0,0,45,0
44,1,9,0,0,4,0,0,0,40,0
42,2,9,4,7,1,0,0,0,40,0
47,2,11,2,0,0,1,0,0,40,0
39,2,6,2,6,0,1,2635,0,40,0
45,1,13,2,3,0,1,7688,0,65,1
48,2,10,2,2,2,1,0,0,40,1
38,2,9,2,6,0,1,0,0,40,0
24,5,13,4,3,1,0,0,0,40,0
48,4,9,5,7,2,0,0,0,25,0
54,2,4,0,6,1,1,0,0,40,0
54,1,14,2,0,0,1,0,0,40,0
52,1,9,0,12,4,1,4934,0,36,1
50,4,15,0,11,1,1,0,0,50,1
34,2,10,2,3,5,0,0,1485,40,1
33,5,10,2,2,0,1,0,0,4,0
50,3,15,2,9,0,1,7688,0,50,1
44,2,13,2,0,0,1,3103,0,40,1
53,3,15,2,9,0,1,0,1977,60,1
38,2,9,0,2,4,1,0,0,50,0
21,2,10,4,7,3,0,0,0,40,0
26,2,10,4,7,1,0,0,0,40,0
19,2,9,4,7,1,0,0,0,30,0
29,2,9,2,2,0,1,0,0,60,0
47,2,4,2,5,0,1,0,0,40,0
48,2,13,0,9,1,0,0,0,40,0
29,0,9,0,3,1,0,0,0,40,0
29,2,9,4,7,4,0,0,0,40,0
64,2,10,5,7,1,1,0,0,40,0
28,2,10,2,9,0,1,0,0,40,0
18,2,7,4,0,1,1,0,0,40,0
39,2,10,2,11,5,0,0,0,45,1
50,2,9,0,13,1,1,0,0,50,0
30,2,9,2,13,0,1,0,0,45,0
33,2,14,4,0,3,1,0,0,40,0
18,2,10,4,7,1,0,0,0,40,0
18,2,7,4,7,3,1,0,0,15,0
46,2,9,0,9,1,0,0,0,40,0
42,5,9,0,0,1,0,0,0,25,0
25,2,9,4,13,1,1,0,0,78,0
33,4,11,2,9,5,0,3103,0,50,1
47,1,13,2,9,0,1,3137,0,40,0
40,2,9,2,7,0,1,0,0,45,0
32,5,13,0,3,1,0,0,0,40,0
41,2,8,2,2,0,1,0,0,40,1
46,3,14,2,3,0,1,0,0,55,1
37,2,2,2,13,0,1,0,0,40,0
35,1,14,0,0,4,0,0,0,41,0
46,2,5,5,2,4,0,0,0,40,0
71,2,3,2,3,0,1,0,0,40,0
54,2,10,0,0,1,0,0,0,40,0
24,2,12,2,0,5,0,0,0,40,0
42,2,14,2,9,0,1,0,0,23,1
39,2,10,0,7,1,1,0,0,40,0
25,2,9,4,0,3,0,0,0,40,0
18,2,8,4,5,3,1,0,0,40,0
48,2,12,2,2,0,1,0,1848,46,1
31,2,10,3,13,4,1,0,0,50,0
47,1,9,5,0,4,0,0,0,40,0
57,2,6,6,13,1,1,0,0,40,0
60,2,9,6,11,1,0,0,0,50,0
24,5,13,4,9,1,1,0,0,20,0
57,5,14,2,9,0,1,0,0,50,1
42,2,9,5,11,3,0,0,0,40,0
37,5,9,0,7,1,0,0,0,16,0
42,2,13,2,13,0,1,0,0,40,0
45,2,13,4,9,1,1,0,0,40,0
53,2,9,4,0,1,1,0,0,40,0
24,2,10,2,0,0,1,0,0,15,0
30,2,13,2,9,5,0,0,0,38,0
51,2,3,2,5,0,1,0,0,52,0
24,2,9,2,7,5,0,0,0,30,0
47,0,9,2,0,0,1,0,0,40,1
43,4,13,2,11,0,1,0,2415,40,1
38,2,6,2,6,0,1,0,0,40,1
54,4,9,6,2,1,1,0,2001,35,0
30,2,9,4,2,3,1,0,0,40,0
51,1,14,2,9,0,1,0,0,40,1
31,2,9,2,0,5,0,0,0,37,0
49,2,13,4,12,1,0,0,1564,40,1
57,2,3,5,6,1,0,0,0,40,0
37,1,10,2,12,5,0,7298,0,36,1
76,4,4,4,4,1,1,0,0,30,0
55,2,9,2,2,0,1,0,0,50,1
29,2,9,4,2,1,1,0,0,50,0
45,2,9,0,2,1,1,0,0,40,0
33,2,9,2,13,0,1,3908,0,40,0
20,5,10,4,5,3,1,0,0,40,0
56,2,9,2,6,0,1,0,0,40,0
30,2,14,4,9,1,1,0,0,45,1
46,2,7,6,7,1,0,0,0,27,0
21,2,9,4,11,2,1,0,0,45,0
48,1,13,0,10,1,0,0,0,43,1
39,4,10,0,7,1,0,3325,0,40,0
31,2,2,4,7,2,0,0,0,25,0
27,2,10,4,9,1,1,0,0,40,0
36,2,9,5,0,4,0,0,0,38,0
36,0,14,2,3,0,1,0,0,40,1
37,5,9,2,10,0,1,0,0,55,1
56,5,12,4,0,1,0,0,0,45,0
46,1,13,0,9,4,0,0,0,45,0
49,3,9,2,9,0,1,0,0,60,0
40,4,9,5,3,2,1,0,0,40,0
42,2,9,2,13,0,1,7298,0,40,1
30,2,9,2,11,3,0,0,0,40,0
33,4,9,2,11,0,1,0,0,60,0
33,2,10,2,7,5,0,0,0,35,0
20,2,9,4,7,1,1,0,1719,33,0
36,2,14,4,0,1,1,13550,0,50,1
23,2,13,4,0,1,0,0,0,40,0
48,0,12,5,0,4,0,0,0,40,0
34,2,9,0,7,4,0,0,0,36,0
41,4,9,2,3,0,1,0,0,40,1
62,2,16,2,9,0,1,15024,0,50,1
44,2,7,2,9,5,0,5178,0,36,1
19,2,9,5,0,4,0,0,0,30,0
45,5,13,2,0,0,1,0,0,38,1
33,4,13,4,7,1,0,0,0,15,0
39,2,10,4,4,1,0,0,0,40,0
23,0,13,4,9,1,0,0,0,15,0
44,2,15,2,3,0,1,0,0,55,1
26,2,10,2,3,5,0,0,0,35,0
43,2,10,2,0,5,0,4064,0,15,0
33,2,9,0,13,1,1,0,0,55,0
22,2,13,4,3,3,1,2202,0,4,0
55,2,11,0,0,4,0,0,0,40,0
36,2,10,2,6,0,1,0,0,44,0
39,2,9,4,9,1,1,0,0,50,0
53,5,14,2,3,0,1,0,0,60,1
27,2,10,4,7,3,1,0,0,40,0
48,2,9,0,5,1,1,0,0,40,0
40,2,11,0,5,1,0,0,0,35,0
40,2,10,2,11,0,1,0,0,40,0
41,2,10,2,2,0,1,0,0,40,1
48,2,13,2,3,0,1,0,0,40,1
30,3,10,2,3,5,0,0,0,25,0
39,2,9,3,11,4,0,0,0,28,0
24,2,9,2,2,0,1,0,0,40,0
45,2,10,0,2,1,1,0,0,40,0
53,4,11,5,2,1,1,0,0,40,0
33,2,10,5,7,1,0,0,0,30,0
43,5,9,2,2,0,1,0,0,40,0
37,2,13,4,0,3,0,0,0,32,0
40,2,13,2,9,0,1,0,0,60,1
63,2,10,6,7,1,0,0,0,40,0
30,2,10,2,2,0,1,0,0,40,0
35,2,9,0,6,1,0,0,0,40,0
58,3,15,4,9,1,1,27828,0,40,1
50,2,14,2,12,0,1,0,0,45,1
49,1,13,4,9,4,1,0,0,60,1
57,2,10,2,2,0,1,0,0,40,1
29,2,10,2,3,0,1,0,1887,50,1
26,2,10,4,3,3,0,0,0,40,0
41,2,10,2,2,0,1,0,0,50,0
41,2,4,2,13,0,1,0,0,40,0
28,2,13,4,3,1,1,0,0,48,0
17,2,6,4,11,3,0,0,0,22,0
31,2,13,2,6,0,1,0,0,50,0
30,2,14,2,7,0,1,0,0,15,1
34,2,9,4,2,1,1,0,0,40,0
42,2,10,2,2,0,1,0,0,40,0
46,2,13,2,2,0,1,0,0,45,1
42,2,10,4,6,4,0,0,0,40,0
26,5,11,0,3,1,0,0,0,38,0
27,2,10,4,12,3,0,0,0,32,0
40,2,10,2,5,0,1,0,0,40,0
26,5,14,2,9,0,1,0,0,30,0
34,2,14,4,9,3,0,0,0,30,0
44,2,13,2,3,0,1,0,0,35,1
53,2,9,2,7,0,1,0,0,50,1
35,2,11,2,12,0,1,0,0,38,0
25,2,9,2,3,0,1,0,0,75,0
33,2,9,4,5,1,1,0,0,40,0
62,2,5,2,7,0,1,0,0,35,0
32,2,13,2,3,0,1,15024,0,45,1
22,2,10,4,11,3,0,0,0,20,0
25,2,9,2,13,0,1,0,0,50,0
45,2,9,4,0,1,1,0,0,44,0
23,2,9,4,7,1,1,0,0,30,0
30,2,11,2,2,0,1,0,0,40,0
34,5,13,2,0,0,1,0,0,55,0
20,2,10,4,11,3,1,0,0,40,0
25,2,4,2,2,0,1,0,0,40,0
26,2,9,2,6,0,1,0,0,40,0
35,2,10,2,9,0,1,0,0,40,1
38,2,10,0,2,1,1,0,1741,40,0
35,1,10,2,10,0,1,0,0,40,1
44,2,10,2,9,0,1,0,0,45,0
27,2,10,4,0,4,0,0,0,30,0
51,2,9,2,13,0,1,0,0,40,1
40,2,9,2,2,0,1,0,0,40,0
29,2,14,2,9,0,1,0,0,40,1
32,2,10,0,11,1,1,0,0,50,0
56,2,3,5,6,1,1,0,0,40,0
23,2,10,4,7,3,1,0,0,40,0
34,2,10,2,9,0,1,0,0,40,1
19,2,9,4,5,2,0,0,0,60,0
40,2,9,4,6,1,1,14344,0,40,1
19,2,9,4,5,3,1,0,0,10,0
29,2,5,4,6,1,1,0,0,40,0
49,2,13,2,11,0,1,0,2415,55,1
67,2,13,2,10,0,1,6514,0,7,1
33,2,4,0,5,3,1,0,0,40,0
68,2,9,6,11,1,0,0,0,24,0
58,4,10,2,4,0,1,0,2415,40,1
43,0,11,4,9,1,0,13550,0,40,1
33,2,9,4,0,4,0,0,0,40,0
62,1,13,2,0,5,0,0,1258,38,0
28,2,14,4,3,1,0,0,0,45,0
23,2,9,2,7,5,0,0,0,35,0
37,2,13,4,0,3,0,0,0,40,0
47,2,10,2,3,0,1,0,0,40,0
51,1,14,2,9,0,1,0,1977,35,1
33,2,10,4,9,1,1,0,0,52,0
63,2,13,4,12,1,1,0,0,40,1
20,2,9,4,2,3,1,0,0,60,0
39,1,10,4,10,1,0,0,0,40,1
40,2,9,4,11,3,1,0,0,40,0
33,2,9,2,2,0,1,3411,0,40,0
50,2,9,0,3,4,0,0,0,38,0
22,1,13,4,9,3,0,0,0,20,0
36,2,5,4,4,4,0,0,0,40,0
38,3,10,2,2,0,1,0,0,38,0
47,1,14,2,9,0,1,0,0,40,1
39,4,13,2,2,2,1,0,0,35,1
48,4,10,2,9,0,1,0,0,49,0
45,2,9,2,10,0,1,0,0,40,1
54,2,14,2,13,0,1,7688,0,60,1
20,2,10,4,11,3,0,0,0,20,0
44,2,13,4,9,1,0,0,0,45,0
36,4,8,4,2,3,1,0,0,40,0
47,2,9,2,13,0,1,0,0,70,1
40,3,12,2,11,0,1,15024,0,50,1
22,2,9,0,2,1,1,0,0,40,0
17,2,6,4,9,3,1,0,0,20,0
20,2,8,4,4,3,1,0,0,40,0
33,2,13,4,3,1,0,0,0,40,0
34,2,9,2,11,0,0,0,0,40,0
39,2,10,2,6,0,1,0,0,40,0
64,2,11,0,12,1,0,0,0,40,0
51,2,14,2,12,0,1,0,0,40,1
50,2,3,0,6,4,0,0,0,40,0
36,4,10,2,3,0,1,0,0,52,0
45,2,10,2,3,0,1,0,0,40,0
26,2,10,2,3,5,0,0,0,25,0
33,2,10,2,3,0,1,0,0,40,1
34,4,9,2,2,0,1,0,0,55,0
25,2,10,4,7,3,1,0,0,40,0
57,2,9,2,0,5,0,0,0,38,1
21,2,10,4,11,1,1,0,0,40,0
50,4,12,4,11,1,0,0,1408,5,0
27,4,10,2,7,5,0,0,0,50,0
35,1,13,2,10,0,1,0,0,48,0
36,4,13,4,9,1,0,0,0,30,0
57,2,9,5,2,4,1,0,0,40,0
44,4,13,0,2,1,1,0,0,40,0
44,1,14,0,9,1,0,8614,0,35,1
41,2,10,2,2,0,1,0,0,56,1
19,2,2,4,5,1,1,0,0,55,0
47,2,9,2,2,0,1,0,0,40,0
68,5,16,2,9,0,1,0,2377,60,1
45,2,7,2,7,5,0,0,0,32,0
27,2,10,2,3,0,1,0,0,80,0
63,5,10,2,10,0,1,0,0,32,0
35,2,11,0,3,4,1,0,0,40,0
28,2,10,4,7,1,1,0,0,40,0
35,2,13,2,11,0,1,0,0,45,0
40,2,13,2,3,5,0,0,0,45,1
66,5,4,6,7,1,0,2964,0,40,0
33,2,9,4,7,4,0,0,0,40,0
58,4,6,5,11,2,1,0,0,40,0
19,5,9,4,0,1,0,0,0,20,0
56,4,7,6,7,4,0,0,0,50,0
32,4,9,2,4,0,1,0,0,40,0
62,4,13,2,9,0,1,15024,0,40,1
34,0,13,2,10,0,1,7298,0,54,1
25,2,12,4,3,3,1,0,0,40,0
34,2,9,4,5,1,1,0,0,40,0
42,4,9,2,11,0,1,0,0,60,0
24,2,9,4,7,3,1,0,0,40,0
35,2,9,4,7,3,0,0,0,35,0
48,2,5,2,6,2,0,0,0,45,0
33,2,10,4,0,1,1,0,0,40,0
18,2,10,4,11,1,0,0,0,30,0
35,0,9,4,0,4,0,0,0,40,0
40,2,13,4,9,1,1,0,0,30,0
41,4,9,2,4,5,0,0,0,40,0
46,2,9,2,7,5,0,0,0,40,0
25,2,13,4,9,3,0,0,0,15,0
29,2,9,2,2,0,1,0,0,40,1
28,2,13,2,9,0,1,3103,0,40,1
29,2,6,5,4,4,0,0,0,40,0
37,2,9,2,5,0,1,5178,0,40,1
55,2,15,2,9,0,1,0,0,40,1
29,2,13,2,9,0,1,0,0,40,1
39,4,5,2,4,2,1,0,0,40,0
21,2,9,4,2,1,1,0,0,32,0
39,2,3,5,11,4,0,0,0,30,0
33,1,6,2,13,0,1,0,0,40,0
35,2,10,3,0,1,0,0,0,40,0
44,2,14,5,3,1,1,0,2559,40,1
32,2,9,2,6,0,1,0,0,40,0
62,2,6,0,7,3,0,0,0,40,0
25,2,11,4,12,4,0,0,0,40,0
17,2,3,4,7,2,1,0,0,48,0
39,2,13,4,5,3,1,0,0,40,0
21,2,9,4,11,3,0,0,0,35,0
20,2,7,4,2,1,1,0,0,40,0
36,3,13,0,11,1,1,0,0,60,0
20,2,8,4,7,1,1,0,0,40,0
48,5,14,2,3,0,1,0,0,55,1
36,2,12,2,3,0,1,0,0,50,0
39,2,3,2,7,0,1,0,0,40,0
59,1,9,5,10,2,0,0,2339,40,0
58,2,7,2,2,0,1,0,0,40,0
53,2,4,4,13,1,1,0,0,40,0
81,2,10,2,11,0,1,0,0,15,0
36,2,9,2,11,0,1,0,0,60,0
24,2,9,4,6,3,1,0,0,40,0
39,2,10,2,2,3,1,0,0,40,0
37,2,12,4,11,4,0,0,0,40,0
27,2,9,4,5,3,1,0,0,40,0
47,2,10,3,12,1,1,0,0,40,0
34,2,13,2,9,0,1,0,0,40,1
38,2,9,0,3,4,0,0,0,40,0
52,4,9,0,13,1,1,0,0,65,0
62,2,13,2,3,0,1,0,0,40,1
47,0,9,3,0,1,0,0,0,40,0
49,2,13,2,11,0,1,0,0,50,1
54,2,10,2,11,0,1,0,2415,50,1
50,4,9,2,11,0,1,15024,0,55,1
61,1,14,2,9,5,0,0,0,30,0
41,2,10,0,12,4,0,0,0,36,0
45,5,9,2,7,0,1,0,0,40,0
39,2,9,4,13,3,1,0,0,40,0
36,2,9,2,2,0,1,7688,0,50,1
22,2,13,4,0,3,0,0,0,10,0
39,2,9,4,0,1,0,0,0,40,0
19,2,7,4,6,1,1,0,0,10,0
23,4,6,4,11,3,0,0,0,40,0
24,2,12,0,7,1,0,0,0,22,0
66,2,9,6,8,1,0,0,0,50,0
27,2,12,2,2,0,1,0,0,45,1
33,2,13,2,9,0,1,0,0,40,1
31,2,13,4,9,1,0,0,0,40,0
41,2,13,2,9,0,1,0,0,40,1
20,2,8,4,9,1,0,0,0,35,0
25,2,10,4,11,1,1,0,0,30,0
48,1,14,2,9,0,1,0,0,40,1
27,2,11,2,2,0,1,0,0,48,0
21,2,7,2,2,0,1,0,0,60,0
44,2,9,0,12,1,1,0,0,50,1
31,2,9,4,7,3,1,0,0,35,0
24,1,10,5,10,1,1,0,0,60,0
45,2,10,2,6,0,1,0,0,44,1
38,2,16,2,0,0,1,0,0,40,0
38,2,12,4,11,1,0,0,0,45,0
41,2,13,2,9,0,1,7688,0,55,1
28,0,10,4,0,1,0,0,0,40,0
41,1,13,2,9,0,1,0,0,35,1
18,2,9,4,0,3,1,0,0,40,0
36,2,2,4,7,2,0,0,0,40,0
43,3,13,2,4,5,0,0,0,60,1
54,3,15,2,9,0,1,99999,0,40,1
44,1,15,5,9,4,0,0,0,40,0
67,2,11,0,7,1,0,0,0,24,0
27,2,13,4,0,1,0,0,0,45,0
20,2,10,4,12,1,0,0,0,10,0
33,4,9,2,2,0,1,0,0,40,0
20,2,10,4,0,1,0,0,0,40,0
25,2,13,4,11,1,1,3325,0,48,0
64,2,9,0,6,1,0,0,0,40,0
18,2,7,4,7,3,0,594,0,30,0
44,2,10,2,2,0,1,4386,0,55,0
34,2,10,4,0,4,0,0,0,40,0
31,4,4,2,2,0,1,0,0,40,0
40,0,13,2,9,0,1,7688,0,66,1
22,2,9,4,11,3,0,0,0,15,0
37,2,9,2,2,0,1,0,0,40,0
46,0,9,0,3,1,1,0,0,42,0
63,3,14,0,9,1,1,0,0,70,1
30,2,10,2,6,0,1,0,0,40,0
25,2,4,4,6,4,1,0,0,40,0
35,2,10,4,6,1,0,0,0,40,0
43,2,9,5,11,1,0,0,0,30,0
52,2,16,2,3,0,1,0,0,57,1
37,2,10,2,11,5,0,0,0,40,1
44,2,9,0,0,4,0,0,0,40,0
46,3,14,4,3,1,1,0,1564,50,1
55,0,13,0,9,4,1,0,0,40,0
45,3,9,2,3,0,1,0,0,48,1
43,0,13,2,0,0,1,7298,0,40,1
34,2,13,4,9,3,0,0,0,15,0
50,2,9,5,7,4,0,0,0,40,0
47,0,13,0,9,1,1,0,0,40,0
36,2,11,4,0,1,1,0,0,42,1
46,4,13,2,11,0,1,0,1977,45,1
34,4,9,4,4,1,1,0,1974,30,0
41,2,13,2,10,0,1,15024,0,60,1
42,2,10,2,2,0,1,0,0,89,1
45,5,9,0,3,4,0,0,0,38,1
48,2,14,0,9,1,1,0,0,25,0
21,2,9,4,3,1,1,0,0,40,0
44,2,10,2,12,0,1,0,0,44,1
31,2,13,4,0,1,1,0,0,50,0
39,2,10,2,7,0,1,0,0,84,1
59,2,13,0,0,4,0,0,0,40,0
57,4,4,2,2,0,1,0,0,40,1
67,2,14,3,3,1,1,0,0,55,1
32,2,14,2,3,5,0,0,0,40,0
17,2,6,4,5,3,1,0,0,10,0
22,2,9,4,7,4,1,0,0,20,0
19,2,9,2,11,0,1,3781,0,40,0
45,3,10,2,4,0,1,0,0,50,0
27,2,9,2,2,0,1,0,0,40,0
53,0,13,0,3,4,0,0,0,50,1
30,2,9,4,3,3,1,0,0,40,0
41,2,10,2,0,0,1,3103,0,40,1
20,4,11,4,4,3,1,0,0,40,0
43,1,11,0,0,1,0,0,0,40,0
43,2,10,2,11,0,1,7688,0,40,1
30,2,9,4,3,1,0,0,0,40,0
21,2,10,4,0,1,0,0,0,27,0
55,2,9,2,11,0,1,4064,0,40,0
36,2,9,0,3,1,0,0,0,40,0
21,2,10,4,13,3,1,0,0,10,0
43,2,13,3,11,4,0,0,0,20,0
36,2,9,2,13,0,1,0,0,25,1
18,2,8,4,11,2,0,0,0,16,0
48,2,9,2,2,0,1,0,1579,40,0
54,5,9,5,3,4,0,0,0,38,0
37,2,11,4,5,1,1,0,0,40,0
53,3,14,2,11,0,1,0,0,65,1
60,4,9,2,11,5,0,0,0,25,0
52,2,5,2,4,0,1,0,0,60,1
25,2,10,4,2,3,1,0,0,55,0
33,2,3,3,2,1,1,0,0,40,0
55,2,9,2,3,0,1,0,0,40,1
47,2,13,2,4,0,1,0,0,65,0
29,2,9,3,5,1,1,0,0,40,0
20,2,9,2,0,5,0,0,0,40,0
32,2,6,4,6,3,1,0,0,40,0
49,2,13,2,3,0,1,0,0,50,1
24,2,10,4,13,1,1,0,0,75,0
32,2,13,4,2,3,1,0,0,40,0
41,2,10,4,12,4,0,0,0,40,0
40,2,7,4,7,2,1,0,0,40,0
44,2,12,4,9,4,0,1151,0,50,0
27,2,6,4,6,4,0,0,0,40,0
66,2,9,5,6,1,1,0,0,40,0
38,2,9,2,5,0,1,2829,0,30,0
21,2,10,4,11,1,1,0,0,40,0
46,2,9,4,5,2,1,0,0,5,0
21,2,10,4,11,3,1,0,0,40,0
33,2,13,3,7,4,0,0,0,24,0
50,2,9,2,0,5,0,5178,0,40,1
20,2,10,4,11,3,0,0,0,13,0
21,2,9,4,2,1,1,0,0,40,0
29,2,10,2,12,5,0,0,0,40,0
44,2,14,4,2,4,0,0,0,40,0
23,2,13,4,7,3,0,0,0,30,0
47,2,13,2,11,0,1,0,0,70,0
43,2,10,2,2,0,1,0,0,40,0
45,2,5,2,13,0,1,0,0,40,0
18,2,7,4,7,3,0,0,0,12,0
52,2,9,0,7,1,0,0,0,38,0
48,2,9,2,6,0,1,0,0,60,1
29,4,9,2,2,0,1,0,0,40,0
64,2,10,6,11,1,0,0,0,40,0
37,2,10,2,2,0,1,0,0,40,1
34,2,9,2,6,0,1,0,0,40,0
49,2,9,2,2,0,1,5013,0,60,0
62,4,3,2,4,0,1,0,0,30,0
33,2,13,2,3,0,1,0,0,50,0
19,2,10,4,6,1,0,0,0,80,0
55,2,9,2,2,0,1,0,0,40,0
51,4,14,2,3,0,1,0,0,42,1
48,2,9,2,0,0,1,0,0,40,0
28,2,4,2,5,0,1,0,0,40,0
39,2,10,4,6,2,1,0,0,40,0
58,2,9,0,11,4,0,0,0,23,0
37,2,9,2,2,0,1,0,0,40,0
30,2,5,4,6,1,1,0,0,40,0
35,2,13,2,3,0,1,0,0,50,1
26,5,13,4,9,1,0,0,0,10,0
40,2,8,2,2,0,1,0,0,50,1
18,2,7,4,11,3,0,0,0,12,0
50,2,13,5,11,1,1,0,0,40,1
35,2,9,2,13,0,1,0,0,60,0
47,2,14,0,11,1,0,0,0,6,0
64,2,9,6,8,1,0,0,0,15,0
40,2,10,0,11,1,1,0,0,40,0
22,2,10,4,0,3,0,0,0,30,0
42,2,4,0,11,1,0,0,0,40,0
32,2,10,4,7,1,0,0,2001,25,0
36,4,6,2,4,0,1,0,0,60,0
53,2,9,0,8,1,0,0,0,20,0
31,2,10,2,2,0,1,0,0,45,0
50,3,10,0,10,1,1,0,0,40,0
31,1,15,2,9,0,1,0,0,40,1
46,2,9,2,11,0,1,0,0,40,1
56,1,10,2,10,0,1,0,0,40,0
23,5,10,4,9,3,1,0,0,10,0
18,2,10,4,7,1,1,0,0,25,0
29,2,9,2,13,0,1,0,0,40,1
31,2,13,2,11,0,1,7688,0,55,1
45,1,14,2,9,0,1,0,0,37,1
41,2,9,5,6,4,0,0,0,44,0
32,3,13,4,3,1,1,0,0,60,0
65,2,7,2,5,0,1,0,0,20,0
45,2,9,2,6,0,1,0,0,40,0
52,2,5,2,5,0,1,0,0,40,0
53,2,11,2,2,0,1,0,0,40,0
31,2,10,0,3,4,1,0,0,40,0
29,2,13,2,12,0,1,0,0,40,0
42,5,10,0,0,3,1,0,0,40,0
62,2,10,2,7,0,1,0,0,40,0
35,2,9,2,2,0,1,0,0,40,0
23,2,10,4,7,1,1,0,0,25,0
30,2,10,4,3,1,0,0,0,40,0
38,2,13,2,3,0,1,0,0,55,1
35,4,13,5,2,1,1,0,0,65,0
66,2,9,6,0,1,0,0,0,13,0
24,2,9,2,5,0,1,0,0,50,0
23,2,4,4,6,3,0,0,0,40,0
48,2,13,2,12,0,1,0,0,45,1
42,2,11,2,9,0,1,0,0,40,1
23,2,9,2,11,5,0,0,0,40,0
50,2,13,2,2,0,1,0,1887,50,1
50,2,9,2,0,0,1,0,0,40,0
55,3,15,2,9,0,1,0,2415,35,1
27,2,9,0,11,3,0,0,0,35,0
29,2,10,4,0,1,0,0,0,40,0
38,4,10,0,2,1,1,0,0,40,0
49,2,10,2,3,5,0,5178,0,40,1
32,2,9,4,7,1,1,0,0,37,0
21,2,10,4,11,1,0,0,0,20,0
28,2,9,4,2,4,1,2354,0,40,0
32,2,12,4,11,1,1,0,0,50,0
36,2,9,2,2,0,1,15024,0,40,1
59,2,9,0,7,1,0,0,0,40,0
51,4,12,0,13,4,0,0,0,30,0
36,2,12,0,7,4,0,0,0,37,0
19,2,10,4,0,3,0,0,0,20,0
28,2,10,2,6,0,1,0,1902,40,1
32,2,13,4,9,3,1,0,0,40,0
41,2,7,2,2,0,1,0,0,40,0
27,2,10,2,6,0,1,0,0,50,0
26,0,15,4,9,1,0,0,0,20,0
50,2,4,2,6,0,1,0,0,20,0
38,2,10,2,10,0,1,0,0,40,1
43,2,13,2,2,0,1,0,0,84,1
27,2,9,5,5,3,0,0,1594,25,0
38,2,10,0,0,1,1,0,0,40,0
24,2,13,4,11,1,1,0,0,60,0
27,2,9,4,7,3,0,0,0,32,0
36,4,9,0,2,1,1,0,0,40,0
32,2,13,2,3,0,1,0,0,60,1
42,2,10,2,6,0,1,0,0,40,0
43,0,9,2,2,0,1,0,0,40,1
53,2,13,0,9,1,0,0,0,50,1
55,2,9,0,0,4,0,0,0,45,0
20,2,7,4,13,3,1,0,0,40,0
64,1,9,2,2,0,1,3137,0,40,0
27,2,13,2,11,0,1,0,0,45,1
25,2,9,4,7,4,0,0,0,40,0
40,2,9,4,7,1,1,0,0,40,0
76,4,9,2,2,0,1,0,0,30,0
67,2,5,2,13,0,1,0,0,40,0
34,2,6,4,7,4,0,0,0,40,0
60,4,9,2,11,0,1,0,0,70,1
33,5,13,4,9,1,1,0,0,20,0
17,1,5,4,7,3,1,0,0,45,0
29,2,12,0,12,1,0,0,0,40,0
43,2,13,0,3,4,0,0,0,40,0
57,5,14,2,3,0,1,0,0,40,1
61,1,9,2,4,0,1,0,0,48,0
36,2,11,2,3,0,1,0,0,60,1
38,2,11,2,11,0,1,0,0,40,0
44,3,13,2,3,0,1,0,0,45,1
47,2,13,0,7,1,0,99999,0,40,1
49,3,10,2,3,0,1,15024,0,50,1
61,1,9,6,0,4,0,1471,0,35,0
49,2,4,2,6,0,1,0,0,48,0
34,1,13,2,9,0,1,0,2051,40,0
35,5,9,2,2,0,1,0,1485,40,1
19,2,10,4,0,1,0,0,0,25,0
45,2,13,4,9,1,1,0,0,40,0
37,2,13,4,0,1,0,0,0,35,0
38,2,5,2,2,0,1,0,0,40,1
41,2,6,3,2,1,0,0,0,40,0
37,2,9,5,2,4,1,0,0,70,0
33,2,13,5,9,1,0,0,0,40,0
24,2,13,4,9,3,1,0,0,20,0
41,2,9,4,11,1,0,0,0,50,0
23,2,10,2,6,0,1,0,1902,40,0
55,2,9,2,7,5,0,2407,0,35,0
38,2,12,4,6,1,0,10520,0,50,1
41,2,10,2,0,0,1,0,0,46,1
23,2,13,2,7,0,1,0,0,30,0
30,2,5,2,2,0,1,0,0,40,0
41,2,9,0,7,1,0,0,0,30,0
27,1,9,4,4,3,1,0,0,40,0
32,2,10,2,13,0,1,5178,0,50,1
42,2,16,2,9,0,1,0,1902,50,1
26,4,11,2,4,0,1,0,0,55,0
80,4,9,4,3,1,1,0,0,20,0
31,2,14,0,3,1,0,0,0,40,0
30,4,16,2,9,0,1,0,0,40,1
24,2,10,4,3,1,1,0,0,35,0
35,2,13,2,9,0,1,0,0,50,1
36,2,6,4,5,3,1,0,0,40,0
57,4,9,2,4,0,1,0,0,20,0
41,4,7,0,7,1,0,0,0,40,0
70,2,9,2,11,0,1,3432,0,40,0
22,2,10,4,5,3,1,0,0,30,0
48,3,10,0,4,1,1,0,0,45,0
18,2,7,4,8,3,0,0,0,6,0
39,0,15,4,9,1,1,0,0,55,1
58,2,10,4,0,1,0,0,0,37,0
41,2,9,2,13,0,1,0,0,43,0
44,2,14,5,3,4,0,0,0,20,0
58,2,2,2,7,0,1,0,0,38,0
31,2,9,4,0,1,0,0,0,40,0
51,2,9,2,0,0,1,0,0,40,1
50,2,9,2,7,5,0,0,0,30,0
29,2,10,0,0,1,0,0,0,35,0
36,1,13,4,0,1,0,0,0,40,0
54,2,9,2,7,5,0,0,0,35,0
53,2,13,4,3,1,1,0,0,42,0
34,2,9,2,3,0,1,0,0,50,0
32,2,9,2,2,0,1,0,0,40,0
61,2,10,0,7,1,0,0,0,40,0
20,2,7,4,5,1,1,0,0,40,0
25,2,11,2,2,0,1,0,0,40,0
43,1,13,4,7,3,1,0,0,40,0
35,2,10,2,2,0,1,0,0,50,0
34,2,9,0,3,1,0,0,0,40,0
24,2,13,4,11,3,0,0,0,15,0
42,2,3,2,7,0,1,0,0,40,0
36,2,9,2,6,0,1,0,0,40,0
37,2,14,4,3,3,1,0,0,40,1
43,2,10,0,0,4,0,0,0,38,0
37,2,15,2,11,0,1,0,0,45,1
40,2,11,0,9,1,0,0,0,20,0
50,1,9,2,0,5,0,0,0,40,1
50,2,13,4,3,1,1,0,0,50,1
52,2,9,4,11,1,1,0,0,40,0
21,2,10,4,11,1,0,0,0,15,0
25,1,13,4,9,1,0,0,0,35,0
25,2,9,4,6,1,0,0,0,40,0
20,2,10,4,0,2,0,0,0,20,0
39,2,9,2,4,0,1,0,0,30,0
21,2,9,4,7,1,0,0,0,50,0
24,2,13,4,7,1,0,0,0,40,0
20,2,9,4,4,3,1,0,0,47,0
47,4,13,2,3,0,1,0,0,50,0
36,2,10,0,2,4,0,0,0,40,0
31,2,10,4,3,4,1,0,0,60,0
34,5,13,5,3,4,0,0,0,38,0
49,4,13,2,3,0,1,0,0,60,1
37,2,10,2,0,0,1,0,0,50,0
20,1,10,4,3,1,0,0,0,35,0
37,2,9,2,13,0,1,0,0,50,0
31,3,9,4,2,1,1,0,0,45,0
61,2,13,0,11,1,0,0,0,30,0
22,2,10,4,11,3,0,0,0,25,0
20,2,9,4,11,1,0,0,0,30,0
26,2,11,5,0,4,0,0,0,35,0
42,2,10,0,11,4,1,0,0,40,0
27,1,9,4,10,1,1,2174,0,40,0
40,2,11,6,0,4,0,0,0,30,0
67,3,9,2,3,0,1,0,0,45,0
22,2,10,4,7,1,1,0,0,45,0
23,1,13,4,9,4,1,0,0,40,0
32,2,9,2,3,5,0,0,0,50,1
47,2,9,2,7,5,0,0,0,35,0
35,2,10,0,6,1,1,0,0,40,0
35,2,15,4,9,1,1,99999,0,45,1
39,2,10,0,11,4,0,0,0,40,0
30,2,13,2,2,0,1,0,0,40,0
39,2,9,5,5,1,1,0,0,40,0
37,5,12,2,7,0,1,0,0,35,0
74,2,10,2,11,0,1,0,0,20,1
29,2,9,4,5,1,0,0,0,40,0
39,2,10,2,11,5,0,0,0,30,1
51,2,10,2,5,0,1,0,0,50,0
22,2,12,4,0,1,0,0,0,40,0
32,2,9,4,2,3,1,0,0,40,0
27,2,13,4,0,1,1,0,0,35,0
24,2,9,2,5,0,1,0,0,40,0
41,4,13,2,4,0,1,0,0,75,1
23,2,10,2,13,0,1,0,0,40,0
32,2,11,5,12,3,1,0,1590,40,0
29,2,10,2,2,0,1,5013,0,40,0
43,2,9,2,2,0,1,0,0,40,0
51,2,9,4,7,1,1,0,0,40,0
36,2,9,4,11,1,1,0,0,50,0
56,2,9,2,7,0,1,0,0,20,0
20,2,10,4,11,3,0,0,0,4,0
27,2,10,2,13,0,1,0,0,48,0
24,2,9,0,10,1,1,0,0,40,0
26,2,13,4,3,1,1,0,0,40,0
28,2,13,4,9,1,1,0,1564,50,1
29,2,3,4,5,1,1,0,0,42,0
48,4,13,5,12,1,1,0,0,50,0
31,2,10,2,2,0,1,2407,0,65,0
33,4,15,2,9,5,0,0,0,55,1
30,2,10,2,11,0,1,0,0,75,0
31,1,10,4,0,3,1,0,0,40,0
59,2,9,2,6,0,1,0,0,40,0
26,2,9,0,11,4,0,0,0,30,0
31,1,9,0,0,4,0,0,0,40,0
19,5,9,4,0,3,0,0,0,30,0
45,1,14,2,9,0,1,0,0,50,1
42,2,13,5,7,2,1,0,0,50,0
38,2,7,2,13,0,1,0,0,40,0
54,2,10,2,0,0,1,0,0,40,1
57,4,9,2,11,0,1,0,0,72,0
22,2,6,5,7,4,0,0,0,40,0
38,2,6,5,0,4,1,0,3770,40,0
56,3,13,2,3,0,1,15024,0,50,1
19,2,10,4,5,3,1,0,0,24,0
21,2,10,4,0,3,1,0,0,40,0
58,2,9,6,11,1,1,0,0,38,0
57,2,9,2,0,5,0,0,0,45,0
45,2,14,2,9,0,1,0,0,36,1
37,2,13,2,12,0,1,0,0,45,1
55,2,10,0,6,3,1,0,0,40,0
23,2,6,4,2,1,1,0,0,40,0
18,2,9,4,11,3,0,0,0,33,0
26,2,9,4,2,3,1,0,0,40,0
35,2,12,2,11,0,1,0,0,60,0
36,3,10,2,9,0,1,0,0,50,1
31,2,13,0,3,4,0,0,0,40,0
33,2,5,2,13,2,1,0,0,40,0
47,2,11,4,7,1,1,0,0,40,0
28,2,9,4,6,3,1,0,0,50,0
49,2,11,3,5,4,1,0,1380,42,0
18,2,8,4,11,3,0,0,0,20,0
25,2,12,2,2,0,1,3103,0,45,1
57,4,11,2,3,0,1,0,0,20,0
49,4,16,2,9,5,0,0,0,35,1
57,2,10,6,12,1,0,0,0,16,0
73,2,9,2,7,0,1,0,0,30,0
21,2,9,4,4,3,1,0,0,24,0
31,2,11,0,2,1,1,0,0,40,0
23,2,10,4,0,1,0,0,0,40,0
28,2,10,4,9,1,1,0,0,40,0
44,2,13,2,9,0,1,0,0,40,1
61,0,10,2,13,0,1,0,0,40,0
29,2,13,2,9,0,1,0,0,50,1
27,2,9,2,2,0,1,0,0,53,0
20,2,9,4,2,1,1,0,0,40,0
18,2,6,4,7,3,0,0,0,3,0
35,2,9,0,6,4,0,0,0,48,0
44,2,10,2,0,5,0,0,0,35,0
24,2,5,4,2,2,1,0,0,58,0
43,2,13,2,3,0,1,0,0,50,1
36,2,12,2,2,0,1,0,0,52,1
60,2,4,2,2,0,1,0,0,40,0
53,2,8,2,12,0,1,0,0,45,1
40,2,9,2,13,0,1,0,0,50,0
46,2,9,2,2,0,1,3464,0,40,0
66,4,9,2,13,0,1,0,0,50,1
40,2,9,2,2,0,1,0,0,40,0
46,2,4,3,13,1,1,0,0,45,0
53,1,11,0,3,1,1,0,0,48,0
29,5,9,4,0,1,0,0,0,40,0
24,2,9,4,5,3,1,594,0,40,0
36,2,13,4,9,1,0,0,0,40,1
26,2,14,4,3,1,0,0,0,30,0
19,2,10,4,5,3,1,0,0,50,0
45,4,13,0,9,1,1,0,0,45,0
44,2,11,2,9,0,1,0,0,50,1
26,2,9,4,2,3,1,0,0,40,0
19,2,10,4,0,3,1,0,0,30,0
21,2,11,4,6,1,1,0,0,40,0
44,2,10,0,2,1,1,0,0,40,0
51,2,10,0,9,4,0,0,0,40,0
57,2,10,0,5,2,1,0,0,25,0
30,2,2,5,8,2,0,0,0,30,0
61,2,13,2,11,0,1,0,0,45,1
24,2,13,4,11,3,0,0,0,50,0
26,2,12,4,12,3,1,0,0,40,0
48,2,10,5,7,1,0,0,0,25,0
28,2,9,0,0,4,0,0,0,40,0
28,2,13,4,3,1,1,0,0,50,1
35,2,13,2,11,0,1,0,0,50,0
48,3,9,2,3,0,1,7688,0,40,1
38,2,14,2,9,0,1,0,0,40,1
26,2,9,2,0,5,0,0,0,40,0
26,4,9,2,0,0,1,0,0,40,0
35,2,13,2,0,0,1,0,0,40,1
46,2,9,2,7,5,0,0,0,40,0
27,1,12,4,10,3,1,0,0,40,0
24,2,9,4,11,3,1,0,2205,40,0
61,1,2,2,7,0,1,0,0,40,0
30,2,13,4,9,1,0,0,0,40,0
50,2,2,3,2,4,1,0,0,40,0
45,2,10,5,11,4,0,0,0,35,0
20,2,10,4,7,3,1,0,0,20,0
35,2,9,0,3,4,0,0,0,20,0
69,2,12,0,0,1,0,2964,0,6,0
44,2,9,2,6,0,1,0,0,40,0
31,2,2,2,6,0,1,0,0,40,0
29,2,9,2,2,0,1,0,0,40,0
30,3,9,2,5,0,1,0,0,60,0
29,2,9,4,2,1,1,0,0,40,0
23,1,9,4,0,3,1,0,0,40,0
40,2,9,4,2,3,0,0,0,40,0
51,2,9,2,13,0,1,0,0,50,1
45,2,9,2,2,0,1,0,0,46,0
40,2,13,2,3,0,1,15024,0,50,1
60,2,9,2,2,0,1,0,0,40,0
39,2,10,2,11,0,1,3103,0,50,1
28,2,10,4,2,4,1,0,0,40,0
43,5,9,2,2,0,1,0,0,40,0
20,2,9,4,5,3,1,0,0,44,0
30,2,9,4,2,4,1,0,0,40,0
46,2,12,2,0,0,1,0,0,40,0
25,2,9,3,4,1,1,0,0,40,0
50,1,14,2,9,0,1,0,0,50,0
59,2,9,2,5,0,1,0,0,40,1
23,2,10,0,7,3,0,0,0,24,0
30,2,13,4,3,1,1,0,0,55,1
90,2,9,6,0,4,0,0,0,25,0
24,2,10,4,0,3,0,0,0,40,0
27,2,10,4,0,2,0,0,0,40,0
51,3,13,2,10,0,1,0,0,40,1
32,2,6,2,5,2,1,0,0,40,0
35,2,5,2,7,0,1,0,0,32,0
35,2,10,0,11,4,0,0,0,30,0
21,2,13,4,11,3,0,0,0,30,0
25,2,10,4,11,4,0,0,0,40,0
54,5,13,2,3,0,1,0,0,38,0
28,2,9,2,6,0,1,0,1672,50,0
23,2,10,4,7,3,1,0,0,40,0
53,2,9,2,6,0,1,0,0,45,0
42,2,9,2,2,0,1,0,0,40,0
55,2,9,0,2,1,1,4787,0,40,1
26,2,9,4,7,3,0,0,0,30,0
27,4,9,2,13,0,1,0,0,40,0
61,4,15,2,9,0,1,0,0,35,1
28,2,13,2,9,5,0,0,0,45,1
60,2,10,0,0,1,0,0,0,40,0
35,2,10,2,5,0,1,0,0,40,0
20,2,10,4,7,3,0,0,0,20,0
40,4,12,0,3,1,1,0,0,30,0
23,2,10,4,11,1,1,0,0,40,0
31,2,9,2,7,5,0,0,0,35,0
20,2,10,4,13,1,1,0,0,60,0
30,2,12,4,9,1,0,0,0,40,0
41,2,11,0,9,4,0,3887,0,40,0
65,4,4,2,4,0,1,0,0,40,0
41,2,14,2,12,0,1,0,1887,45,1
58,2,14,0,9,1,1,0,0,20,0
19,2,9,4,6,3,0,0,0,40,0
65,2,13,2,0,0,1,0,0,34,0
32,2,9,2,6,0,1,0,0,42,0
36,2,9,2,2,0,1,0,0,45,0
34,2,9,5,5,1,1,2463,0,40,0
24,2,12,0,6,1,1,0,0,40,0
36,2,10,5,11,4,0,0,0,40,0
24,2,9,2,2,0,1,0,0,44,0
56,4,9,2,2,0,1,0,0,40,0
23,2,9,4,2,1,1,0,0,40,0
22,2,13,4,9,1,1,0,0,40,0
51,3,13,2,3,0,1,0,0,40,0
48,5,9,2,0,0,1,0,0,35,1
27,2,10,4,5,1,1,0,0,48,0
37,2,9,0,5,1,1,0,0,40,0
28,2,10,4,3,1,0,0,0,40,0
33,2,11,2,11,0,1,0,0,40,0
32,2,9,0,2,4,1,0,0,35,0
57,2,13,2,11,0,1,15024,0,45,1
25,1,9,4,0,3,0,0,0,40,0
26,2,7,2,7,5,0,2407,0,36,0
41,2,9,3,2,4,0,0,0,40,0
45,2,9,5,6,4,0,0,0,15,0
18,2,10,4,5,3,1,0,0,20,0
38,2,13,4,11,1,1,0,0,48,1
21,2,10,4,7,3,0,0,0,30,0
40,2,9,2,9,0,1,0,1902,40,1
23,2,10,4,6,4,1,0,0,40,0
21,2,9,4,11,1,0,0,0,40,0
67,2,9,6,11,1,0,0,0,32,0
27,2,9,2,2,0,1,0,0,40,0
55,2,9,0,6,1,0,0,0,40,0
46,2,9,4,2,3,1,0,0,40,0
42,2,13,2,11,0,1,0,0,40,1
42,2,10,2,6,0,1,0,0,40,0
32,2,12,2,9,0,1,0,0,45,1
33,2,12,0,9,4,0,0,0,32,0
24,5,9,2,10,0,1,0,0,40,0
29,6,10,2,4,3,1,0,0,65,0
47,2,10,0,0,1,0,0,0,37,0
52,4,9,0,4,1,1,0,0,25,0
27,2,13,2,11,0,1,0,0,60,1
48,2,3,2,13,0,1,0,0,40,0
36,2,9,4,2,3,1,0,0,40,0
44,1,10,2,10,0,1,0,0,80,1
39,2,9,4,0,1,1,0,0,40,0
35,2,9,2,13,0,1,0,0,50,0
46,2,9,2,2,0,1,7298,0,40,1
55,1,9,2,7,0,1,0,0,40,0
34,4,16,2,9,0,1,0,0,32,1
32,1,9,2,7,0,1,0,0,41,0
64,2,4,2,4,0,1,0,0,40,1
21,2,9,4,6,3,1,0,0,40,0
31,3,10,4,3,1,1,0,0,65,1
25,2,9,4,7,3,1,0,0,30,0
40,2,13,2,3,0,1,0,0,50,1
35,2,10,0,0,4,0,0,0,40,0
52,3,10,0,3,1,1,0,0,65,1
69,2,9,2,0,0,1,0,0,36,0
57,1,14,2,10,0,1,0,0,14,1
25,2,6,4,2,1,1,0,0,40,0
43,2,14,2,3,0,1,0,0,45,0
62,2,6,2,5,0,1,0,0,40,0
37,1,13,2,7,0,1,0,0,40,1
41,3,13,2,3,0,1,0,0,99,1
47,2,9,2,6,0,1,0,0,50,0
41,4,9,4,7,1,1,0,0,60,0
43,2,14,0,9,1,1,0,0,40,0
47,2,9,0,6,4,0,0,0,60,0
42,4,9,0,3,4,1,0,0,55,0
37,2,10,0,0,4,0,0,0,35,0
41,1,10,0,7,4,0,0,0,45,0
55,2,10,4,0,3,0,0,0,40,0
26,2,6,4,2,2,1,0,0,24,0
36,5,10,4,5,1,1,0,0,38,0
62,2,13,4,4,1,1,0,0,30,0
23,2,7,4,2,3,1,0,0,3,0
27,2,13,4,11,1,1,13550,0,46,1
27,2,12,4,9,1,0,0,0,42,0
39,4,10,2,4,0,1,0,0,60,0
30,5,9,4,7,1,0,0,0,40,0
54,1,14,6,9,4,0,0,0,38,0
45,0,13,2,5,0,1,0,0,40,0
51,2,13,2,10,0,1,0,1902,50,1
48,2,9,2,6,0,1,0,0,40,1
31,2,10,4,3,1,0,0,0,40,0
37,2,10,2,13,0,1,0,0,40,1
40,2,13,2,9,0,1,0,0,46,1
32,2,9,2,11,0,1,0,0,40,0
62,2,9,2,3,0,1,0,0,45,1
39,2,9,2,5,0,1,0,0,40,0
46,2,9,2,6,0,1,0,0,40,0
61,4,9,2,4,0,1,0,2352,50,0
29,2,9,3,13,3,1,0,0,30,0
37,2,13,2,6,0,1,0,0,40,1
53,1,5,2,13,0,1,0,0,40,0
47,2,2,6,6,4,1,0,0,40,0
42,2,15,0,9,1,0,0,0,39,1
44,4,10,3,3,1,1,0,0,80,0
24,2,7,4,2,3,1,0,0,35,0
23,2,13,4,12,3,0,0,0,32,0
27,2,14,2,3,0,1,0,0,45,1
59,2,13,5,0,4,1,0,0,60,0
40,4,13,2,13,0,1,0,0,70,0
19,2,10,4,0,1,1,2176,0,35,0
25,2,13,2,0,5,0,0,0,40,0
43,2,9,4,0,4,0,8614,0,43,1
41,4,4,2,2,0,1,0,2179,40,0
18,2,6,4,5,1,1,0,0,40,0
31,2,9,0,11,1,0,0,0,32,0
29,2,3,2,4,0,1,0,0,40,0
38,2,13,2,11,0,1,0,0,50,1
33,2,14,4,0,1,0,0,0,40,0
28,2,9,2,11,0,1,0,0,50,0
34,1,13,2,10,0,1,0,0,40,1
63,2,10,4,3,1,0,0,0,40,0
64,4,9,2,4,0,1,7298,0,45,1
37,2,9,4,11,1,1,0,2339,40,0
47,2,13,6,8,4,0,25236,0,35,1
42,2,16,2,9,0,1,0,0,40,1
40,2,10,4,2,3,1,0,0,40,0
30,2,9,2,6,0,1,0,0,44,0
51,2,10,5,3,1,0,0,0,40,0
38,2,10,4,0,1,1,0,0,48,0
26,2,3,2,2,0,1,0,1628,50,0
29,4,13,4,9,1,0,0,0,40,0
42,2,9,0,3,1,0,0,0,40,0
18,2,10,4,7,2,0,0,0,40,0
37,4,9,2,4,0,1,0,0,60,0
19,2,10,4,11,3,1,0,0,15,0
30,2,9,0,0,4,0,0,0,40,0
42,2,13,0,3,1,0,0,0,50,1
47,2,8,2,0,0,1,0,0,40,0
39,2,6,2,6,0,1,0,0,60,0
32,2,9,2,2,0,1,0,1485,40,0
27,2,9,2,5,0,1,0,0,40,0
20,2,9,2,0,0,1,0,0,60,0
27,0,11,2,0,0,1,7298,0,50,1
32,2,9,2,2,0,1,2407,0,40,0
48,2,11,0,9,1,1,4650,0,50,0
42,5,15,2,9,0,1,0,0,72,1
43,2,10,2,0,5,0,0,0,40,0
40,2,10,0,3,1,0,0,0,40,0
26,2,9,4,12,4,0,0,0,40,0
51,2,14,2,3,0,1,7298,0,50,1
46,2,13,2,11,0,1,0,0,55,1
38,2,9,4,7,4,0,0,0,40,0
30,2,10,5,13,1,1,0,0,20,0
42,2,14,2,0,0,1,0,1902,40,1
46,2,9,0,12,1,0,0,0,20,0
53,2,9,2,6,0,1,0,0,40,1
21,2,10,4,13,3,1,0,0,50,0
57,5,10,2,9,0,1,0,0,35,1
34,2,14,2,3,0,1,0,0,50,0
66,3,4,2,2,0,1,0,0,40,1
21,2,7,4,9,1,0,0,0,24,0
28,2,11,4,0,3,0,0,0,40,0
38,2,9,5,11,1,1,0,0,60,0
31,2,13,2,9,5,0,7688,0,43,1
28,2,9,2,0,5,0,99999,0,36,1
41,1,12,2,3,0,1,0,0,50,1
32,2,9,4,6,1,1,0,0,40,0
29,2,10,0,7,4,0,0,0,28,0
23,2,10,4,11,3,1,0,0,9,0
40,2,9,2,2,0,1,0,0,40,0
19,2,9,4,2,3,1,0,0,35,0
39,2,9,4,12,1,1,0,0,62,0
32,2,13,4,6,1,1,0,0,40,0
40,2,9,3,0,3,0,0,0,38,0
80,2,3,2,7,0,1,0,0,32,0
45,2,10,2,9,0,1,0,0,50,1
62,2,14,2,3,0,1,15024,0,40,1
28,2,10,4,0,1,0,0,0,52,0
72,2,9,6,7,4,0,0,0,25,0
23,2,11,4,0,3,0,0,0,36,0
24,2,10,4,7,1,1,0,0,35,0
36,2,15,2,9,0,1,0,0,50,1
36,2,10,0,0,4,0,0,0,40,0
49,2,10,2,2,0,1,0,0,40,0
51,2,9,2,2,0,1,15024,0,40,1
32,2,13,2,3,0,1,0,0,60,1
45,2,9,0,7,3,0,0,0,60,0
55,2,13,2,3,0,1,0,0,40,1
52,2,6,2,6,0,1,0,0,48,0
50,1,9,4,7,1,0,0,0,40,0
37,4,9,0,2,1,1,0,0,40,0
33,4,10,4,2,3,1,0,0,48,0
32,2,9,4,13,3,1,0,0,45,0
35,5,9,0,2,3,1,0,0,40,0
33,3,16,2,9,0,1,0,0,40,1
26,2,10,4,11,3,1,0,0,42,0
19,2,9,4,11,3,0,0,0,35,0
36,2,9,2,11,0,1,0,0,50,1
35,2,9,2,2,0,1,0,0,40,0
24,2,9,4,12,4,0,1831,0,40,0
33,2,9,2,13,0,1,0,0,20,0
56,2,9,4,11,1,1,0,0,40,0
60,2,10,2,3,0,1,0,1902,40,1
40,2,5,0,13,1,1,0,0,30,0
38,2,13,5,2,1,1,0,0,40,0
31,2,10,4,0,1,1,0,0,40,0
49,2,13,2,9,0,1,0,0,40,0
46,2,15,5,9,1,1,0,0,50,1
54,2,10,5,7,1,1,0,0,28,0
21,2,10,4,7,1,1,0,0,40,0
24,2,13,4,12,3,0,0,0,40,0
24,2,13,4,9,3,0,0,0,40,0
23,2,10,4,6,1,1,0,0,40,0
46,2,14,2,9,0,1,0,0,35,0
20,2,9,4,7,1,0,0,0,20,0
27,2,9,4,2,3,1,0,0,40,0
66,2,9,2,13,0,1,0,0,24,0
55,2,9,0,5,1,0,0,0,40,0
33,1,13,2,0,0,1,0,1848,45,1
67,3,9,2,13,0,1,0,0,40,0
35,4,9,4,2,1,1,0,0,40,0
44,2,13,2,11,0,1,0,0,50,1
43,4,8,2,13,0,1,0,0,60,0
52,0,14,4,0,1,0,0,0,40,1
58,2,9,6,2,4,1,0,0,40,0
47,0,9,4,3,1,0,0,0,40,0
36,2,10,4,2,1,1,0,0,40,0
23,2,13,4,11,3,1,0,0,40,0
58,2,9,6,11,1,0,0,0,35,1
41,1,10,2,13,5,0,0,0,25,0
39,2,13,0,11,4,0,0,0,40,0
32,0,10,4,3,1,1,0,0,40,0
47,2,10,4,0,1,0,0,0,40,0
17,2,6,4,8,3,1,0,0,30,0
57,2,6,5,3,1,1,0,0,55,0
39,2,9,4,2,1,1,0,0,40,0
53,4,2,2,3,0,1,7688,0,67,1
24,2,13,4,11,3,1,0,0,40,0
49,2,10,2,0,0,1,0,1902,50,1
19,0,9,1,11,5,0,0,0,40,0
26,2,11,4,3,1,1,0,0,50,0
31,5,9,4,0,1,0,0,0,37,0
35,2,7,5,13,1,1,0,0,90,0
32,2,7,2,6,5,0,0,0,40,0
52,2,10,2,3,0,1,7688,0,40,1
42,2,13,4,11,3,1,0,0,60,0
35,2,9,2,6,0,1,2885,0,40,0
23,2,7,4,5,3,1,0,0,30,0
30,2,9,4,7,1,1,0,0,30,0
29,2,10,2,0,5,0,0,0,40,1
38,2,9,5,8,4,0,0,0,30,0
40,4,9,2,2,0,1,0,0,40,0
30,4,9,2,2,0,1,0,0,30,0
55,2,10,0,12,1,0,0,0,40,0
32,2,9,4,7,3,1,0,0,20,0
68,1,6,5,7,1,0,0,0,90,0
29,2,10,4,11,3,0,0,0,40,0
42,2,9,2,11,5,0,0,0,40,1
56,5,9,2,0,0,1,0,0,40,0
46,1,10,0,12,1,0,0,0,40,0
33,1,11,4,10,1,1,0,0,70,0
58,2,10,6,2,1,1,0,0,40,0
56,3,15,2,9,0,1,99999,0,40,1
50,2,2,5,9,4,0,0,0,40,0
63,0,14,2,3,0,1,0,0,50,1
44,2,9,2,2,0,1,0,0,40,1
44,2,9,2,5,5,0,3137,0,30,0
23,2,9,5,6,1,1,0,0,40,0
38,2,9,0,11,1,1,0,0,50,1
32,4,9,2,3,0,1,0,0,40,0
39,1,14,2,9,0,1,7298,0,40,1
38,2,12,2,2,0,1,0,0,50,1
48,2,13,2,11,0,1,0,0,40,0
36,2,10,2,2,0,1,0,0,45,0
55,4,14,2,9,0,1,0,1977,40,1
45,2,9,2,2,0,1,0,0,40,0
52,2,7,2,7,0,1,0,0,32,0
25,1,10,4,0,4,0,0,0,40,0
45,2,10,2,11,0,1,0,0,40,1
52,2,16,2,9,5,0,99999,0,35,1
55,2,13,2,12,0,1,0,0,55,1
34,2,13,2,11,0,1,7298,0,46,1
55,2,13,2,0,0,1,0,0,40,1
40,2,13,4,12,1,1,0,0,40,0
32,1,12,2,2,0,1,0,0,40,1
48,2,9,0,0,4,0,0,0,37,0
34,2,10,2,9,0,1,0,1902,38,1
23,2,13,2,9,0,1,0,0,40,0
55,4,9,2,11,0,1,0,0,40,0
49,2,9,0,7,1,0,0,0,24,0
56,2,9,6,0,1,0,0,0,40,0
28,4,14,0,11,1,1,0,0,54,0
63,2,6,6,4,4,0,0,0,56,0
33,2,12,0,0,1,0,0,880,40,0
32,2,10,0,9,1,0,0,0,30,0
70,3,13,0,11,1,0,0,0,40,0
38,2,12,4,0,1,0,0,0,38,0
60,5,12,2,9,0,1,0,0,20,0
27,2,9,4,5,3,1,0,0,40,0
32,2,9,2,11,0,1,0,0,30,0
23,2,8,2,2,0,1,0,0,40,0
25,2,13,4,3,1,0,0,0,50,0
58,2,15,2,9,0,1,0,0,45,1
46,5,10,0,10,4,0,0,0,40,0
47,1,9,2,7,5,0,0,0,7,1
79,2,4,6,7,4,1,0,0,5,0
32,1,13,0,9,4,0,0,0,35,0
21,2,9,4,5,3,1,0,0,40,0
42,2,11,2,0,0,1,0,0,32,0
48,2,9,0,3,1,1,0,0,40,0
27,2,8,2,4,0,1,0,0,40,0
39,2,9,2,13,0,1,0,0,50,0
18,2,10,4,13,3,1,2907,0,30,0
52,5,10,5,10,4,1,0,0,40,0
19,2,9,4,0,3,1,0,0,30,0
26,2,13,4,3,1,0,0,0,40,0
44,0,13,2,9,0,1,15024,0,40,1
40,2,15,2,9,5,0,0,0,40,0
22,2,9,2,2,0,1,0,0,40,0
44,2,4,2,5,0,1,0,0,50,0
32,2,9,4,2,3,1,0,0,40,0
54,2,9,2,13,0,1,0,0,65,0
43,2,13,2,3,0,1,0,0,40,1
32,2,14,2,9,0,1,0,1902,45,1
19,2,10,4,7,3,1,0,0,14,0
38,2,9,2,2,0,1,0,0,40,1
23,2,8,4,13,1,1,0,0,46,0
30,2,11,4,2,1,1,0,0,40,0
51,2,9,2,7,0,1,0,0,35,0
26,2,13,4,2,1,1,0,0,45,1
46,2,7,2,2,0,1,0,1902,40,1
53,5,4,3,7,4,0,0,0,45,0
25,2,9,4,2,2,0,0,0,40,0
35,2,9,4,6,4,0,0,0,40,0
56,2,9,2,13,0,1,0,0,44,1
52,4,6,0,7,3,0,0,0,27,0
53,3,11,2,3,0,1,0,0,40,1
39,2,9,2,3,0,1,0,0,40,0
33,2,13,4,3,3,1,0,0,40,0
50,2,6,2,4,0,1,0,0,45,0
30,2,13,2,9,5,0,0,0,40,0
33,2,9,4,7,3,1,0,0,40,0
37,2,6,0,7,4,0,0,0,33,0
51,4,9,2,4,0,1,3103,0,60,1
34,3,9,2,2,0,1,0,0,50,0
22,2,10,4,3,1,1,0,0,35,0
31,2,4,6,0,1,0,0,0,35,0
43,4,9,2,11,0,1,0,0,45,0
49,0,4,4,7,1,1,0,0,20,0
37,1,9,2,10,0,1,7688,0,35,1
24,2,10,4,11,1,1,0,0,65,0
30,2,7,2,5,0,1,0,1651,40,0
62,2,9,0,8,4,0,0,0,99,0
50,2,9,2,9,0,1,99999,0,40,1
48,2,14,2,9,0,1,15024,0,40,1
34,2,14,2,9,0,1,0,0,55,1
50,2,9,2,12,0,1,0,1848,40,1
34,4,10,2,4,5,0,0,0,30,0
46,2,2,5,6,3,0,0,0,40,0
20,2,10,4,0,3,0,0,0,10,0
44,2,15,2,9,0,1,15024,0,80,1
24,2,10,5,11,4,0,0,0,45,0
23,2,8,4,2,1,1,0,0,50,0
51,1,14,2,9,0,1,0,0,40,0
29,2,11,5,2,1,1,0,0,40,0
31,2,10,5,11,1,1,2174,0,52,0
63,2,14,2,5,0,1,0,0,46,0
46,2,4,4,7,3,1,0,0,52,0
46,1,15,2,10,0,1,0,0,40,1
31,2,10,4,0,3,0,0,0,35,0
19,1,10,4,11,3,0,0,0,16,0
56,2,9,2,5,0,1,0,0,40,0
58,2,10,2,2,0,1,0,0,50,0
36,2,9,2,13,0,1,0,0,40,0
39,1,12,2,2,0,1,0,0,40,1
31,1,13,2,9,0,1,0,0,40,1
32,2,6,4,2,1,1,0,0,50,0
42,2,10,4,4,1,1,0,0,28,0
48,2,9,6,3,1,1,14084,0,45,1
40,2,10,2,11,2,1,0,0,40,0
46,2,12,2,2,0,1,0,0,40,0
63,4,13,2,11,0,1,0,0,15,0
43,2,12,4,11,3,1,0,0,40,0
60,4,10,2,4,0,1,0,0,50,1
39,2,9,4,3,1,1,0,0,42,0
24,3,13,4,3,3,1,0,0,40,0
34,2,16,2,9,0,1,0,0,50,1
24,2,13,4,7,3,0,0,0,75,0
28,2,10,0,5,1,1,0,0,50,0
28,2,10,2,5,0,1,0,0,40,0
27,4,9,2,9,0,1,0,0,50,1
34,2,9,4,6,1,1,0,0,40,0
39,2,9,2,4,0,1,0,0,24,0
23,2,13,4,7,3,0,0,0,30,0
25,2,9,4,11,1,1,4416,0,42,0
56,1,9,2,7,0,1,0,0,40,0
43,1,10,2,10,0,1,0,0,40,0
27,1,9,2,13,0,1,0,0,60,0
18,2,7,4,11,3,0,0,0,25,0
29,2,9,4,7,2,0,0,0,52,0
39,2,9,4,11,4,0,0,0,60,0
37,2,10,0,5,3,1,0,1504,40,0
36,2,14,2,9,0,1,0,1977,60,1
19,2,9,4,0,1,0,0,0,30,0
31,1,13,2,2,0,1,0,0,51,0
32,4,9,2,2,0,1,0,0,40,0
44,4,13,2,4,0,1,0,0,90,0
42,2,9,0,10,1,1,0,0,35,0
41,0,9,5,3,1,0,0,0,40,0
33,2,9,2,11,0,1,0,0,60,1
44,4,10,2,11,0,1,0,0,80,1
23,2,11,4,0,4,0,0,0,40,0
35,2,10,2,11,0,1,0,0,45,0
59,2,13,0,3,1,1,0,0,40,0
49,2,13,2,3,0,1,0,0,45,1
24,2,6,4,7,2,1,0,0,30,0
47,2,10,2,9,0,1,0,0,50,1
77,4,10,4,2,1,1,0,0,40,0
61,2,9,2,10,0,1,0,0,40,0
34,5,14,2,9,0,1,0,0,50,1
22,2,10,4,11,1,0,0,0,20,0
31,2,14,4,9,1,0,2597,0,45,0
20,2,4,4,6,3,0,0,0,52,0
37,2,9,2,3,0,1,0,1902,55,1
28,2,7,2,5,0,1,7688,0,40,1
26,4,9,2,2,0,1,0,0,50,0
46,2,14,2,9,0,1,0,0,40,0
53,2,9,0,2,4,0,0,0,48,0
44,2,9,4,0,3,1,0,1504,50,0
68,4,9,2,2,0,1,0,0,25,0
59,2,11,0,9,1,0,0,0,36,0
42,3,13,2,3,0,1,0,0,60,1
50,2,9,2,6,0,1,0,1902,44,1
30,4,10,2,6,0,1,0,0,40,0
47,2,9,2,2,0,1,0,0,52,0
30,2,9,4,12,4,0,0,0,40,0
26,2,10,4,0,1,0,0,0,40,0
46,2,10,0,0,4,0,0,0,35,0
30,4,13,0,11,1,1,0,2444,55,1
33,2,9,2,11,0,1,7298,0,45,1
26,2,13,4,0,1,1,6849,0,65,0
40,2,9,4,2,1,1,0,0,40,0
18,2,7,4,7,3,1,0,0,20,0
37,2,9,2,2,0,1,0,0,60,1
59,5,14,2,9,0,1,0,0,50,1
25,2,5,4,0,4,0,0,0,40,0
44,2,10,5,0,4,0,0,0,40,0
47,0,13,2,3,5,0,0,0,40,1
52,2,10,2,11,0,1,0,0,48,1
36,2,10,4,7,1,1,0,0,40,0
31,2,10,2,2,0,1,0,0,25,0
63,0,9,6,0,1,0,0,0,40,0
38,2,10,0,2,4,1,0,0,40,0
37,2,13,5,12,1,1,0,0,40,0
59,0,9,6,11,4,0,0,0,40,0
37,2,10,4,11,1,1,0,0,50,0
52,1,9,2,13,0,1,0,0,40,1
40,2,9,5,0,1,0,8614,0,60,1
48,1,12,2,10,0,1,0,0,40,1
58,2,9,2,0,5,0,0,0,40,1
46,4,7,2,13,0,1,0,0,48,0
79,3,9,2,3,0,1,0,0,40,1
43,2,9,4,7,4,0,0,0,24,0
41,0,13,4,3,1,1,0,0,40,1
51,4,9,4,11,1,1,0,0,40,0
23,2,7,4,2,4,1,0,0,35,0
48,4,10,2,7,5,0,0,0,60,0
38,5,9,4,7,4,0,0,0,40,0
25,2,13,4,4,3,1,27828,0,50,1
30,2,7,2,6,0,1,0,0,40,0
22,5,13,4,9,3,0,0,0,20,0
29,2,13,2,11,0,1,0,0,40,1
39,2,8,2,13,0,1,15024,0,70,1
23,0,10,4,5,1,0,0,0,20,0
31,2,4,4,5,1,0,0,0,30,0
49,2,10,0,6,1,0,0,0,35,0
46,1,13,2,9,5,0,0,0,21,1
46,2,9,2,2,0,1,0,0,40,1
56,4,14,2,9,0,1,0,0,60,1
53,2,9,2,13,0,1,0,2002,40,0
19,2,9,4,0,1,1,0,0,30,0
61,2,9,0,7,1,0,0,0,40,0
23,2,13,4,3,3,1,0,0,40,0
30,2,9,0,6,1,1,0,0,40,0
49,2,9,2,0,0,1,0,0,40,1
42,2,3,2,2,0,1,3103,0,40,1
30,2,5,3,4,1,1,0,0,40,0
38,2,13,0,3,1,0,0,0,55,0
45,2,16,0,11,1,1,99999,0,55,1
28,4,8,0,7,4,0,0,0,30,0
38,2,12,2,3,5,0,0,1902,40,1
37,2,13,2,3,0,1,0,0,60,1
21,2,7,3,5,3,1,0,1762,40,0
32,2,10,2,11,0,1,0,0,65,0
45,4,11,2,4,0,1,0,0,60,0
37,2,13,5,7,4,0,0,0,36,0
41,1,13,2,9,5,0,0,0,52,0
34,2,13,2,3,0,1,0,0,40,1
27,2,9,4,5,4,0,0,0,40,0
19,2,10,4,12,2,1,0,0,40,0
31,2,9,4,9,1,1,0,0,43,0
42,2,10,4,7,1,1,0,0,40,0
27,2,13,4,3,1,1,0,0,40,0
25,2,9,4,7,3,1,0,0,40,0
23,2,10,2,11,0,1,0,0,40,0
19,2,10,4,0,3,0,0,0,10,0
45,3,14,0,11,4,0,25236,0,42,1
44,2,15,2,9,0,1,99999,0,60,1
72,4,15,2,9,0,1,0,0,35,0
80,1,9,6,7,4,0,0,0,32,0
36,2,10,2,11,0,1,5178,0,40,1
30,2,8,4,11,3,0,0,0,40,0
53,2,3,2,3,0,1,7688,0,10,1
73,2,4,2,11,0,1,0,0,30,1
51,4,10,2,2,0,1,0,0,40,0
49,2,4,0,2,1,1,0,0,70,0
23,2,10,4,0,1,0,3674,0,40,0
22,2,4,4,5,3,1,0,0,16,0
34,2,11,2,2,5,0,0,0,27,1
26,2,13,4,0,1,0,0,0,40,0
48,2,10,0,3,1,1,0,0,50,0
43,2,9,0,0,3,0,0,0,40,0
17,2,10,4,2,3,1,0,0,16,0
51,3,10,0,11,3,0,0,0,70,0
46,4,10,2,2,0,1,3103,0,35,1
21,2,10,4,0,3,0,0,0,40,0
35,2,9,2,2,0,1,0,0,40,1
51,2,10,0,0,4,0,0,0,40,0
26,2,13,4,13,3,1,0,0,20,0
35,2,9,2,6,5,0,0,0,40,0
20,2,10,4,0,4,0,0,0,40,0
19,2,10,4,11,3,1,0,0,30,0
26,2,9,2,13,0,1,0,0,40,1
20,2,12,4,13,3,1,0,0,20,0
56,3,10,2,11,0,1,0,0,50,0
51,4,12,4,4,3,0,0,0,40,0
41,3,12,2,4,0,1,0,1977,50,1
56,2,13,2,9,0,1,0,0,50,1
43,2,9,2,2,0,1,0,1902,99,1
53,4,13,2,11,0,1,0,0,40,1
24,5,10,4,12,1,1,0,0,50,0
27,1,10,4,9,2,1,0,0,16,0
36,1,13,2,0,5,0,0,0,35,1
30,2,9,4,11,2,1,0,0,40,0
48,2,10,2,13,0,1,2407,0,40,0
72,1,9,2,3,0,1,2290,0,10,0
52,2,3,2,11,5,0,0,0,15,0
43,2,10,2,13,0,1,0,0,50,1
57,1,9,0,0,1,0,0,0,16,0
35,2,13,0,9,1,0,0,0,40,1
31,1,13,2,9,5,0,0,0,40,1
17,2,8,4,11,3,0,0,0,15,0
53,2,4,2,6,0,1,0,0,40,0
72,2,2,2,7,0,1,0,0,36,0
40,2,10,2,3,0,1,0,0,40,1
40,2,9,0,7,1,1,0,0,60,0
39,2,9,0,0,1,1,0,0,40,0
35,2,9,4,7,1,1,0,0,30,0
48,0,9,2,5,0,1,0,0,40,0
44,2,7,2,7,0,1,0,0,60,0
53,4,7,0,2,1,1,0,0,60,0
39,3,14,2,3,0,1,0,0,60,1
60,4,10,2,3,0,1,0,0,35,0
49,2,13,2,11,0,1,0,0,60,1
57,2,14,5,9,1,1,10520,0,32,1
44,2,14,2,3,0,1,0,0,38,1
36,2,11,4,12,1,1,0,0,45,0
45,4,9,2,3,0,1,0,0,50,0
44,3,9,0,7,4,0,0,0,33,0
19,2,10,4,0,3,0,0,0,15,0
37,2,9,2,11,0,1,0,0,40,1
36,4,5,2,2,0,1,0,0,30,0
46,2,14,2,7,0,1,0,0,20,0
62,2,9,2,3,0,1,0,0,45,1
52,3,9,2,11,0,1,0,0,40,1
47,1,9,0,0,4,0,0,0,35,0
42,1,9,2,2,0,1,0,0,40,1
47,2,9,0,3,1,1,0,0,40,0
42,2,15,2,11,5,0,15024,0,40,1
38,4,14,2,4,0,1,0,0,70,0
30,2,13,4,9,3,0,0,0,37,0
22,2,13,4,3,3,0,0,0,40,0
36,2,13,0,9,4,0,0,0,45,0
62,2,9,2,13,0,1,0,1977,60,1
46,1,13,4,9,1,0,0,0,40,1
25,2,10,2,0,5,0,0,0,40,1
19,2,10,4,5,1,1,0,0,55,0
28,2,8,4,11,1,1,0,0,40,0
38,0,9,2,13,0,1,0,2051,40,0
28,2,9,2,0,0,1,0,0,40,0
34,4,13,2,2,0,1,15024,0,70,1
55,2,9,2,3,0,1,0,0,50,0
44,1,14,4,9,1,1,8614,0,33,1
44,2,13,2,3,0,1,0,0,40,1
20,2,9,4,13,3,1,0,0,40,0
20,2,10,4,11,3,0,0,0,25,0
52,2,9,2,12,0,1,0,0,40,1
22,2,9,4,12,1,0,0,0,40,0
47,3,10,2,11,0,1,0,0,80,0
30,1,9,2,10,0,1,0,0,40,1
20,2,10,4,11,3,0,0,0,20,0
43,1,10,2,7,0,1,0,0,40,0
58,1,14,4,3,1,0,0,0,40,0
26,2,9,2,0,5,0,0,0,40,1
43,1,11,2,0,5,0,0,0,40,1
34,2,10,4,2,1,1,0,0,40,0
28,5,13,2,9,5,0,0,0,37,0
35,0,16,2,9,0,1,0,0,55,0
26,2,10,2,11,0,1,0,0,50,1
28,2,9,4,12,1,1,0,0,40,0
63,3,13,2,3,0,1,0,0,35,0
36,2,13,2,9,5,0,0,0,40,1
25,2,13,4,3,1,0,0,0,40,0
42,2,13,2,11,5,0,0,0,40,0
28,2,6,4,6,4,0,0,0,40,0
17,1,5,4,7,3,1,0,0,9,0
39,2,9,2,2,0,1,0,0,40,0
35,2,13,2,11,0,1,0,1887,52,1
36,5,13,0,9,1,0,0,0,40,0
35,2,10,0,0,1,0,0,0,50,0
52,2,16,2,3,0,1,0,0,38,1
39,2,11,2,0,0,1,0,0,40,0
31,5,14,4,0,1,1,0,0,25,0
25,2,13,4,5,3,1,0,0,35,0
22,2,10,4,0,3,0,0,0,40,0
32,2,10,2,3,0,1,0,0,40,0
22,2,10,4,4,3,1,0,0,10,0
17,2,7,4,11,3,0,0,0,8,0
44,2,13,4,7,1,1,0,0,40,1
46,0,16,4,9,1,0,0,1564,50,1
26,2,10,4,2,4,1,0,0,37,0
41,0,13,2,12,0,1,0,0,24,0
29,2,9,4,13,4,1,0,0,40,0
45,2,9,2,0,0,1,0,0,35,0
36,4,9,2,4,0,1,0,1902,60,1
82,2,4,2,5,0,1,0,0,2,0
43,2,10,4,3,4,1,0,0,50,0
46,2,12,2,2,0,1,0,0,45,0
27,2,9,2,13,0,1,0,0,40,0
29,2,9,2,0,5,0,0,0,18,0
45,2,14,2,9,0,1,0,0,43,0
65,2,9,2,3,0,1,0,0,40,1
28,1,13,2,5,0,1,0,0,65,1
24,2,11,4,12,3,0,0,0,38,0
24,1,10,4,10,4,1,1151,0,40,0
35,2,11,4,7,4,0,0,0,30,0
27,2,13,0,3,1,1,0,0,52,0
50,2,4,0,2,1,1,0,0,60,0
51,1,9,5,10,1,1,0,0,40,0
64,2,9,2,11,0,1,0,0,40,1
33,2,9,2,2,5,0,0,0,40,0
68,2,9,2,11,0,1,0,0,40,0
64,2,10,6,3,1,0,0,0,3,0
22,2,7,2,6,2,1,0,0,42,0
51,2,9,2,7,2,0,0,0,40,0
52,2,9,2,2,0,1,0,0,48,1
37,1,14,2,3,0,1,0,0,50,1
45,2,10,6,3,4,0,0,0,55,0
20,2,7,4,4,2,1,0,0,36,0
46,2,13,2,9,0,1,15024,0,38,1
27,2,9,5,6,1,1,0,0,43,0
29,2,6,5,11,4,0,0,0,40,0
45,2,9,2,6,0,1,0,0,40,0
43,2,13,0,9,1,1,0,0,38,0
35,2,9,2,2,0,1,3137,0,40,0
44,2,10,2,11,0,1,0,1902,40,1
21,2,10,4,2,3,1,0,0,40,0
63,2,6,5,6,1,1,0,0,40,0
40,3,13,0,3,1,1,0,0,40,0
54,2,13,2,11,0,1,0,0,35,1
41,1,11,0,2,4,0,0,0,45,0
23,2,4,4,2,3,1,0,0,40,0
46,4,13,5,7,4,0,0,0,45,0
19,2,9,4,7,3,1,0,0,37,0
61,4,9,2,4,0,1,0,1848,60,1
38,2,10,2,12,0,1,0,0,40,1
29,2,10,0,0,1,1,0,0,36,0
32,4,10,5,4,4,0,0,0,65,0
40,2,9,2,13,0,1,0,0,40,0
51,5,9,0,2,4,1,0,0,38,0
52,2,9,2,6,0,1,0,0,40,1
24,2,7,2,5,0,1,0,0,40,0
21,2,9,4,6,1,1,0,0,45,0
50,2,9,2,9,0,1,0,0,35,1
28,1,9,2,2,0,1,0,0,45,0
24,2,9,4,0,3,1,0,0,40,0
30,2,3,2,6,0,1,0,0,40,0
61,2,9,4,0,1,0,0,0,40,0
29,5,11,2,10,0,1,0,0,40,1
47,2,9,2,6,0,1,0,0,40,0
33,2,9,4,2,1,1,0,0,40,0
56,2,9,2,2,0,1,0,0,60,0
42,4,10,4,9,1,1,0,0,40,0
24,2,12,4,0,3,0,0,0,15,0
38,4,9,4,0,1,0,0,0,50,0
40,2,9,2,6,0,1,0,0,40,0
34,4,9,2,2,0,1,0,0,40,1
49,2,14,0,3,1,0,0,0,75,0
21,2,10,4,4,3,1,0,0,10,0
33,2,10,4,7,1,0,0,0,35,0
26,2,9,4,5,1,1,0,0,40,0
50,2,9,2,2,0,1,0,0,40,0
30,2,9,5,0,4,0,0,0,40,0
41,2,12,2,6,0,1,0,0,40,0
23,2,9,4,0,3,0,0,0,40,0
48,1,9,2,12,5,0,0,1848,40,1
39,2,9,0,13,3,1,0,0,60,0
38,2,13,4,3,4,0,0,0,40,0
24,2,9,2,7,0,1,0,0,40,0
56,2,13,2,9,0,1,0,0,40,1
36,2,9,0,2,3,1,0,0,40,0
29,2,9,2,11,0,1,0,0,40,0
54,2,13,2,0,0,1,0,0,40,1
34,2,13,2,9,0,1,0,0,40,1
21,2,9,4,6,3,0,0,0,40,0
40,2,15,2,9,5,0,15024,0,30,1
34,2,8,4,0,4,0,0,0,40,0
32,1,13,2,9,5,0,5013,0,45,0
41,2,9,2,5,0,1,0,0,40,0
48,2,9,6,6,1,0,0,0,16,0
44,2,11,2,12,0,1,0,0,45,0
47,2,9,6,8,1,0,0,0,45,0
51,2,10,0,5,1,0,0,0,40,0
24,2,10,4,5,1,0,0,0,35,0
41,5,14,0,9,1,1,0,0,35,0
37,2,9,2,13,0,1,0,0,50,1
69,2,11,6,11,1,0,0,0,25,0
32,2,13,0,2,1,1,0,0,50,1
52,1,13,2,9,0,1,7688,0,40,1
44,2,10,6,3,1,0,0,0,40,0
31,5,13,2,9,5,0,0,1902,35,1
41,2,7,0,10,1,0,0,0,20,0
30,2,4,4,7,1,0,0,0,30,0
28,2,9,3,7,1,0,0,0,40,0
54,2,16,2,9,0,1,0,1977,50,1
26,2,10,2,6,0,1,3137,0,50,0
51,2,10,0,11,1,0,0,0,32,0
59,5,13,2,3,0,1,10605,0,50,1
29,2,15,4,9,4,1,27828,0,45,1
33,2,9,4,6,2,1,0,0,55,0
40,2,9,2,2,0,1,0,0,56,0
41,2,10,2,3,0,1,0,0,60,1
23,4,9,4,2,3,1,0,0,40,0
40,2,13,2,9,5,0,0,0,5,0
59,2,8,0,13,2,1,0,0,35,0
35,2,2,3,7,1,1,0,0,40,0
32,2,13,5,9,1,1,10520,0,40,1
27,1,6,2,2,0,1,0,0,60,0
39,2,9,0,3,4,0,0,0,45,0
51,4,16,0,11,1,1,0,0,50,1
21,2,10,4,4,3,1,0,0,20,0
25,2,6,4,6,1,1,0,0,40,0
26,2,10,2,11,0,1,0,0,40,1
41,1,9,0,10,4,0,0,0,40,1
35,2,11,0,7,4,0,0,0,35,0
65,2,3,6,6,1,0,0,0,10,0
21,2,5,4,13,3,1,0,0,40,0
47,0,13,2,3,0,1,0,0,40,1
25,3,9,2,3,0,1,0,0,60,1
30,2,9,3,11,4,1,0,0,40,0
33,2,14,2,9,0,1,15024,0,40,1
33,2,13,4,9,4,0,0,0,40,0
41,2,9,4,11,3,0,0,0,40,0
22,2,9,2,13,0,1,0,0,50,1
24,2,14,4,9,1,1,0,0,20,0
23,2,10,4,11,3,0,0,0,8,0
27,2,9,2,11,0,1,0,0,45,0
53,2,2,2,13,0,1,0,0,50,0
60,3,10,2,2,0,1,0,0,20,0
23,5,13,4,9,1,0,0,0,40,0
21,2,10,4,0,3,0,0,0,20,0
26,2,9,0,6,1,1,0,0,40,0
44,2,7,5,7,4,0,0,0,60,0
29,2,11,2,9,0,1,0,0,43,0
53,2,5,2,2,0,1,0,0,44,0
26,2,12,4,11,1,1,0,0,40,0
60,2,3,2,2,0,1,0,0,45,0
37,2,9,2,6,0,1,0,0,46,0
37,2,13,2,3,0,1,0,0,45,0
38,2,14,4,3,1,0,0,0,38,0
37,2,10,0,0,1,0,0,0,40,0
64,2,9,2,6,0,1,0,0,48,0
51,4,4,2,3,0,1,0,0,42,0
58,2,12,2,11,0,1,0,0,42,1
55,2,10,2,12,0,1,0,0,40,1
18,2,6,4,6,3,1,0,0,40,0
74,2,6,6,7,1,0,0,0,6,0
35,2,11,2,2,0,1,0,0,42,1
60,2,7,6,13,4,1,0,0,40,0
25,2,12,4,5,3,1,0,0,26,0
53,4,9,2,11,0,1,0,0,70,0
75,2,14,4,10,1,1,0,0,16,0
19,2,9,4,7,3,0,0,0,15,0
48,2,13,2,0,0,1,7688,0,40,1
33,2,9,2,13,0,1,0,0,60,0
38,2,9,2,0,5,0,0,0,22,0
27,2,9,4,0,3,0,0,0,40,0
29,2,9,2,2,0,1,0,0,45,0
42,1,13,2,9,0,1,3103,0,50,1
43,2,10,0,5,1,1,0,0,40,0
17,4,8,4,5,3,1,0,0,15,0
44,2,9,0,9,1,1,0,0,40,0
18,3,8,4,4,3,1,0,0,10,0
30,4,9,0,13,1,1,0,0,40,0
41,3,13,2,11,0,1,99999,0,65,1
59,1,9,6,7,1,0,0,1504,19,0
18,2,9,4,0,3,0,0,0,30,0
34,2,11,0,12,1,0,0,0,64,0
40,5,16,2,3,0,1,0,0,40,1
32,1,9,4,13,4,0,0,0,37,0
34,2,16,2,9,0,1,0,0,60,1
53,2,13,2,9,0,1,0,0,40,1
48,4,12,0,12,1,0,0,0,40,0
22,2,9,4,7,1,0,0,0,35,0
43,2,14,4,0,1,1,0,0,40,0
39,2,13,2,2,0,1,0,0,40,1
33,2,13,2,11,0,1,7688,0,50,1
24,2,13,4,11,3,1,0,0,40,0
45,2,10,0,3,4,0,5721,0,45,0
43,2,14,2,3,0,1,0,0,35,1
48,2,10,2,13,0,1,0,0,40,1
23,2,9,4,13,3,1,0,0,40,0
65,4,9,2,6,0,1,0,0,40,0
40,2,9,2,5,0,1,0,0,40,0
23,2,13,4,7,3,1,0,0,40,0
24,2,13,4,3,3,1,0,0,40,0
20,2,9,4,6,3,1,0,0,40,0
29,5,12,4,12,1,1,0,0,45,0
49,2,9,0,0,1,1,0,0,40,0
20,1,10,4,10,3,0,0,0,20,0
53,2,16,2,9,5,0,99999,0,37,1
20,2,10,4,7,4,0,0,0,25,0
23,2,9,4,0,4,0,0,0,40,0
39,5,14,4,10,1,0,0,0,40,0
37,2,7,4,6,1,1,0,0,40,0
36,4,13,2,9,0,1,0,0,45,1
21,1,10,4,7,1,0,0,2001,40,0
42,2,15,0,9,1,1,99999,0,80,1
52,1,14,4,9,1,0,0,0,50,0
25,2,10,2,13,0,1,0,0,35,0
20,2,12,4,3,3,0,0,0,40,0
46,6,9,2,6,5,0,0,0,25,0
36,5,9,2,10,0,1,0,0,48,1
30,2,9,2,3,0,1,0,0,40,1
53,2,9,0,0,1,0,0,0,40,0
24,1,13,2,9,5,0,0,0,40,0
36,2,15,2,9,0,1,0,0,55,1
37,2,14,4,3,1,0,0,0,40,1
31,2,9,4,0,1,0,0,0,40,0
22,2,10,4,0,3,1,0,0,20,0
41,2,9,0,13,1,1,0,0,50,0
18,2,9,4,0,3,0,0,0,40,0
22,2,10,4,11,1,0,0,0,20,0
25,2,9,4,6,4,1,0,0,40,0
51,2,9,2,0,2,0,0,0,40,0
37,2,5,2,13,0,1,0,0,40,0
40,2,10,2,7,5,0,0,0,40,0
48,1,9,4,3,3,0,0,0,40,0
34,2,9,4,0,4,0,0,0,40,0
74,2,9,6,11,4,0,0,0,26,0
45,2,11,2,3,0,1,0,1977,50,1
30,2,16,4,9,1,0,0,0,15,0
38,2,13,4,7,1,1,0,0,40,0
35,2,13,2,9,0,1,0,0,55,0
59,2,13,2,9,0,1,0,1902,43,1
36,0,14,4,9,1,1,0,1408,40,0
46,4,9,2,4,0,1,15024,0,50,1
34,2,10,2,6,0,1,7298,0,40,1
49,2,13,2,11,0,1,0,0,60,1
54,2,14,2,9,0,1,0,0,40,1
42,1,14,4,9,1,0,0,0,45,0
45,2,10,0,6,4,1,0,0,48,0
19,2,9,4,7,1,1,0,0,30,0
52,2,6,4,6,1,1,0,0,40,0
50,2,9,4,0,1,1,0,0,40,0
43,2,10,2,5,0,1,0,0,40,0
34,2,13,4,7,1,0,0,0,15,0
41,2,6,2,13,0,1,0,0,60,0
28,2,9,2,7,5,0,0,1628,50,0
30,2,13,4,11,3,0,0,0,65,0
37,2,13,2,11,0,1,15024,0,40,1
43,3,14,2,3,0,1,0,0,50,1
53,2,13,2,0,0,1,0,1902,40,1
62,2,10,2,2,0,1,0,0,45,0
42,2,14,2,3,0,1,0,0,40,1
20,2,7,4,2,1,1,0,0,25,0
55,2,13,2,3,0,1,0,1887,40,1
34,2,10,4,3,1,1,0,0,40,1
30,2,9,2,13,0,1,0,0,40,0
40,1,8,2,3,0,1,0,0,40,0
50,0,14,4,3,1,0,0,0,50,0
62,2,10,4,2,1,0,8614,0,39,1
38,2,11,0,3,1,0,0,0,45,0
28,2,9,4,2,1,1,0,0,40,0
50,2,9,2,2,0,1,0,0,40,0
30,2,9,4,6,3,1,0,0,45,0
23,2,9,4,0,3,0,0,0,16,0
47,2,9,0,2,4,0,0,0,40,0
51,2,9,2,0,0,1,0,0,40,0
53,2,8,3,5,1,1,0,0,56,0
44,2,5,0,7,3,0,0,0,50,0
36,1,14,2,9,5,0,0,0,40,1
40,2,10,2,9,0,1,0,0,40,0
47,2,9,0,11,1,0,0,0,37,0
75,1,9,0,0,1,0,0,0,20,0
35,2,11,4,2,3,1,0,0,40,0
55,2,13,2,2,0,1,0,0,40,0
71,4,14,2,4,0,1,0,1411,70,0
62,2,9,0,6,1,0,2174,0,40,0
30,2,9,2,13,0,1,0,0,45,0
31,2,13,2,9,0,1,0,0,40,1
34,5,9,4,7,4,0,0,0,40,0
33,2,10,2,6,0,1,0,0,40,1
59,5,10,0,0,1,0,0,0,38,0
42,2,11,2,3,5,0,7298,0,35,1
32,2,16,2,9,0,1,0,0,65,1
44,0,15,2,9,0,1,0,0,40,1
53,2,9,0,0,1,0,0,0,40,0
17,2,6,4,11,3,0,0,0,16,0
18,2,9,4,10,1,1,0,0,40,0
31,2,12,4,0,1,1,2202,0,38,0
42,2,12,2,11,0,1,0,0,45,0
27,2,13,4,5,1,1,0,0,28,0
70,2,9,2,3,0,1,0,0,30,0
55,4,10,2,11,5,0,0,0,50,0
50,3,10,2,11,0,1,0,0,55,0
30,1,10,4,10,1,1,0,1974,40,0
53,1,9,5,13,1,1,0,0,40,0
20,2,11,4,12,3,0,0,0,25,0
42,5,16,0,9,4,0,0,0,36,0
41,3,13,6,3,1,0,0,0,45,0
18,2,7,4,7,3,0,0,0,12,0
50,0,9,5,11,2,0,0,0,40,0
48,2,10,0,5,3,1,2176,0,40,0
40,3,9,2,0,0,1,0,0,50,1
38,0,10,0,3,4,0,0,0,38,0
49,1,13,2,9,0,1,0,0,50,0
36,5,9,5,7,3,0,0,0,32,0
31,5,8,2,7,5,0,0,0,40,0
62,2,16,4,3,1,1,0,0,50,1
43,4,10,2,4,0,1,0,0,50,0
28,2,10,4,12,1,1,0,0,54,0
68,4,11,2,9,0,1,0,2149,40,0
35,2,7,4,6,1,1,0,0,40,0
37,2,10,2,6,0,1,0,0,40,0
36,2,13,2,7,0,1,0,0,40,1
38,2,10,2,13,0,1,0,0,40,1
21,5,10,4,0,3,0,0,0,20,0
20,2,10,4,5,3,1,0,0,20,0
30,2,9,2,12,0,1,0,0,40,1
19,2,9,4,9,1,0,0,0,40,0
65,4,13,2,11,0,1,3818,0,10,0
38,2,15,5,9,1,1,0,0,35,1
39,2,10,0,9,1,0,0,0,45,1
62,2,15,2,9,0,1,0,0,30,1
43,0,9,2,2,0,1,0,0,40,0
41,2,10,4,3,4,0,0,0,99,0
32,2,9,0,7,1,0,0,0,16,0
24,2,13,4,0,1,1,0,0,32,0
72,3,15,2,9,0,1,0,2377,35,1
49,2,9,2,2,0,1,0,0,45,1
76,4,10,2,7,5,0,0,0,12,0
56,4,13,3,9,1,0,0,0,40,1
49,1,15,2,9,5,0,0,1977,60,1
57,2,9,2,0,0,1,0,0,40,1
34,1,10,2,13,0,1,0,0,40,0
44,4,9,2,2,0,1,3137,0,50,0
33,2,13,2,3,0,1,0,0,45,0
53,2,9,2,13,0,1,0,0,40,1
40,2,11,0,13,1,1,0,0,50,1
24,2,10,4,11,1,0,0,0,50,0
31,2,14,2,9,5,0,0,1902,45,1
22,2,7,4,2,3,1,0,0,30,0
30,4,13,2,11,0,1,0,0,50,0
55,4,9,2,2,0,1,0,0,60,0
58,3,11,0,11,1,1,2202,0,56,0
30,2,9,4,13,1,1,0,0,60,0
30,2,9,4,3,3,0,0,0,35,0
40,2,10,2,13,0,1,0,0,50,0
28,5,15,4,9,1,1,0,0,90,0
46,1,10,2,0,5,0,7688,0,40,1
30,2,9,4,5,3,0,0,0,8,0
36,2,2,2,5,0,1,0,0,40,0
45,3,13,2,3,0,1,0,0,40,1
24,2,11,4,0,3,0,0,0,20,0
55,2,11,2,9,5,0,0,0,20,0
28,2,11,4,11,1,1,0,0,50,0
23,2,5,5,7,1,1,0,0,40,0
29,2,9,4,3,1,0,0,0,38,0
51,2,13,2,4,0,1,0,0,40,0
66,2,9,2,7,0,1,0,0,4,0
30,2,13,2,9,0,1,0,1902,55,1
29,2,9,4,11,4,0,0,0,40,0
53,2,9,2,13,0,1,0,0,45,0
33,4,9,2,11,0,1,0,0,70,1
28,1,13,4,9,1,0,0,0,40,0
77,5,16,3,9,1,1,0,0,4,1
19,2,7,4,7,3,1,0,0,40,0
58,2,6,4,7,1,1,0,0,40,0
19,2,9,4,5,3,1,0,0,40,0
31,2,13,4,3,1,0,13550,0,50,1
39,2,9,2,2,0,1,0,0,40,1
34,2,10,0,0,4,0,0,0,40,0
35,3,9,2,11,0,1,0,0,65,1
44,2,9,2,0,5,0,0,0,40,1
43,4,15,2,9,0,1,0,1902,50,1
42,2,9,4,13,3,1,0,0,40,0
31,2,14,4,3,1,1,0,1564,40,1
61,4,7,2,7,0,1,0,0,40,0
48,2,14,4,9,1,1,0,0,50,0
31,2,6,0,11,2,0,0,0,40,0
21,2,9,4,7,1,0,0,0,40,0
25,2,5,2,6,0,1,0,0,40,0
33,2,11,4,7,4,0,0,0,40,0
17,2,6,4,7,3,1,0,0,10,0
49,2,9,0,0,1,0,0,0,45,0
38,5,9,0,0,4,0,0,0,40,0
30,2,13,4,11,2,0,0,0,40,0
30,5,10,4,7,3,1,0,0,84,0
31,5,14,0,0,1,0,0,0,25,0
64,4,6,2,9,0,1,0,0,10,1
26,2,8,4,13,3,1,0,0,40,0
44,2,6,2,13,0,1,0,0,40,0
22,2,6,2,6,5,0,0,0,40,0
23,4,9,0,7,1,0,0,0,40,0
24,2,9,4,6,1,1,0,0,40,0
42,2,9,2,13,0,1,0,0,50,1
33,2,11,4,2,4,1,0,0,40,0
43,2,10,4,0,1,1,0,0,40,0
43,2,14,0,9,4,0,0,2547,40,1
47,1,10,4,0,1,1,0,0,40,0
47,0,13,2,3,0,1,0,1977,55,1
49,2,7,6,2,1,1,2174,0,40,0
45,1,12,2,5,0,1,0,0,40,0
24,2,9,2,2,0,1,0,0,38,0
29,2,4,2,2,0,1,0,0,40,1
25,2,10,4,7,1,0,0,0,40,0
54,2,9,2,0,5,0,0,0,40,1
36,2,9,4,7,3,1,0,0,40,0
21,2,10,4,0,3,0,4416,0,24,0
44,1,13,2,3,0,1,0,0,52,0
27,2,9,4,9,1,1,0,2444,40,1
53,4,9,2,2,0,1,0,0,40,1
39,2,9,2,0,0,1,0,0,40,1
19,2,7,4,5,3,1,0,0,40,0
30,0,13,4,0,1,0,0,0,35,0
39,2,10,0,6,1,0,0,0,25,0
27,3,9,4,11,1,1,0,0,50,0
39,2,13,2,3,5,0,0,0,60,1
52,1,9,2,2,0,1,0,2051,40,0
45,3,13,2,11,0,1,7298,0,40,1
17,1,7,4,9,3,0,0,0,7,0
27,1,10,4,13,3,1,0,0,40,0
18,2,10,4,11,3,0,0,0,30,0
42,1,10,2,3,0,1,0,0,45,1
23,2,10,4,11,3,1,0,0,25,0
33,2,14,4,3,1,0,0,0,40,0
36,1,13,2,9,0,1,0,1887,40,1
56,1,14,6,9,1,0,0,0,40,0
36,2,9,4,13,1,1,0,0,45,0
61,1,9,2,10,0,1,0,0,40,0
52,2,6,2,6,0,1,0,0,41,0
44,2,13,2,9,0,1,0,0,40,0
24,2,13,4,3,3,1,0,0,45,0
38,2,13,2,9,0,1,0,0,50,1
44,2,13,2,3,0,1,0,0,40,1
59,0,13,3,3,1,0,0,0,40,0
31,2,7,5,7,1,0,0,0,42,0
35,2,5,2,5,0,1,0,0,46,0
42,2,13,2,11,0,1,0,0,40,1
50,1,9,6,13,4,0,0,0,40,0
19,2,9,4,0,3,1,0,0,40,0
50,2,14,2,9,0,1,7688,0,50,1
27,2,10,2,0,5,0,0,1579,40,0
61,0,12,2,3,0,1,3103,0,40,1
41,2,10,2,9,0,1,0,0,4,0
30,2,9,2,7,0,1,0,0,52,0
47,4,10,0,9,4,0,0,0,40,0
31,2,13,2,3,0,1,0,0,40,0
22,2,9,4,7,3,1,0,2205,40,0
51,2,10,2,3,0,1,0,0,60,1
56,4,9,3,3,1,1,0,0,70,0
50,2,9,2,6,0,1,0,0,58,0
31,2,13,2,13,0,1,0,0,55,0
32,2,13,2,11,0,1,0,0,40,0
32,2,9,4,6,1,1,0,0,40,0
49,4,13,2,4,0,1,0,0,50,0
24,2,10,4,11,3,1,0,1762,40,0
73,1,9,6,7,1,0,0,0,15,0
29,2,9,4,2,1,1,2597,0,40,0
26,2,9,4,3,1,0,0,0,40,0
42,2,10,0,2,4,1,0,0,40,0
23,2,9,4,0,1,0,0,0,40,0
39,3,14,2,9,5,0,0,0,40,1
34,5,13,2,9,0,1,0,0,55,0
24,0,13,4,9,1,1,0,0,40,0
38,2,13,3,9,1,0,0,0,40,0
66,2,14,2,9,0,1,2936,0,20,0
26,2,10,2,3,5,0,0,0,40,0
56,2,6,0,2,1,1,0,0,56,0
23,2,10,4,2,3,1,0,0,40,0
19,2,10,4,7,3,1,0,0,18,0
39,2,9,2,6,0,1,0,2051,40,0
18,2,7,4,7,3,0,0,0,20,0
51,1,10,6,7,4,0,0,0,40,0
34,2,10,2,12,0,1,3103,0,40,1
37,1,4,2,6,0,1,0,0,40,0
38,2,13,4,0,1,0,0,0,50,1
24,1,10,0,5,1,1,0,0,50,0
39,3,15,2,9,0,1,0,1902,50,1
45,2,11,2,2,0,1,0,0,40,0
50,2,10,0,7,1,1,0,0,45,0
25,2,12,4,11,3,0,0,0,40,0
59,0,10,4,3,3,0,0,0,40,0
40,2,9,5,6,1,0,0,0,40,0
38,2,14,4,0,4,0,0,0,40,0
60,2,9,2,9,0,1,0,0,45,1
25,2,9,2,13,0,1,0,0,40,0
53,0,10,0,0,1,1,0,0,45,0
46,2,9,2,6,0,1,4386,0,40,1
64,2,9,2,13,0,1,10566,0,40,0
54,2,9,6,6,4,1,914,0,40,0
26,2,9,4,13,4,1,0,0,40,0
26,2,12,4,9,1,0,0,0,40,0
17,2,5,4,11,3,1,0,0,22,0
69,2,13,2,3,0,1,9386,0,50,1
29,2,13,4,11,1,1,0,0,50,1
40,2,15,2,9,0,1,0,0,40,1
31,2,13,0,5,3,1,0,0,40,0
59,0,9,2,2,0,1,0,0,40,1
33,2,10,4,2,1,1,0,0,80,0
49,2,11,0,2,3,1,0,0,30,0
42,2,10,2,3,0,1,0,0,55,1
36,5,9,2,3,0,1,0,0,60,1
31,3,13,2,3,0,1,0,0,55,1
44,2,6,0,0,4,0,0,0,42,0
38,0,11,0,2,4,0,6497,0,40,0
49,2,12,2,11,0,1,15024,0,60,1
19,2,10,4,0,3,1,0,0,20,0
46,3,15,2,9,0,1,0,0,45,1
22,1,9,4,4,3,1,0,0,40,0
68,4,4,2,4,0,1,0,0,30,0
55,2,14,2,9,0,1,0,0,60,0
53,2,9,2,9,0,1,0,0,40,1
32,2,9,4,0,2,0,0,0,40,0
36,2,9,4,2,1,1,0,0,43,0
17,2,8,4,11,3,0,0,0,8,0
44,2,14,2,3,0,1,0,0,35,1
34,2,9,2,2,0,1,0,0,44,0
29,2,11,2,13,0,1,0,0,55,0
35,2,13,4,7,1,1,0,0,37,0
33,2,9,0,7,1,1,0,0,60,0
19,2,7,4,6,3,1,0,0,60,0
27,2,10,0,9,3,0,0,0,40,0
37,2,14,0,3,4,0,0,213,45,0
50,2,11,2,10,0,1,0,0,84,0
30,2,10,0,13,1,1,0,0,40,0
41,1,10,2,10,0,1,0,0,45,1
35,0,10,2,10,0,1,0,0,40,1
45,2,10,2,6,0,1,0,0,84,1
43,2,12,2,12,0,1,0,0,40,0
61,4,15,2,9,0,1,0,0,50,1
25,2,13,4,7,3,0,0,0,20,0
38,4,9,4,4,1,1,0,0,60,0
32,5,13,2,10,0,1,0,0,40,1
46,2,16,4,9,1,1,0,0,40,1
26,2,9,4,0,4,0,0,0,35,0
25,2,9,4,2,1,1,0,0,40,0
42,2,12,2,3,0,1,0,0,40,1
22,2,13,4,0,3,0,0,0,60,0
44,4,10,0,4,4,1,0,0,40,0
25,2,9,4,11,1,1,0,1504,37,0
41,3,13,0,3,1,1,0,0,50,0
31,2,10,2,12,0,1,0,0,40,1
40,3,10,2,4,0,1,0,0,40,1
41,2,10,5,0,1,0,0,0,38,0
31,2,9,4,7,1,0,0,0,38,0
31,2,10,2,0,5,0,0,1740,20,0
26,2,6,4,0,1,0,2907,0,40,0
46,2,9,2,6,5,0,0,0,36,0
27,2,13,4,9,3,1,0,0,40,0
31,2,9,4,2,3,1,0,0,40,0
48,5,9,2,10,0,1,0,0,72,1
36,2,10,2,3,0,1,0,0,52,1
54,2,9,2,2,0,1,0,1628,40,0
43,1,10,2,4,0,1,0,2002,40,0
42,2,9,5,0,4,0,0,0,35,0
58,2,9,0,0,1,0,0,0,42,0
43,5,15,0,9,1,1,0,0,50,0
61,3,14,2,11,0,1,0,0,40,1
26,2,10,4,5,1,1,0,0,25,0
33,2,14,2,12,0,1,0,0,50,1
35,2,13,4,11,1,1,0,0,50,0
25,2,9,4,3,2,1,0,0,40,0
20,4,9,4,13,3,1,0,0,45,0
51,2,10,0,11,1,0,0,0,60,0
30,0,13,4,9,1,1,0,0,40,0
45,2,8,0,2,1,1,0,0,40,0
20,1,9,4,7,3,1,0,0,10,0
22,2,9,4,0,3,0,0,0,38,0
27,0,9,5,3,4,0,0,0,40,0
41,5,9,0,9,3,1,0,0,40,0
46,1,14,4,9,1,0,0,2258,35,0
28,4,12,4,3,1,1,0,0,21,0
58,2,10,0,0,4,0,0,0,40,0
19,2,10,4,7,3,0,0,0,20,0
34,5,9,4,7,3,1,0,0,42,0
20,2,10,4,5,3,1,0,0,40,0
37,3,9,2,2,0,1,0,0,60,1
36,2,9,2,6,0,1,0,0,44,1
50,2,10,0,2,1,1,0,0,40,0
42,2,10,2,7,5,0,0,0,30,0
36,2,9,5,11,1,0,0,0,40,0
50,2,4,2,2,0,1,0,0,40,0
30,5,9,5,0,1,0,0,0,40,0
38,2,10,2,12,0,1,0,0,40,1
57,3,13,2,9,0,1,0,0,45,1
62,2,13,2,3,0,1,0,0,50,1
27,4,7,2,3,0,1,0,0,50,0
48,2,9,2,4,0,1,0,0,70,0
45,2,11,2,2,0,1,0,0,40,0
28,2,9,2,7,0,1,0,0,50,0
54,2,9,2,11,0,1,15024,0,50,1
33,2,7,4,7,1,1,0,0,40,0
23,2,10,2,12,0,1,0,0,42,0
38,2,9,0,11,1,1,0,0,60,0
19,2,9,4,7,3,1,0,0,35,0
47,2,4,2,6,5,0,0,0,40,0
40,2,9,2,2,0,1,0,0,40,0
46,2,6,4,7,1,0,0,0,25,0
51,2,5,2,6,0,1,0,0,45,0
32,2,13,4,9,1,1,0,0,40,1
20,2,10,4,9,1,0,0,0,40,0
67,1,9,0,7,1,0,0,0,24,0
46,2,14,4,12,1,1,0,0,35,1
54,2,10,2,3,0,1,0,0,44,0
43,2,9,2,2,0,1,0,0,40,0
60,2,4,2,11,0,1,0,0,40,0
41,2,9,2,3,0,1,0,0,40,1
52,2,9,6,0,1,0,0,0,40,0
32,2,9,3,7,4,0,0,0,20,0
51,5,10,4,3,1,1,0,0,40,0
44,2,16,2,0,0,1,0,0,55,1
45,1,14,0,9,3,0,0,0,55,0
36,2,9,0,0,4,0,0,0,40,0
26,2,9,4,0,3,1,0,0,40,0
34,2,10,2,11,0,1,0,0,50,0
23,4,10,0,0,3,1,0,0,40,0
39,2,13,2,9,0,1,0,0,40,1
55,2,7,2,6,0,1,5013,0,48,0
41,2,12,2,3,0,1,7688,0,50,1
52,3,10,2,11,0,1,15024,0,50,1
31,2,10,2,0,0,1,0,0,55,0
36,2,13,2,3,0,1,0,0,50,1
48,2,13,4,2,1,1,99999,0,60,1
33,2,12,2,2,0,1,0,0,45,0
27,2,9,2,2,0,1,3137,0,45,0
34,1,10,2,10,0,1,0,0,40,0
35,4,10,0,2,3,1,0,0,40,0
22,2,11,4,7,3,0,0,0,12,0
26,5,11,0,3,4,0,0,0,40,0
25,2,9,0,2,1,1,3325,0,45,0
75,4,9,2,11,0,1,0,0,35,0
21,2,11,2,0,2,0,0,1579,40,0
42,0,9,0,0,4,0,0,0,40,0
47,2,10,2,9,0,1,0,0,40,0
47,2,3,5,7,4,0,0,0,40,0
17,2,7,4,5,3,1,0,0,20,0
51,2,14,2,11,0,1,0,0,55,1
39,2,9,4,0,1,1,0,0,45,0
34,2,13,0,11,1,1,0,1564,60,1
22,2,9,2,0,5,0,0,0,30,0
40,2,11,0,0,4,0,0,0,50,0
68,4,9,2,2,0,1,0,0,15,0
37,2,6,2,6,0,1,0,2129,65,0
39,2,6,2,2,0,1,0,0,40,0
20,2,9,4,7,1,0,0,0,40,0
17,2,7,4,0,3,0,1055,0,20,0
26,2,13,4,9,3,0,0,0,40,0
19,4,7,4,0,1,0,0,0,40,0
39,2,10,0,0,4,0,0,0,38,0
31,2,11,2,6,0,1,0,0,40,0
46,2,3,2,6,0,1,0,0,40,0
28,2,10,4,0,1,1,0,0,44,0
65,2,9,2,13,0,1,0,0,16,0
20,2,10,4,7,3,1,2176,0,25,0
34,2,10,2,6,0,1,0,0,40,0
45,2,13,2,6,0,1,0,0,40,1
45,2,9,2,11,0,1,7688,0,40,1
44,2,9,2,2,0,1,0,0,72,0
77,4,1,6,3,1,0,0,0,60,0
23,2,9,4,2,3,1,0,0,1,0
32,2,15,2,9,0,1,0,0,25,1
20,2,10,4,7,3,1,0,0,40,0
44,2,9,2,0,0,1,0,0,40,0
21,2,9,2,2,0,1,0,0,40,0
44,2,9,2,11,0,1,0,0,68,0
44,2,4,2,2,0,1,0,0,40,0
48,2,15,2,9,0,1,0,1977,45,1
29,2,9,2,9,0,1,0,0,40,1
62,2,14,4,9,1,1,0,0,70,0
33,2,9,2,11,0,1,0,0,45,0
45,2,13,0,9,4,0,0,0,40,0
51,2,7,0,11,4,0,0,0,35,0
47,2,15,2,9,0,1,0,1977,60,1
48,2,14,2,3,5,0,0,1902,38,1
34,2,9,0,0,1,1,0,0,42,0
60,2,2,2,2,0,1,0,0,40,1
50,4,15,2,3,0,1,99999,0,50,1
30,2,13,2,3,0,1,0,0,45,1
52,2,9,2,11,0,1,0,2377,40,0
58,2,5,0,4,1,1,0,0,40,0
41,4,15,2,9,0,1,0,0,50,1
46,2,9,4,0,4,0,0,0,37,0
42,2,9,6,3,1,0,0,0,35,0
28,2,9,2,13,0,1,0,0,55,0
20,2,10,4,6,1,0,2176,0,40,0
65,2,9,0,10,1,1,0,0,20,0
18,2,9,4,5,3,1,0,0,40,0
25,2,11,4,3,1,0,0,0,40,0
36,2,10,2,3,0,1,0,0,40,1
37,2,10,0,11,1,1,0,0,40,0
25,2,10,4,6,3,1,0,0,40,0
57,1,9,0,10,1,0,0,0,40,0
36,2,11,2,0,0,1,0,0,40,1
28,2,13,2,9,0,1,0,0,40,0
43,1,10,0,0,4,0,0,0,40,0
26,2,10,4,5,3,1,0,0,40,0
21,2,10,4,11,1,0,0,0,50,0
27,2,9,2,6,0,1,0,0,40,0
19,2,10,4,11,3,0,0,0,20,0
22,1,10,4,3,3,1,0,0,20,0
51,2,9,2,2,0,1,0,0,45,1
42,4,12,0,2,3,1,0,0,35,0
49,0,10,0,3,1,1,0,0,40,0
48,2,12,0,7,1,1,0,0,44,0
51,2,9,2,11,0,1,0,0,48,1
70,2,6,6,0,2,1,0,0,20,0
23,0,12,4,3,3,0,0,0,40,0
71,2,13,4,2,1,1,11678,0,45,1
24,2,10,4,12,3,1,0,0,40,0
43,2,13,2,3,0,1,0,0,40,0
33,2,13,4,9,1,0,0,0,40,0
23,2,3,4,5,2,1,0,0,40,0
59,2,9,0,12,4,0,0,0,40,0
17,2,5,4,7,3,0,0,0,20,0
52,2,9,2,0,5,0,0,0,40,1
54,1,14,2,9,0,1,0,0,45,1
50,2,13,2,3,0,1,7298,0,50,1
52,3,9,2,3,0,1,0,0,40,1
19,2,10,4,7,1,1,0,0,35,0
41,3,13,2,3,0,1,0,0,35,1
29,1,13,4,12,1,0,0,0,42,0
48,2,10,4,5,1,1,0,0,40,0
54,2,9,4,3,4,1,0,0,40,1
22,2,9,2,11,0,1,0,0,50,0
51,0,9,2,2,0,1,4386,0,40,1
59,2,9,3,0,4,0,0,0,20,0
57,2,13,4,11,1,1,0,0,40,0
47,1,13,2,9,0,1,0,0,72,0
54,2,9,2,0,0,1,0,0,45,0
43,5,10,0,0,4,0,0,0,40,0
58,2,9,2,2,0,1,0,0,40,0
37,2,6,4,6,1,1,0,0,65,0
30,1,10,4,0,1,1,0,0,40,0
52,2,9,2,2,0,1,0,0,40,0
28,2,10,2,9,0,1,0,0,30,0
38,2,9,5,0,1,0,0,0,32,0
51,2,14,2,3,0,1,0,1977,50,1
39,2,13,0,3,4,0,0,0,60,0
21,2,9,4,2,3,1,0,2205,40,0
48,2,9,0,0,1,0,0,0,40,0
27,2,14,4,11,3,1,0,0,40,0
30,2,9,2,11,0,1,0,0,40,0
24,2,10,4,7,1,1,0,0,30,0
26,2,10,3,0,3,0,0,0,35,0
52,2,9,4,5,4,1,0,0,40,0
44,2,10,2,11,0,1,0,0,60,1
24,2,10,4,12,1,0,0,0,37,0
32,1,14,4,9,1,1,0,0,40,0
35,3,11,2,2,0,1,0,0,55,0
34,4,9,4,2,1,1,0,0,45,1
32,2,10,4,0,3,0,0,0,40,0
27,2,10,2,11,0,1,0,0,55,0
75,4,14,3,9,1,0,0,0,50,0
21,2,12,4,9,1,0,0,0,40,0
35,2,10,4,7,4,0,0,0,37,0
18,2,10,4,7,3,0,0,0,15,0
48,2,10,0,11,4,0,0,0,55,0
34,2,10,4,0,2,0,0,0,40,0
41,4,9,2,7,0,1,0,0,10,0
36,2,9,2,7,0,1,0,0,50,0
47,2,9,2,13,0,1,0,0,85,1
55,2,10,2,2,0,1,7688,0,40,1
37,2,9,2,7,0,1,0,0,40,0
23,2,11,2,5,0,1,0,0,40,0
27,2,13,4,12,1,1,0,0,40,1
30,2,13,4,7,1,0,0,0,40,0
29,2,13,4,9,1,1,8614,0,45,1
60,4,10,2,3,0,1,0,0,50,0
33,2,9,0,6,1,1,0,0,40,0
29,2,12,4,0,4,0,0,0,40,0
40,2,10,4,2,1,1,0,0,40,0
19,2,9,4,2,3,1,0,0,25,0
62,2,10,0,7,1,0,0,0,60,0
46,2,10,2,12,0,1,5178,0,40,1
38,1,13,2,3,0,1,0,0,40,0
25,2,2,4,4,1,1,0,0,40,0
54,2,9,2,13,0,1,0,2051,50,0
26,4,9,4,9,3,0,0,0,40,0
29,2,9,4,7,1,1,0,0,40,0
45,2,10,0,0,1,0,0,0,40,0
31,2,10,4,12,1,0,0,0,50,0
35,2,9,0,6,4,0,0,0,38,0
20,2,10,4,7,1,0,0,0,40,0
39,2,13,2,3,0,1,0,1887,40,1
46,2,10,4,0,1,0,0,0,40,0
55,5,10,0,9,1,0,0,0,37,0
50,0,14,2,12,0,1,0,0,40,1
42,2,9,2,11,0,1,5178,0,50,1
34,2,9,4,6,2,1,0,0,40,0
30,2,13,0,11,3,0,0,0,40,0
60,2,9,2,6,0,1,0,0,40,0
55,1,6,2,0,0,1,0,0,40,0
41,1,10,4,9,2,1,0,0,7,0
40,2,12,2,9,0,1,7298,0,36,1
38,2,10,2,3,5,0,0,0,38,1
32,2,11,2,11,0,1,0,0,50,1
29,2,9,4,11,4,1,0,0,38,0
20,2,9,4,2,3,1,0,0,40,0
17,2,6,4,7,3,0,0,0,15,0
45,1,14,4,9,1,0,0,0,40,0
48,2,9,2,6,0,1,0,0,48,0
30,2,9,0,13,1,1,0,0,40,0
17,2,7,4,13,3,0,0,0,16,0
44,2,9,4,11,2,0,0,0,15,0
45,2,6,0,11,1,0,0,0,40,0
43,2,10,2,0,0,1,0,0,40,0
55,2,7,4,6,1,0,0,0,40,0
37,2,10,5,0,3,1,0,0,62,0
41,2,13,2,9,0,1,0,0,60,0
40,0,13,2,3,0,1,0,0,39,0
35,2,12,3,11,3,0,0,0,36,0
35,1,12,2,10,0,1,0,0,40,1
20,2,10,4,11,3,0,0,0,20,0
45,2,16,5,3,4,1,0,0,40,1
59,2,7,2,13,0,1,0,0,40,0
59,2,6,6,7,2,0,0,0,40,0
26,2,13,4,3,1,1,0,1876,38,0
18,2,9,4,7,3,0,0,0,20,0
72,4,9,2,4,0,1,0,0,40,0
43,2,10,4,7,1,0,0,0,40,0
40,2,14,4,9,1,0,0,0,45,1
37,2,13,2,9,0,1,0,0,99,1
29,2,7,2,7,0,1,0,0,40,0
58,2,10,4,0,1,0,0,0,39,0
32,1,9,2,13,0,1,0,0,40,0
35,2,10,4,11,1,0,0,1669,45,0
38,2,9,2,0,0,1,0,0,42,0
19,2,9,4,0,3,1,0,0,40,0
28,5,10,2,7,0,1,0,0,40,0
38,2,9,2,13,0,1,0,0,65,0
32,1,13,0,0,4,0,0,0,46,0
37,2,9,2,2,0,1,0,0,40,0
27,2,9,4,2,1,1,0,0,40,0
38,2,9,2,2,0,1,0,0,40,0
31,2,9,0,11,4,1,0,0,50,0
31,2,13,3,0,1,0,0,0,40,0
53,2,3,2,13,0,1,0,0,40,0
48,2,10,2,0,5,0,0,0,37,0
28,2,9,2,13,0,1,0,0,70,0
55,2,10,4,0,1,1,0,0,45,0
33,5,14,4,9,1,1,0,0,30,0
19,2,10,4,0,2,0,0,0,40,0
30,2,13,4,12,1,0,0,0,40,1
29,2,9,3,2,1,1,0,0,40,0
41,2,13,0,9,1,0,0,0,50,1
40,2,9,2,2,0,1,0,0,60,1
45,2,11,2,2,0,1,4386,0,38,1
26,2,9,2,2,0,1,0,0,40,0
19,2,2,4,6,2,1,0,0,40,0
46,2,10,5,12,4,0,0,0,55,0
51,4,12,5,11,1,1,0,0,30,0
22,2,13,4,3,1,1,0,0,50,0
27,2,9,4,5,2,1,0,0,40,0
56,3,4,2,2,0,1,0,0,50,1
27,2,11,4,2,4,1,0,0,40,1
43,2,2,4,0,4,0,0,0,30,0
33,2,9,5,11,1,0,0,0,35,0
38,2,10,2,6,0,1,0,0,60,0
24,2,9,4,13,1,1,0,0,40,0
69,2,9,6,0,1,0,0,0,40,0
27,2,10,4,4,3,1,0,0,45,0
65,1,10,0,0,1,0,0,0,28,0
46,4,16,2,9,0,1,0,1902,50,1
36,1,7,2,2,0,1,0,0,40,0
37,3,10,2,3,0,1,0,0,50,1
45,2,13,2,2,0,1,3103,0,40,1
40,1,14,2,9,5,0,0,0,36,1
29,2,9,4,2,3,1,0,0,40,0
42,2,4,4,5,1,1,0,2205,40,0
25,2,7,4,6,3,1,0,0,40,0
33,0,10,2,3,5,0,0,0,40,1
23,2,11,4,13,3,1,0,0,40,0
33,2,10,0,2,4,1,0,0,40,0
52,0,9,2,3,0,1,7298,0,40,1
44,2,13,4,12,1,1,0,0,35,0
39,2,9,0,11,4,0,0,0,40,0
30,2,10,2,6,0,1,0,0,40,0
31,0,9,4,5,3,0,0,0,40,0
22,2,10,4,0,3,1,0,0,30,0
42,2,10,2,0,5,0,0,0,40,0
27,4,9,2,7,0,1,0,0,60,1
58,2,10,0,7,1,1,0,0,40,0
43,2,13,0,3,4,0,7430,0,45,1
38,2,13,0,9,1,0,0,0,35,0
36,1,13,2,9,0,1,0,0,35,1
35,4,9,2,3,0,1,0,0,35,0
69,2,9,6,0,1,0,1848,0,40,0
43,2,14,2,3,5,0,0,1977,50,1
29,1,9,2,13,0,1,0,0,40,0
35,2,9,2,2,0,1,0,0,40,1
53,2,13,2,3,0,1,0,0,50,1
24,2,9,4,5,2,1,0,0,40,0
36,2,14,2,3,0,1,15024,0,50,1
50,5,11,0,0,4,0,0,0,40,0
19,2,10,4,7,1,1,0,0,35,0
32,2,9,4,6,1,0,0,0,40,0
39,2,9,2,3,0,1,0,0,50,1
43,3,13,2,11,0,1,99999,0,40,1
32,2,14,4,3,1,0,13550,0,60,1
32,4,11,4,2,1,1,0,0,40,0
28,2,10,4,5,1,1,0,0,35,0
41,2,9,4,7,1,0,0,0,40,0
56,2,9,0,13,4,0,0,0,35,0
35,2,11,2,2,0,1,0,0,50,0
33,2,9,4,2,3,1,0,0,43,0
23,2,6,2,2,0,1,0,0,40,0
46,2,3,2,13,0,1,0,1902,40,0
43,2,3,3,4,4,1,0,0,35,0
41,2,9,0,0,1,0,0,625,40,0
31,2,13,4,9,4,1,0,0,40,0
40,2,11,2,2,0,1,0,0,40,0
24,2,7,4,6,4,0,0,0,40,0
56,2,5,2,2,0,1,0,0,40,0
50,2,13,2,3,0,1,99999,0,55,1
51,1,14,2,9,0,1,15024,0,40,1
52,0,14,2,3,0,1,5013,0,40,0
31,2,10,0,12,3,0,0,0,40,0
66,4,13,2,11,0,1,0,0,40,1
23,1,9,4,2,3,1,0,1590,40,0
40,2,9,5,0,4,0,0,0,40,0
52,2,4,2,5,0,1,0,0,40,0
24,2,11,4,9,3,0,0,0,40,0
19,2,9,4,5,1,1,0,0,30,0
47,2,7,0,2,3,1,0,0,8,0
46,2,10,5,11,1,1,0,0,55,0
49,2,6,2,13,0,1,0,0,42,1
24,2,9,2,7,5,0,0,0,25,0
40,2,10,2,13,0,1,0,0,43,0
17,2,6,4,11,3,0,0,0,15,0
22,2,10,4,7,1,0,0,0,20,0
50,2,10,2,12,0,1,0,0,40,1
45,2,9,2,3,5,0,0,0,50,1
23,2,10,2,5,0,1,0,0,55,0
49,4,13,2,11,0,1,15024,0,40,1
44,3,14,2,9,0,1,0,2415,55,1
33,3,9,2,2,0,1,0,0,40,1
40,2,9,2,13,0,1,0,0,50,0
62,2,9,4,0,1,0,0,0,37,0
39,2,12,3,0,2,1,0,0,60,0
38,2,9,0,2,1,1,3325,0,40,0
47,2,9,0,3,1,0,0,1974,40,0
18,2,9,4,2,3,0,0,0,20,0
20,0,9,4,0,3,0,0,0,40,0
17,2,9,4,11,3,0,0,0,16,0
63,4,4,2,2,0,1,0,0,40,0
30,2,13,4,12,1,0,0,0,72,0
52,2,10,2,3,0,1,0,0,40,1
56,2,9,2,2,0,1,0,0,52,1
23,2,9,4,5,3,1,0,0,40,0
38,2,10,2,3,0,1,0,0,30,1
33,2,13,4,11,1,0,0,0,40,0
40,2,9,0,0,4,0,0,0,45,0
69,4,5,2,0,0,1,0,0,40,0
30,2,9,2,2,0,1,0,0,70,0
25,2,13,4,0,1,0,0,0,45,0
58,4,13,4,4,3,1,0,0,72,0
44,2,9,0,11,4,0,0,0,40,0
22,2,7,4,7,3,0,0,0,30,0
27,2,9,4,0,3,1,0,0,20,0
36,0,14,0,12,1,0,0,0,40,1
27,2,12,4,7,1,1,0,0,40,0
44,1,10,4,7,4,0,0,0,40,0
30,2,9,2,2,0,1,0,0,40,1
20,2,10,4,0,3,0,0,0,35,0
50,2,10,0,7,1,0,0,0,40,0
39,2,9,0,6,4,0,0,0,40,0
53,1,10,2,3,0,1,0,0,50,0
22,2,9,4,0,1,0,0,0,60,0
30,2,9,2,2,0,1,0,0,35,0
58,2,9,2,2,0,1,0,0,40,1
36,2,9,0,3,4,1,0,0,40,0
58,3,9,2,3,5,0,0,0,20,1
20,2,10,4,7,3,0,0,0,20,0
44,4,7,2,4,0,1,0,0,88,0
40,2,13,2,9,0,1,0,0,40,1
46,2,9,2,0,5,0,0,0,40,0
50,1,14,2,9,5,0,15024,0,40,1
18,0,9,4,5,3,1,0,0,50,0
26,0,11,4,2,3,1,0,0,50,0
50,2,10,0,12,1,0,0,0,40,0
26,2,10,0,0,4,0,0,0,38,0
76,4,10,6,13,1,1,0,0,40,0
26,2,10,0,5,1,1,0,0,45,0
23,2,9,4,8,3,1,0,0,40,0
30,2,11,2,2,0,1,0,0,40,0
40,2,9,0,12,4,0,0,0,40,0
31,2,9,5,7,4,0,0,0,24,0
35,2,13,2,9,0,1,0,1977,48,1
32,2,10,0,6,4,0,0,0,40,0
54,2,10,6,2,4,0,0,0,50,0
36,2,9,4,7,1,0,0,0,40,0
21,2,9,4,11,3,0,4101,0,40,0
46,2,13,0,3,2,1,0,0,40,0
21,2,9,4,7,3,0,0,0,30,0
22,2,9,0,13,1,1,0,0,40,0
19,2,9,4,7,1,0,0,0,45,0
24,2,9,4,7,3,1,0,0,40,0
70,1,9,2,3,0,1,0,0,22,0
43,1,14,2,9,0,1,0,0,40,1
31,2,16,4,9,1,0,0,0,28,0
32,2,11,2,0,5,0,0,0,45,0
27,2,9,4,0,1,0,0,0,8,0
45,2,6,2,11,0,1,0,0,40,0
18,2,8,4,7,3,1,0,0,30,0
24,4,13,4,11,1,1,0,0,50,0
19,2,9,4,7,3,1,0,0,32,0
18,2,10,4,11,3,1,0,0,15,0
41,2,7,0,3,4,0,0,0,36,0
40,2,10,2,6,0,1,0,0,45,0
48,2,13,2,9,0,1,0,0,40,1
33,2,9,2,2,0,1,0,0,60,0
19,2,5,4,6,3,1,0,0,40,0
46,4,10,2,2,0,1,0,0,55,0
33,2,10,4,11,1,1,0,0,35,0
36,2,13,2,12,0,1,3103,0,42,1
17,2,7,4,0,3,0,0,0,24,0
43,2,13,2,11,0,1,0,0,65,1
22,2,7,2,0,5,0,0,0,20,0
26,2,9,4,5,3,1,0,0,40,0
38,2,10,2,11,0,1,7298,0,40,1
68,2,14,2,9,0,1,0,0,45,0
20,2,9,4,5,3,1,0,0,40,0
53,1,13,2,9,0,1,0,0,40,0
47,5,13,2,9,0,1,0,0,60,1
19,0,10,4,0,3,0,0,1602,20,0
44,0,9,4,0,4,0,0,0,40,0
35,2,10,2,12,0,1,0,0,40,1
19,2,7,4,11,2,1,0,0,16,0
24,2,13,4,11,3,0,0,1504,40,0
34,2,9,0,6,4,0,0,0,20,0
24,2,9,2,2,0,1,0,0,45,0
26,0,10,4,12,3,0,0,0,40,0
30,2,13,4,0,1,0,0,0,40,0
22,2,9,2,3,0,1,0,0,48,0
25,2,9,2,2,0,1,0,0,40,0
19,2,10,4,7,3,1,0,0,35,0
33,2,10,4,7,1,1,0,0,40,0
48,2,9,2,7,0,1,0,0,50,0
29,0,10,2,10,0,1,0,0,60,0
52,2,10,4,3,1,1,0,0,40,0
22,2,7,4,2,1,1,0,0,50,0
29,2,10,0,9,4,0,0,0,24,0
30,2,10,4,2,2,1,0,0,55,0
50,4,14,2,4,0,1,2407,0,98,0
51,2,10,2,2,0,1,7298,0,40,1
37,2,9,2,2,0,1,7688,0,99,1
68,4,4,6,7,1,0,0,0,40,0
21,2,13,4,7,3,0,0,0,20,0
37,4,13,5,13,1,1,0,0,50,0
32,2,13,2,2,0,1,0,0,40,0
33,2,13,2,0,0,1,0,1902,50,1
41,2,9,0,3,4,0,0,0,40,0
22,4,11,4,4,1,1,0,0,75,0
42,3,13,2,0,5,0,0,0,45,1
60,2,4,2,11,0,1,0,0,50,0
24,2,9,5,6,3,0,0,0,40,0
21,2,11,4,0,1,0,0,0,40,0
54,2,13,2,11,0,1,7688,0,50,1
47,2,13,3,3,1,0,27828,0,60,1
50,2,14,4,3,1,1,27828,0,48,1
54,0,9,2,6,0,1,7688,0,40,1
57,3,13,0,9,1,1,0,0,80,0
59,2,9,0,3,1,0,0,0,40,0
26,2,15,4,9,1,1,0,0,40,1
51,4,14,0,3,4,1,25236,0,50,1
51,2,16,4,9,1,1,0,0,40,1
32,2,9,2,11,0,1,0,0,60,0
29,2,10,2,2,0,1,0,0,45,0
32,2,11,4,3,1,0,0,0,35,0
20,2,10,4,2,3,1,0,0,40,0
46,3,13,2,3,0,1,15024,0,60,1
60,5,13,2,9,0,1,0,0,40,0
47,2,9,2,6,0,1,0,0,40,1
36,4,9,2,2,0,1,0,0,40,0
26,2,13,4,7,1,0,0,0,40,0
34,2,9,0,0,1,0,0,0,40,0
68,2,7,6,6,1,0,0,1870,35,0
46,4,13,0,7,4,0,0,0,60,1
30,2,13,4,11,3,0,0,0,20,0
19,2,9,4,13,3,1,0,0,35,0
24,2,9,2,3,5,0,0,0,45,0
49,2,13,2,0,5,0,0,0,40,1
61,2,5,2,6,0,1,0,0,40,0
44,0,14,4,9,1,0,0,0,40,0
23,2,10,4,3,2,0,0,0,40,0
32,2,13,4,3,1,0,0,0,40,0
45,2,12,2,2,0,1,0,0,66,0
45,4,7,2,2,0,1,0,0,50,0
39,3,9,2,3,0,1,0,0,70,0
51,5,9,0,0,1,0,0,0,38,0
46,1,5,5,7,4,0,0,0,40,0
54,2,10,0,0,1,0,0,0,40,0
37,2,13,4,7,1,1,0,0,39,0
25,2,5,2,6,0,1,0,0,45,0
43,2,9,0,11,2,0,0,0,46,0
32,2,13,4,9,1,0,0,0,50,0
43,5,13,2,9,0,1,0,0,37,1
21,2,9,4,0,3,1,0,0,40,0
29,2,9,4,0,3,0,0,0,40,0
35,2,4,0,12,4,0,0,0,40,0
49,2,14,4,9,1,1,0,0,60,0
33,2,11,4,3,4,0,0,0,40,0
27,2,6,2,5,0,1,0,0,20,0
36,2,9,2,13,0,1,0,0,33,0
24,2,9,4,6,1,0,0,0,40,0
41,2,10,2,13,0,1,0,0,65,1
63,2,4,2,11,0,1,0,0,45,0
43,2,9,2,6,5,0,0,0,21,0
55,3,9,2,3,0,1,0,0,50,1
23,2,13,4,0,3,0,2174,0,40,0
48,4,13,2,3,0,1,0,0,60,0
31,2,4,2,4,2,1,0,0,35,0
20,2,9,4,7,3,0,0,0,30,0
48,2,14,2,3,0,1,0,0,40,1
56,4,14,5,11,4,0,0,0,36,0
59,2,9,2,0,0,1,0,0,45,1
61,2,4,2,11,0,1,0,0,50,1
42,2,10,4,7,3,0,0,0,40,0
39,2,10,0,5,1,1,0,0,50,1
39,2,14,2,12,0,1,15024,0,50,1
26,2,9,2,2,0,1,0,0,42,1
23,2,10,2,7,0,1,0,0,40,0
59,2,9,2,12,0,1,0,0,40,1
30,2,9,2,0,0,1,0,0,40,0
46,2,13,2,3,0,1,0,0,50,1
31,2,9,4,12,1,0,0,0,40,0
31,2,13,0,0,4,0,0,0,45,0
27,2,13,2,12,5,0,0,0,40,1
18,2,9,4,0,3,1,0,0,40,0
22,2,11,4,11,3,0,0,0,20,0
33,2,9,2,2,5,0,0,0,40,1
37,2,9,2,11,0,1,0,0,50,0
53,1,13,2,9,0,1,0,0,40,1
45,2,10,0,6,4,0,0,0,40,0
54,2,9,2,2,0,1,0,0,45,0
64,2,9,2,7,0,1,0,0,40,0
23,2,11,4,0,3,0,0,0,40,0
38,2,11,5,12,4,0,0,0,20,0
34,1,9,0,2,4,1,0,0,40,0
30,4,9,0,7,4,0,0,0,40,0
48,2,9,4,7,1,0,0,0,32,0
57,2,11,2,9,0,1,0,0,40,0
69,2,6,0,7,1,0,0,0,16,0
35,2,11,2,11,0,1,0,0,50,1
56,1,10,0,3,1,0,0,0,40,0
43,1,11,0,3,1,0,0,0,40,0
42,2,13,2,7,0,1,0,0,72,1
19,2,10,4,11,3,0,0,0,20,0
47,2,13,2,3,0,1,0,0,60,1
40,2,13,0,3,1,1,0,0,40,0
67,4,9,0,9,1,0,0,0,20,0
40,2,9,4,3,1,0,0,0,45,0
37,5,13,2,9,0,1,0,0,40,1
43,2,9,5,0,4,0,0,0,40,0
49,4,9,2,4,0,1,0,1672,98,0
76,4,10,6,11,1,1,0,0,20,0
60,2,9,0,7,4,0,0,0,38,0
28,2,9,4,13,4,1,0,0,50,0
23,2,9,4,0,3,1,0,0,20,0
22,2,9,4,6,1,1,0,0,50,0
48,2,12,2,9,0,1,0,0,45,0
33,2,10,4,0,1,0,6849,0,50,0
20,2,10,4,7,3,1,0,0,60,0
26,2,13,4,3,1,1,0,0,60,0
21,2,9,4,0,4,0,0,0,40,0
55,4,14,2,11,0,1,2228,0,50,0
45,0,13,2,9,0,1,0,0,40,1
53,4,9,2,11,0,1,0,0,50,0
26,2,13,4,3,1,0,0,0,40,0
27,2,9,4,0,1,0,2202,0,40,0
28,2,13,4,11,4,1,0,0,50,0
29,2,10,4,2,3,1,0,0,40,0
30,5,6,2,0,0,1,0,0,40,0
41,1,14,4,9,1,0,0,0,40,0
39,2,6,2,2,0,1,0,0,40,0
55,2,13,5,3,1,1,14084,0,45,1
22,2,5,4,7,3,1,0,0,50,0
25,2,5,4,4,2,1,0,0,45,0
51,2,9,2,2,0,1,0,0,40,0
56,4,10,2,2,0,1,0,0,70,0
53,2,9,2,0,0,1,0,0,50,0
23,2,9,5,0,1,0,0,0,40,0
36,4,13,2,3,5,0,0,0,25,1
37,2,14,2,12,0,1,0,0,60,1
41,2,3,2,4,0,1,0,0,30,0
50,2,13,2,13,0,1,7298,0,40,1
53,1,14,2,9,5,0,15024,0,40,1
35,2,9,4,0,1,1,8614,0,40,1
22,2,7,4,2,3,1,0,0,45,0
62,2,9,0,7,1,0,0,0,40,0
56,2,9,4,5,3,1,0,0,28,0
71,2,4,6,13,1,1,0,0,10,0
25,2,13,4,9,3,0,0,0,15,0
41,2,9,2,11,5,0,0,0,20,0
54,0,9,4,0,4,0,0,0,40,0
51,4,13,2,3,0,1,99999,0,50,1
31,2,10,0,9,1,0,0,0,40,0
19,2,10,4,0,3,0,0,0,40,0
65,2,9,6,7,1,0,0,0,15,0
32,4,9,2,13,0,1,0,1887,60,1
34,5,14,2,9,0,1,7688,0,38,1
37,2,9,4,5,1,1,0,0,40,0
39,2,9,4,6,3,0,0,0,35,0
19,2,10,4,0,3,0,0,0,10,0
20,2,9,0,7,4,0,0,0,25,0
37,2,10,4,3,1,1,2174,0,40,0
25,2,2,4,8,1,0,0,0,40,0
66,2,9,2,2,0,1,0,0,40,1
41,2,11,2,7,0,1,7298,0,60,1
29,5,14,2,0,0,1,0,0,36,0
52,2,9,0,13,4,1,0,0,40,0
62,2,13,2,9,0,1,0,0,45,0
30,2,9,4,2,1,1,0,0,44,0
68,2,9,6,7,1,0,0,0,48,0
33,2,10,2,0,0,1,0,0,45,0
25,2,9,4,5,1,1,0,0,48,0
33,2,16,2,12,0,1,0,0,40,0
54,2,1,2,4,0,1,0,0,60,0
28,2,9,4,6,3,0,0,0,40,0
42,1,13,0,9,4,0,0,0,37,0
19,2,10,4,11,3,0,0,0,40,0
33,2,9,2,12,5,0,0,0,38,0
21,2,10,4,11,3,1,0,0,40,0
34,2,7,2,4,0,1,0,0,60,0
18,2,8,4,5,3,1,0,0,20,0
41,2,10,0,13,1,1,0,0,60,0
73,2,13,2,9,0,1,1173,0,75,0
74,5,10,5,11,1,1,0,0,16,0
27,2,9,2,6,5,0,0,0,40,0
20,2,9,4,2,3,1,0,0,20,0
55,2,15,2,3,0,1,99999,0,40,1
72,4,10,2,7,0,1,0,0,40,0
20,2,9,4,7,3,0,0,1721,20,0
25,2,10,2,13,0,1,0,0,38,0
38,2,13,2,6,0,1,0,0,40,0
65,2,2,2,7,0,1,0,0,35,0
26,2,9,4,5,4,1,0,0,40,0
31,2,5,2,5,0,1,0,0,48,0
57,4,9,2,2,0,1,0,0,60,0
46,4,10,0,3,4,0,0,0,50,0
28,2,9,2,2,0,1,0,0,46,0
53,5,9,2,3,5,0,15024,0,40,1
34,2,9,2,11,0,1,0,0,50,1
50,4,14,2,3,0,1,0,0,60,1
48,1,9,5,13,4,0,0,0,25,0
27,4,9,2,2,0,1,0,0,60,0
46,2,10,2,0,0,1,0,0,40,0
42,2,9,4,3,1,1,0,0,55,0
34,3,9,2,3,0,1,0,2002,40,0
25,2,10,4,9,1,1,8614,0,40,1
68,2,10,6,0,1,0,991,0,29,0
51,2,5,2,13,0,1,0,0,40,0
24,2,9,4,11,1,0,0,0,50,0
43,0,13,2,9,0,1,0,0,40,1
35,2,14,2,3,0,1,0,0,50,1
31,2,13,2,2,0,1,0,0,40,1
85,4,9,6,11,1,0,0,0,50,0
65,2,13,2,3,0,1,99999,0,40,1
18,2,6,4,11,3,1,0,0,40,0
40,2,14,2,3,0,1,0,0,60,1
49,2,9,2,3,5,0,0,0,43,0
30,2,13,4,9,1,1,0,0,60,0
40,3,12,2,3,5,0,0,0,40,1
34,2,13,2,9,0,1,0,0,40,1
33,1,9,2,7,0,1,0,0,40,0
20,2,7,4,12,2,1,0,0,40,0
20,2,9,4,7,1,1,0,0,45,0
31,2,9,0,0,4,0,0,0,38,0
50,2,9,5,0,2,0,0,0,40,0
32,2,9,4,6,1,1,0,0,40,0
19,2,7,4,11,1,0,0,0,25,0
31,2,13,2,0,0,1,0,0,50,1
49,4,9,0,3,4,0,14084,0,30,1
27,2,10,2,9,0,1,0,0,40,1
28,2,13,2,3,0,1,0,0,50,1
40,2,9,2,2,0,1,0,0,35,0
53,2,9,2,2,0,1,0,0,40,1
37,3,13,4,7,1,0,0,0,50,1
43,2,13,2,11,0,1,0,0,40,1
45,2,10,0,2,1,1,0,0,50,0
58,2,16,2,9,0,1,0,0,50,1
29,5,13,4,9,1,1,0,0,50,0
41,2,9,0,13,1,1,0,0,45,0
52,2,10,2,2,0,1,0,0,40,1
39,2,13,2,9,5,0,7688,0,32,1
29,2,9,4,2,1,1,0,0,40,0
20,2,10,4,10,3,1,0,0,40,0
35,3,10,2,11,5,0,0,0,40,0
62,1,9,0,13,2,1,0,0,40,0
28,2,10,4,11,1,1,0,0,40,0
18,2,9,4,7,3,0,0,0,30,0
27,2,13,4,11,1,0,0,0,40,0
56,2,9,2,11,0,1,0,0,40,1
34,2,12,0,0,1,1,0,0,40,0
20,2,7,5,7,3,0,0,0,40,0
32,5,11,2,12,0,1,3411,0,40,0
33,2,9,0,3,1,0,0,0,45,0
34,2,9,2,7,0,1,0,0,50,0
26,2,10,4,0,3,0,0,0,15,0
57,2,10,2,9,0,1,0,0,40,1
44,1,11,2,2,0,1,7688,0,40,1
46,2,13,2,6,0,1,0,0,40,0
26,2,13,2,11,0,1,0,0,48,1
33,2,9,2,3,0,1,5178,0,50,1
23,2,12,4,11,3,1,0,0,30,0
27,2,13,4,9,1,0,0,0,50,1
28,2,10,4,5,1,1,0,0,40,0
54,1,10,0,3,2,0,0,0,40,0
37,2,9,2,3,0,1,0,1887,50,1
39,5,13,4,9,1,1,0,0,45,0
49,1,9,2,6,0,1,0,2179,40,0
35,0,13,2,2,0,1,0,0,40,1
40,3,15,2,9,0,1,0,0,50,1
43,2,9,2,0,5,0,0,0,50,1
53,2,10,2,3,5,0,0,0,40,1
71,2,5,6,11,4,0,0,0,13,0
46,1,12,0,10,1,1,0,0,40,0
57,2,11,0,12,1,0,2202,0,44,0
40,2,11,2,0,0,1,0,0,40,1
45,0,9,4,13,4,0,0,0,40,0
61,2,9,2,9,0,1,0,0,30,0
23,2,9,4,7,1,0,0,0,50,0
41,5,15,6,9,1,0,0,0,52,1
52,2,9,0,2,4,0,0,0,40,0
63,4,6,2,6,0,1,0,0,40,0
40,2,9,2,13,0,1,0,0,30,0
46,1,13,2,9,0,1,0,0,40,1
25,2,13,4,3,1,0,0,0,40,0
42,5,16,4,3,1,0,0,0,40,1
31,3,15,2,9,5,0,0,0,99,1
22,2,9,4,2,3,1,0,0,40,0
51,2,10,5,0,1,1,8614,0,40,1
24,2,9,2,0,5,0,0,0,40,0
45,2,7,2,7,5,0,0,0,36,0
53,2,9,0,7,1,0,0,0,40,0
56,2,4,0,6,1,0,0,0,40,0
36,2,10,0,3,4,0,0,0,40,0
48,2,7,4,6,4,1,0,0,40,0
21,1,10,4,0,3,0,0,0,40,0
31,2,10,4,2,1,1,0,0,50,0
59,2,10,5,0,4,1,0,0,40,0
53,2,5,0,7,1,0,0,0,36,0
22,2,10,4,0,1,0,0,0,20,0
31,2,9,0,2,1,1,0,0,45,0
49,2,9,2,2,0,1,0,0,46,0
24,5,13,4,9,1,1,0,0,20,0
44,2,11,2,12,0,1,0,0,40,1
29,2,14,4,9,1,1,0,0,40,0
36,2,13,2,2,0,1,0,0,35,0
51,1,5,2,7,5,0,0,0,38,0
44,2,6,0,0,4,0,0,0,40,0
47,5,9,2,0,5,0,0,0,40,1
29,2,7,2,13,0,1,0,0,60,0
29,2,9,2,7,5,0,0,0,40,0
54,2,13,0,9,4,1,0,0,40,1
20,2,10,4,6,3,1,0,0,40,0
48,2,3,0,6,4,0,0,0,40,0
28,4,10,2,2,0,1,7298,0,40,1
44,4,15,2,9,0,1,0,0,40,1
21,2,9,4,2,1,1,0,0,40,0
37,2,9,2,5,0,1,0,0,40,1
52,2,6,2,13,0,1,0,0,55,0
48,2,13,2,11,0,1,99999,0,80,1
35,2,9,2,7,5,0,0,0,38,0
55,2,6,2,7,0,1,0,0,40,0
32,5,7,4,10,3,1,0,0,40,0
38,2,13,2,0,0,1,0,0,42,1
26,2,9,2,0,0,1,0,0,40,0
39,2,13,2,11,0,1,0,0,50,1
50,2,4,0,2,1,1,0,0,40,0
24,2,5,4,6,1,1,0,1721,40,0
45,2,13,2,11,0,1,0,0,40,0
74,2,13,6,7,1,0,0,0,8,0
53,5,16,2,9,0,1,7688,0,50,1
37,2,10,2,9,0,1,15024,0,45,1
49,2,14,2,9,5,0,0,1977,40,1
34,2,10,2,3,0,1,0,0,52,0
23,2,9,2,6,0,1,0,2179,60,0
23,2,13,4,0,1,0,0,0,40,0
25,2,10,4,5,4,1,0,0,50,0
60,2,13,2,6,0,1,0,0,25,0
29,2,12,0,9,4,0,0,0,35,0
27,2,13,4,9,1,0,0,0,45,0
23,2,10,4,7,3,1,0,0,20,0
53,2,9,2,6,0,1,0,0,38,0
28,2,11,4,12,1,0,0,0,40,0
22,2,10,4,12,4,0,0,0,50,0
44,2,9,4,7,2,1,0,0,32,0
30,2,9,4,5,1,1,0,0,22,0
28,2,9,2,2,0,1,0,0,40,0
30,2,9,4,2,2,1,0,0,40,0
32,2,10,4,2,1,1,0,0,40,0
35,2,12,2,2,0,1,0,0,45,0
29,2,9,4,5,3,1,0,0,40,0
32,0,9,4,3,4,0,0,1380,40,0
40,4,9,2,7,0,1,0,0,40,0
26,2,9,2,6,0,1,0,0,45,0
52,2,13,6,7,1,0,0,2824,20,1
34,2,7,2,13,0,1,0,0,50,0
48,2,13,2,9,0,1,0,0,45,1
43,3,13,2,11,0,1,0,0,45,1
33,3,10,2,3,0,1,0,0,40,0
21,2,10,2,0,0,1,0,0,40,0
62,4,4,6,7,1,0,0,0,66,0
58,2,9,4,7,1,1,0,0,40,0
41,2,10,2,2,0,1,3464,0,40,0
54,1,9,6,13,4,0,0,0,38,0
54,2,14,5,3,1,1,0,0,40,0
25,2,10,5,0,4,0,0,0,40,0
52,2,9,0,8,4,0,0,0,24,0
63,4,10,2,4,0,1,0,0,20,0
35,2,9,4,11,1,1,0,0,45,0
32,2,10,0,7,4,0,0,0,30,0
38,2,4,0,11,4,0,0,0,40,0
31,2,9,3,8,2,0,0,0,60,0
54,2,9,2,11,0,1,0,0,44,0
33,4,10,2,2,0,1,0,0,60,0
28,4,9,0,2,3,1,0,0,40,0
47,2,9,0,11,1,1,0,0,40,0
32,2,9,2,13,0,1,0,0,40,0
44,2,10,4,7,1,1,0,0,35,0
38,2,2,0,4,4,1,0,0,40,0
50,2,10,2,11,0,1,0,0,50,1
19,2,10,4,6,3,1,0,0,40,0
62,1,9,6,7,1,0,0,0,18,0
23,2,10,2,11,0,1,0,0,25,0
48,2,6,5,6,3,0,0,0,48,0
38,2,4,2,6,5,0,0,0,50,1
31,2,9,4,7,3,0,0,0,35,0
36,2,14,6,12,4,0,0,0,40,0
41,2,9,2,2,0,1,0,0,40,1
57,2,9,2,13,0,1,0,0,40,1
35,2,11,0,11,1,1,0,0,40,0
21,4,11,2,4,0,1,0,0,40,0
19,2,9,4,5,2,1,0,0,70,0
33,2,8,4,2,3,1,0,0,40,0
27,2,9,2,13,0,1,0,0,60,0
29,2,9,2,11,0,1,0,0,50,0
47,5,16,5,3,3,1,2354,0,45,0
32,2,9,4,13,1,1,0,0,65,0
22,3,4,2,2,0,1,2580,0,40,0
33,2,9,2,6,0,1,0,0,40,1
28,2,13,2,3,0,1,0,0,45,1
23,2,9,4,11,1,1,0,0,40,0
37,2,9,2,2,0,1,0,0,40,1
23,5,13,4,9,3,0,0,0,27,0
34,0,12,2,0,0,1,0,0,40,0
29,2,12,0,3,4,0,0,0,37,0
27,2,10,4,11,1,1,0,0,20,0
49,2,9,0,7,3,0,0,0,40,0
20,2,9,4,12,3,0,0,0,32,0
34,2,10,4,0,1,0,0,0,35,0
29,2,10,2,3,0,1,3411,0,70,0
34,2,10,2,7,0,1,0,0,63,0
38,0,13,2,10,0,1,0,0,55,1
24,2,9,4,0,2,0,0,0,40,0
52,4,9,2,4,0,1,0,1887,60,1
38,2,11,2,2,0,1,4386,0,40,1
29,2,13,4,0,1,0,0,0,35,0
34,0,10,2,0,0,1,0,0,40,1
51,2,9,3,7,4,0,0,0,40,0
41,4,10,2,9,0,1,0,0,60,1
55,0,10,0,0,4,0,0,0,40,0
60,2,4,5,8,4,0,0,0,15,0
39,4,9,2,3,0,1,0,0,16,0
36,2,12,0,3,1,1,0,0,48,0
19,2,10,4,0,3,1,0,0,50,0
37,2,9,2,11,0,1,0,0,50,1
46,1,9,2,10,0,1,0,0,56,1
71,2,4,6,3,1,1,6097,0,40,1
34,2,9,0,10,1,1,0,0,45,0
59,3,12,2,2,0,1,0,0,40,0
28,2,9,2,12,0,1,0,0,40,0
51,2,9,2,5,0,1,3103,0,40,1
56,3,9,2,3,0,1,0,0,84,0
36,2,9,0,0,4,0,0,0,35,0
62,2,13,2,11,0,1,2829,0,28,0
43,4,9,2,2,0,1,0,0,20,0
30,2,12,4,9,4,0,0,0,36,0
29,0,10,2,0,0,1,0,0,40,1
51,2,9,5,7,1,0,0,0,37,0
31,2,9,2,6,0,1,0,0,50,0
34,4,9,2,9,0,1,0,0,51,0
30,2,9,2,5,0,1,0,0,40,1
37,2,10,2,13,0,1,0,0,40,0
35,4,11,4,4,3,1,0,0,65,0
17,2,3,4,11,3,0,0,0,20,0
24,2,12,4,11,3,0,0,0,37,0
34,5,13,2,9,0,1,0,0,40,0
26,2,13,4,2,1,1,3325,0,40,0
46,2,9,2,13,0,1,0,0,40,0
28,2,9,4,7,4,0,0,0,52,0
71,4,13,2,9,0,1,0,0,34,1
47,2,6,2,2,0,1,0,0,40,0
64,5,10,5,0,1,0,0,0,65,0
41,2,12,2,11,0,1,0,0,20,0
42,4,9,4,3,1,1,0,0,48,0
30,2,9,4,0,4,1,0,0,40,0
38,0,11,0,0,3,1,0,0,52,0
28,2,13,4,9,3,0,0,0,40,0
57,2,9,2,2,0,1,0,1740,40,0
30,2,10,5,0,1,0,0,0,40,0
35,2,9,2,0,5,0,5013,0,40,0
61,2,9,6,0,4,0,0,0,24,0
41,4,10,2,2,0,1,0,0,45,1
32,2,9,4,2,2,1,0,0,50,0
24,2,10,4,6,1,1,0,0,40,0
51,2,9,2,2,0,1,0,0,45,0
54,2,9,0,7,1,0,0,0,40,0
18,2,9,4,7,2,1,0,0,36,0
18,2,10,4,10,3,0,0,0,20,0
24,2,9,2,2,0,1,0,0,50,0
28,2,13,4,0,3,0,0,0,30,0
44,2,13,2,3,0,1,7688,0,60,1
17,4,7,4,4,3,1,0,0,10,0
46,3,10,2,11,0,1,0,0,40,0
40,2,9,0,6,4,0,0,0,48,0
42,2,13,2,9,0,1,7298,0,45,1
46,4,15,2,9,0,1,15024,0,40,1
44,2,11,0,7,1,1,0,0,20,0
23,2,9,4,13,3,1,0,0,40,0
43,2,13,2,2,0,1,0,0,45,1
56,2,9,0,0,1,0,0,0,40,0
22,2,10,2,2,0,1,2407,0,40,0
32,2,13,2,11,0,1,0,0,60,1
43,2,10,2,2,0,1,0,0,40,0
36,2,9,2,0,5,0,0,0,40,1
51,4,6,6,13,2,0,0,0,40,0
49,4,9,2,9,0,1,0,0,60,0
24,2,10,2,7,3,0,0,0,35,0
40,2,13,5,11,1,1,0,0,40,0
41,1,9,2,10,0,1,0,0,40,0
64,2,3,0,2,1,1,0,0,40,0
58,2,9,2,3,0,1,0,0,40,1
32,2,10,0,0,4,0,0,0,40,0
52,2,9,2,11,0,1,99999,0,45,1
46,4,9,2,3,0,1,0,0,40,1
41,1,15,2,9,0,1,0,2415,45,1
32,1,9,2,2,0,1,0,0,40,0
63,2,13,0,3,1,0,0,0,40,0
30,2,10,4,11,1,1,0,0,40,0
50,2,14,2,3,0,1,0,0,50,1
38,2,9,0,11,4,0,0,0,40,0
26,2,10,2,12,0,1,0,0,40,0
40,3,13,2,3,0,1,0,0,50,1
21,2,10,4,7,3,1,0,0,40,0
31,2,14,4,9,1,0,0,0,46,0
28,2,14,2,9,0,1,0,0,60,0
17,2,7,4,8,3,0,0,0,9,0
27,3,14,4,13,3,1,0,0,40,0
45,2,10,2,11,0,1,0,0,50,1
64,4,10,6,3,1,0,0,0,60,0
61,4,9,2,3,0,1,0,0,40,1
32,2,11,2,13,0,1,0,0,40,0
17,2,7,4,0,3,0,0,0,16,0
42,2,9,2,6,0,1,0,0,40,1
29,2,11,2,9,0,1,0,0,40,0
39,2,9,0,3,1,0,0,0,38,0
64,2,9,6,13,1,1,0,0,22,0
57,2,12,0,12,1,0,0,0,40,0
25,2,9,4,2,1,1,0,2001,50,0
41,2,9,2,6,0,1,0,0,40,0
31,2,12,4,12,1,0,0,0,40,0
27,2,13,4,12,1,1,0,0,45,0
20,2,10,4,7,3,1,0,0,15,0
69,3,13,5,3,1,1,0,0,40,0
50,2,16,2,9,0,1,0,0,40,1
58,4,9,2,3,0,1,0,0,40,1
47,2,14,2,3,0,1,0,0,65,1
66,2,4,2,2,0,1,0,0,40,0
52,2,2,0,4,1,1,0,0,40,0
46,2,13,0,11,1,0,0,0,40,0
37,2,13,2,3,2,1,3411,0,47,0
66,2,4,3,7,1,0,0,0,20,0
35,4,12,4,4,1,1,0,0,40,0
34,0,13,2,3,5,0,0,0,40,1
21,2,10,4,11,1,1,0,0,40,0
48,2,13,2,9,0,1,0,0,40,1
55,0,9,2,13,0,1,0,0,40,0
24,2,9,2,7,5,0,0,0,24,0
22,2,9,2,7,0,1,0,0,20,0
26,2,13,4,0,3,0,0,0,40,0
63,2,9,2,2,0,1,0,0,40,1
45,2,10,4,2,1,0,0,0,80,0
37,5,10,0,7,1,1,0,0,65,0
20,2,9,4,11,3,0,0,0,8,0
58,4,16,2,9,0,1,15024,0,32,1
56,2,9,0,2,4,1,0,0,35,0
53,2,9,2,5,0,1,0,0,40,1
34,2,10,4,0,3,0,0,0,40,0
45,1,14,2,9,0,1,0,0,10,1
35,2,8,2,7,0,1,0,0,40,0
53,0,13,5,0,1,1,0,0,40,0
62,0,9,2,0,0,1,0,0,38,0
27,2,6,4,0,3,1,0,0,60,0
56,4,13,2,3,0,1,0,0,20,1
29,2,9,2,6,0,1,0,0,50,0
62,4,13,2,3,0,1,0,0,40,0
21,2,10,4,0,3,1,0,0,50,0
61,2,10,2,12,5,0,0,0,40,1
27,1,10,4,3,4,1,0,0,40,0
44,2,9,2,2,0,1,0,0,40,1
51,4,10,0,2,1,1,0,0,8,1
33,2,9,4,6,1,0,0,0,40,0
19,2,9,4,7,3,1,0,0,20,0
36,0,13,2,9,0,1,0,0,40,1
43,2,11,2,11,0,1,0,0,40,1
49,2,13,2,3,0,1,0,1902,50,1
34,2,13,2,12,0,1,0,0,48,1
33,2,7,5,3,4,0,0,0,30,0
33,2,10,2,11,0,1,0,0,44,0
28,2,4,2,2,0,1,3464,0,35,0
26,2,9,4,7,1,0,0,0,50,0
43,2,5,4,6,1,0,0,0,20,0
31,2,10,2,3,0,1,0,0,40,0
48,2,7,2,3,0,1,0,0,50,0
39,2,10,5,0,4,0,0,0,40,0
25,2,10,4,5,3,1,0,0,30,0
27,2,9,4,5,3,1,0,0,37,0
80,2,9,6,5,1,1,0,0,30,0
46,2,9,4,0,3,0,0,0,40,0
33,2,10,0,7,4,0,0,0,40,0
90,1,14,2,3,0,1,20051,0,60,1
20,2,9,4,2,3,1,0,0,40,0
51,2,5,6,2,1,1,0,0,30,0
49,1,14,0,9,4,0,9562,0,32,1
50,2,9,0,0,1,0,0,0,40,0
22,1,9,4,7,3,0,0,0,53,0
27,2,13,4,11,1,0,0,1590,40,0
32,2,12,4,0,1,0,0,0,40,0
33,2,10,5,7,4,0,0,0,38,0
22,2,10,4,11,4,1,0,0,40,0
27,2,3,4,8,1,0,0,0,65,0
21,2,10,4,7,1,0,0,0,40,0
25,2,10,4,7,1,0,0,0,34,0
28,2,10,4,7,1,1,0,0,14,0
53,5,14,0,9,1,0,0,0,40,0
53,2,13,2,11,0,1,0,0,50,1
55,2,13,2,3,0,1,0,1579,35,0
31,2,9,5,11,4,0,0,0,40,0
35,2,14,2,9,0,1,0,1887,40,1
41,4,14,6,9,1,0,0,0,20,0
58,2,13,2,12,5,0,0,0,40,1
23,2,9,2,2,0,1,0,0,38,0
36,2,9,2,2,0,1,0,0,41,0
25,2,9,2,13,0,1,0,0,40,0
26,2,13,4,9,3,1,0,0,30,0
51,2,9,2,13,0,1,0,0,60,0
51,5,13,2,10,0,1,7298,0,40,1
35,2,10,0,3,1,0,0,0,70,0
18,2,10,4,7,1,1,0,0,40,0
41,2,10,5,7,1,1,0,0,40,0
22,2,10,4,13,1,1,0,0,40,0
49,2,9,0,2,1,1,0,0,50,0
48,2,10,0,3,1,0,0,0,40,0
26,2,11,4,12,1,1,14344,0,40,1
24,2,10,0,7,1,1,0,0,40,0
33,2,9,2,13,0,1,0,0,40,0
38,2,6,2,2,0,1,3103,0,40,1
30,2,10,0,0,1,0,0,0,35,0
30,2,7,0,5,3,1,0,0,40,0
41,2,9,0,11,4,0,0,0,40,0
33,2,3,4,6,1,1,0,0,35,0
21,2,10,4,0,3,0,0,0,40,0
46,2,5,0,7,1,1,0,0,25,0
62,1,9,6,7,1,0,0,0,40,0
64,2,10,2,2,0,1,0,0,20,0
20,5,12,4,7,3,1,0,1719,20,0
52,2,11,2,0,0,1,0,0,40,0
38,2,13,2,3,0,1,0,0,63,1
48,2,9,0,10,1,1,0,0,40,0
36,2,10,0,3,4,0,0,0,38,0
37,2,5,2,5,0,1,3781,0,50,0
22,2,10,4,0,3,0,0,0,20,0
41,2,12,0,3,4,0,0,0,50,0
60,2,9,2,13,0,1,0,0,50,0
30,1,14,4,9,1,0,0,0,40,0
31,2,9,5,5,1,1,0,0,40,0
25,2,10,4,3,3,1,0,0,40,0
46,2,6,0,13,1,1,0,0,50,0
31,4,10,2,11,0,1,0,0,60,1
22,2,9,2,11,0,1,0,0,20,0
25,5,14,4,3,1,1,0,0,40,0
33,5,16,2,9,0,1,0,0,50,0
77,1,10,2,10,0,1,0,0,20,0
35,2,13,4,5,1,1,0,0,40,0
39,2,13,2,2,0,1,0,0,40,0
23,2,4,4,2,1,1,0,0,40,0
34,5,9,2,7,0,1,0,1651,40,0
35,2,13,2,3,5,0,0,1977,30,1
32,2,13,2,2,0,1,0,0,44,1
26,2,13,4,9,1,0,0,0,40,0
57,5,9,2,0,0,1,0,0,40,1
39,2,13,2,9,1,1,0,0,60,0
20,2,10,4,0,3,0,0,0,38,0
62,6,12,2,4,0,1,0,0,50,0
28,2,9,2,0,0,1,0,0,40,0
20,2,10,4,7,3,1,0,0,20,0
26,5,10,4,0,1,0,0,0,40,0
25,2,10,4,7,1,1,0,0,25,0
30,2,9,2,2,0,1,0,0,40,1
24,2,11,0,12,1,0,0,0,40,0
24,2,10,4,0,3,0,0,0,20,0
54,2,9,2,7,0,1,0,0,32,0
34,0,15,2,9,0,1,0,0,40,1
28,2,9,2,11,0,1,0,0,40,1
31,2,15,2,9,0,1,0,0,60,1
37,2,13,2,9,5,0,0,0,50,1
26,2,7,4,13,1,0,0,0,35,0
52,1,13,2,10,0,1,0,0,40,1
74,2,9,0,5,1,0,0,0,16,0
59,2,9,6,7,1,0,0,0,36,0
18,2,7,4,5,3,1,0,0,20,0
18,2,9,4,4,3,1,0,0,40,0
65,0,9,6,0,1,0,0,0,40,0
22,2,2,4,7,2,1,0,0,40,0
58,2,11,2,2,0,1,0,1887,48,1
46,2,9,2,13,0,1,0,0,70,0
26,3,9,2,3,0,1,0,0,60,0
26,2,9,2,13,0,1,0,0,65,0
90,2,9,2,6,0,1,0,0,40,0
24,2,10,4,2,4,1,0,0,50,0
38,2,9,0,2,1,1,0,0,50,0
26,0,14,4,12,1,0,0,0,40,0
57,2,6,0,2,4,1,0,0,40,0
34,3,9,0,2,1,1,0,0,50,0
32,2,11,0,11,4,0,0,1380,40,0
32,2,10,4,4,3,1,0,0,40,0
65,2,9,6,0,1,0,0,0,22,0
57,2,9,2,7,0,1,0,0,78,0
33,2,13,2,9,0,1,0,0,38,1
32,2,6,0,6,1,0,0,0,40,0
19,2,6,4,11,4,0,0,0,40,0
45,2,9,2,11,0,1,0,0,60,0
47,2,9,2,4,0,1,0,0,40,0
28,2,14,4,9,1,1,0,0,50,0
32,2,11,2,5,0,1,0,0,40,1
37,2,9,0,3,1,1,0,0,35,0
19,2,9,4,11,4,0,0,0,40,0
57,2,9,2,2,0,1,0,0,40,0
41,2,10,4,7,3,1,0,0,50,0
51,5,9,2,2,0,1,3103,0,52,1
54,2,10,0,3,4,1,0,0,60,0
21,2,10,4,0,3,1,0,0,40,0
57,2,9,6,0,1,0,0,0,36,0
25,2,12,4,3,3,1,0,0,45,0
26,1,12,2,10,0,1,0,0,45,1
25,2,10,2,9,0,1,0,0,50,0
28,2,11,2,2,0,1,0,0,50,0
49,2,11,2,5,0,1,0,0,45,0
27,5,13,2,10,0,1,0,0,40,0
38,2,16,3,9,1,1,27828,0,60,1
39,2,9,2,2,0,1,0,0,40,0
22,2,10,4,12,1,1,0,0,50,0
25,2,13,4,11,3,0,0,0,40,0
67,1,9,0,10,1,1,0,0,20,0
21,2,10,4,11,3,0,0,0,24,0
31,2,9,2,13,0,1,0,0,40,0
39,2,9,2,2,5,0,0,0,45,0
30,1,10,4,2,1,1,0,1590,40,0
47,4,13,4,3,1,1,10520,0,45,1
46,2,7,2,7,0,1,7688,0,40,1
32,5,13,4,9,3,0,0,0,40,0
30,3,10,2,3,0,1,0,0,70,0
36,2,9,0,6,1,1,2202,0,40,0
38,2,11,0,7,1,0,0,0,30,0
43,2,9,2,2,0,1,0,0,40,0
26,2,11,4,9,1,1,0,0,45,0
49,2,13,2,2,0,1,0,0,40,1
26,2,13,4,11,2,1,0,0,40,0
36,2,13,2,12,0,1,0,0,40,0
42,1,7,0,11,4,1,7430,0,50,1
54,5,16,4,3,1,0,0,0,40,1
23,2,9,4,4,1,1,0,0,45,0
37,2,2,2,4,0,1,0,0,40,0
44,2,10,3,2,4,0,1506,0,45,0
22,2,9,2,2,0,1,0,0,40,0
42,3,10,2,9,0,1,2885,0,30,0
60,2,9,0,7,1,0,0,0,40,0
35,2,10,2,3,0,1,0,0,40,1
27,2,3,4,13,1,1,0,0,40,0
41,1,9,0,3,3,1,0,0,45,0
43,5,10,0,0,2,0,0,0,40,0
45,2,16,2,3,0,1,0,0,45,1
32,5,12,2,9,0,1,0,0,20,0
23,2,10,4,7,3,1,0,0,20,0
36,2,9,2,5,0,1,0,0,40,0
45,2,9,2,6,0,1,0,0,45,1
22,2,9,4,5,1,1,0,0,40,0
58,2,13,2,0,0,1,0,0,40,0
56,4,9,2,13,0,1,0,0,90,0
48,5,13,2,3,0,1,5178,0,40,1
45,2,10,2,2,0,1,0,0,50,1
25,2,13,4,0,1,1,0,0,30,0
20,2,10,4,7,3,1,0,0,30,0
57,2,6,4,7,1,1,0,0,40,0
19,2,9,4,3,3,1,0,0,40,0
19,2,7,2,2,0,1,0,0,60,0
39,5,13,4,0,1,1,2174,0,40,0
24,2,10,4,2,3,1,0,0,40,0
41,2,14,2,9,0,1,0,0,45,1
31,2,9,4,4,1,1,0,0,60,0
45,2,14,2,3,0,1,7298,0,50,1
61,5,15,2,9,0,1,0,1902,40,1
43,2,9,2,0,0,1,0,0,40,1
22,2,10,4,7,3,0,0,0,35,0
34,5,9,4,7,1,0,0,0,40,0
45,2,9,2,3,0,1,0,0,45,1
34,1,14,0,9,1,0,0,0,40,0
28,2,6,2,6,0,1,0,0,40,0
46,2,9,0,10,1,1,0,0,40,0
46,1,11,0,3,1,0,0,0,36,0
48,2,1,5,7,4,0,0,0,40,0
42,3,7,2,3,0,1,0,0,40,0
20,2,12,4,11,3,0,0,0,40,0
48,2,9,0,7,1,0,0,0,38,0
28,2,9,3,12,1,0,0,0,37,0
50,2,9,2,12,0,1,0,0,40,1
43,2,9,2,5,0,1,0,0,42,1
50,2,9,0,0,1,0,0,0,40,0
33,2,9,4,2,1,1,0,0,45,0
51,2,12,2,2,0,1,0,0,45,1
34,2,9,2,11,0,1,0,0,60,0
67,2,9,2,11,0,1,0,0,40,1
25,1,13,4,9,1,0,0,0,40,0
50,3,9,2,11,0,1,0,0,40,0
46,2,10,2,11,0,1,15024,0,40,1
37,2,9,0,13,1,1,0,0,40,0
17,2,6,4,7,3,0,0,0,12,0
40,2,10,2,11,0,1,0,0,40,0
45,1,13,2,2,0,1,0,0,35,1
43,1,13,2,9,0,1,0,0,40,1
33,2,9,2,13,0,1,0,0,55,0
48,2,9,4,7,1,1,0,0,52,0
29,2,13,2,3,5,0,0,0,40,1
34,2,9,2,2,0,1,0,0,48,1
34,3,10,2,3,0,1,0,0,65,1
37,2,10,4,12,1,1,0,0,40,1
56,2,9,2,13,0,1,0,0,60,0
40,2,9,4,8,2,0,0,0,40,0
24,2,13,4,11,1,1,0,0,45,0
36,2,9,4,7,1,1,0,0,40,0
62,2,9,2,11,5,0,0,0,16,0
25,4,13,4,11,1,0,0,0,40,0
39,2,13,2,3,0,1,15024,0,60,1
49,1,10,4,7,4,0,0,0,30,0
58,2,9,0,0,1,0,0,0,40,0
32,2,10,0,5,1,1,0,0,16,0
20,2,10,4,0,3,0,0,0,16,0
22,2,13,4,0,1,0,0,0,10,0
21,5,9,4,7,3,0,0,0,40,0
28,2,10,2,13,5,0,0,0,45,0
30,2,10,0,11,4,0,0,0,65,0
55,2,9,2,7,2,1,0,0,40,0
24,2,9,5,11,4,0,0,0,48,0
20,2,9,4,2,1,1,0,0,35,0
24,2,7,4,9,3,1,0,0,40,1
31,3,11,2,4,0,1,0,0,55,0
43,2,9,2,11,2,0,0,0,20,0
20,2,9,4,5,3,1,0,0,40,0
22,2,13,4,3,3,0,0,0,50,0
51,2,13,5,11,1,1,0,0,40,0
35,4,12,2,2,0,1,0,0,40,0
32,2,10,2,6,0,1,0,0,40,0
33,2,9,5,7,4,0,0,0,40,0
38,2,9,2,11,0,1,0,0,43,0
23,2,10,4,7,1,0,0,0,55,0
39,2,9,0,11,1,0,4687,0,50,1
45,2,13,4,9,1,0,0,0,40,0
47,2,10,5,0,4,0,0,0,50,1
50,3,9,2,3,0,1,0,0,50,1
33,2,11,4,9,4,0,0,0,26,0
38,1,10,4,0,3,0,0,0,40,0
47,2,7,2,7,0,1,0,0,40,0
37,2,14,4,9,1,0,0,0,40,0
45,2,9,2,13,0,1,0,0,45,0
37,4,12,2,13,0,1,0,0,50,1
58,2,14,0,0,1,0,0,1980,45,0
38,2,9,0,0,1,0,0,0,45,0
49,2,9,2,3,0,1,0,0,40,0
48,2,13,4,3,1,0,0,0,35,0
21,2,9,4,7,1,0,0,0,50,0
36,2,9,0,3,3,0,1831,0,40,0
25,2,10,4,3,3,1,0,0,40,0
48,2,12,2,13,0,1,0,0,50,0
25,2,7,2,2,0,1,0,0,40,0
34,2,10,2,5,0,1,0,0,32,0
21,2,10,4,0,1,1,0,0,45,0
29,2,9,2,12,5,0,4386,0,45,1
25,2,9,4,11,4,0,0,0,40,0
51,2,6,6,11,4,0,0,0,40,0
38,2,9,2,2,0,1,0,0,40,0
17,2,5,4,7,4,0,0,0,20,0
45,2,14,0,9,1,1,0,0,45,0
33,2,8,4,10,3,1,0,0,40,0
32,2,10,2,11,0,1,5178,0,50,1
37,2,11,2,7,0,1,0,0,40,0
37,2,10,4,2,1,1,0,0,40,0
40,2,10,4,3,1,0,0,1340,40,0
33,2,11,5,2,1,1,0,2444,42,1
52,0,9,0,0,1,1,0,0,45,0
26,2,13,2,3,5,0,0,0,55,1
24,2,13,4,11,1,0,0,0,20,0
24,2,9,2,6,0,1,0,0,40,0
43,1,14,2,9,0,1,0,0,45,1
24,2,13,4,11,3,1,0,0,55,0
34,2,2,2,2,0,1,0,0,40,0
42,2,10,4,13,4,0,0,0,40,0
45,0,13,2,9,0,1,0,0,40,1
46,2,9,0,8,1,0,0,0,25,0
53,2,10,6,0,2,0,0,0,22,0
36,2,13,2,0,0,1,0,0,40,1
26,2,12,2,6,0,1,5178,0,40,1
63,2,10,2,5,0,1,0,0,40,1
65,2,9,2,11,0,1,9386,0,40,1
46,1,14,2,3,0,1,0,0,50,1
31,2,10,2,0,0,1,0,0,40,0
37,2,2,3,4,2,1,0,0,77,0
56,2,7,0,11,1,1,0,0,50,0
25,2,13,4,9,1,0,0,0,50,0
34,2,9,2,2,0,1,0,0,35,0
33,2,13,4,3,1,1,0,0,40,0
23,2,9,5,0,1,0,0,0,40,0
46,2,13,2,0,0,1,0,0,40,1
29,2,11,4,3,1,0,0,0,40,0
46,0,10,0,13,1,1,0,0,40,0
17,2,7,4,7,3,1,0,0,10,0
49,2,10,4,7,1,0,0,0,60,0
27,2,13,2,3,0,1,0,0,40,1
29,2,13,2,9,5,0,0,0,35,1
40,4,5,2,2,0,1,0,0,40,1
32,4,9,2,2,0,1,3942,0,32,0
38,2,13,4,3,1,1,0,0,55,0
24,2,13,4,6,1,1,0,0,65,0
42,2,14,0,9,4,0,0,0,40,0
55,2,9,2,2,0,1,7688,0,40,1
38,2,8,2,2,0,1,0,0,40,1
55,2,14,2,9,0,1,0,0,25,1
27,2,10,2,0,0,1,0,0,48,0
20,2,10,4,7,3,1,0,0,33,0
40,2,9,2,13,0,1,0,0,60,1
38,1,13,0,9,3,0,0,0,40,0
22,2,7,5,7,4,0,0,0,20,0
46,2,10,2,6,0,1,0,0,40,0
46,2,10,2,3,0,1,0,0,60,1
47,2,16,2,11,0,1,0,0,60,0
37,2,9,2,13,0,1,0,0,45,0
39,2,16,2,9,0,1,0,0,50,1
27,2,3,4,4,4,1,0,0,50,0
19,2,10,4,7,3,0,0,0,27,0
44,2,9,2,2,0,1,0,0,40,0
53,2,9,2,0,5,0,0,0,40,0
21,2,10,4,2,3,1,0,0,20,0
41,2,5,2,13,0,1,0,0,35,0
36,2,9,2,2,0,1,0,0,50,0
25,2,11,4,2,4,1,0,0,40,0
47,2,12,6,0,4,0,0,0,40,0
39,2,11,0,0,4,0,0,0,40,0
33,2,13,2,11,5,0,0,0,45,1
43,2,10,2,9,0,1,0,0,40,1
35,2,14,2,3,0,1,0,0,50,1
35,4,4,2,4,0,1,0,0,40,0
45,2,14,0,3,1,0,0,0,50,1
56,2,9,0,10,3,1,4101,0,38,0
38,2,9,2,6,0,1,0,0,40,0
41,2,9,0,7,1,0,0,0,40,0
24,2,9,4,6,3,1,0,0,40,0
45,4,15,2,9,0,1,0,1977,50,1
36,2,9,2,5,0,1,0,0,48,0
58,2,10,2,9,0,1,0,0,42,0
21,2,10,4,9,3,1,0,0,10,0
41,2,13,2,0,0,1,0,0,50,0
25,2,13,4,12,3,0,0,0,16,0
37,4,9,4,2,3,1,0,0,35,0
67,2,9,6,3,1,0,0,0,35,0
31,4,9,4,2,4,1,0,0,50,0
33,2,10,2,2,0,1,0,0,40,0
38,2,9,4,7,4,0,0,0,24,0
23,2,9,4,7,1,0,0,0,30,0
24,5,13,4,0,1,0,0,0,65,0
31,0,9,4,0,1,0,0,0,40,0
28,5,13,4,0,3,0,0,0,40,1
57,2,9,0,0,4,0,0,0,40,0
35,4,13,4,7,1,0,0,0,60,0
52,2,11,4,4,1,1,0,0,50,0
26,2,10,4,4,1,0,0,0,38,0
34,2,9,2,13,0,1,0,0,40,0
73,4,10,2,9,5,0,0,0,1,0
49,4,12,2,2,0,1,0,0,30,0
37,2,9,2,2,0,1,0,0,40,0
55,2,4,2,2,0,1,0,0,60,0
31,2,13,2,6,0,1,0,0,36,0
36,2,9,3,0,4,0,0,0,40,0
38,2,10,2,2,0,1,0,0,43,1
23,2,13,4,3,1,0,0,0,40,0
30,2,9,5,5,1,1,0,0,60,0
17,2,7,4,11,1,0,0,0,20,0
53,2,11,0,0,1,0,2202,0,40,0
38,2,12,0,3,4,0,0,0,40,0
26,1,14,4,9,1,0,0,0,40,0
52,2,9,0,13,1,1,0,0,45,0
49,5,13,2,3,0,1,15024,0,40,1
37,2,10,4,0,1,0,0,0,60,0
61,4,9,2,7,0,1,0,0,12,0
59,2,16,4,9,1,1,0,0,50,0
59,4,6,2,3,5,0,0,0,36,0
21,2,10,4,0,1,0,0,0,40,0
32,2,7,0,7,4,0,0,0,15,0
55,2,13,2,0,5,0,3464,0,40,0
74,2,4,6,7,1,0,0,0,40,0
31,2,11,2,7,0,1,0,0,42,0
36,5,3,2,7,0,1,0,0,40,0
71,3,10,2,3,0,1,20051,0,50,1
50,2,9,0,0,2,0,0,0,40,0
34,2,13,2,3,0,1,0,0,50,1
39,2,10,2,3,0,1,0,0,60,0
51,2,9,2,0,5,0,0,0,40,0
44,2,5,0,7,4,0,0,0,55,0
34,2,14,2,9,0,1,0,0,45,0
26,2,10,4,11,2,0,0,0,40,0
19,2,9,4,7,1,0,0,0,30,0
31,2,9,4,0,1,0,0,0,50,0
44,2,10,0,6,1,1,0,0,50,0
34,2,16,2,9,0,1,0,0,50,1
44,2,10,0,11,4,0,0,1408,46,0
29,2,9,2,2,0,1,0,0,50,0
31,2,10,2,3,0,1,0,0,40,0
32,2,13,4,0,1,0,0,0,40,0
42,2,6,2,11,0,1,0,0,45,0
35,2,9,4,0,3,0,0,0,40,0
42,3,13,2,11,0,1,0,0,50,0
26,0,15,2,9,0,1,0,0,60,0
33,2,9,0,2,3,1,0,0,40,0
35,2,11,2,2,5,0,0,0,44,0
22,2,10,2,12,0,1,0,0,40,0
58,2,10,2,0,5,0,0,0,40,1
49,2,9,2,9,0,1,0,0,50,0
41,5,9,2,13,0,1,0,0,40,0
68,1,9,2,0,0,1,0,0,15,0
67,0,9,4,0,1,1,0,0,40,1
23,2,10,4,5,4,0,0,0,35,0
21,2,10,4,7,2,0,0,0,8,0
34,1,14,5,9,4,0,0,0,40,0
58,2,10,2,13,0,1,0,0,70,0
59,2,9,2,6,0,1,0,0,30,0
38,0,10,0,0,1,0,0,0,30,0
30,2,9,2,2,0,1,0,0,50,0
19,2,10,4,0,1,0,0,0,40,0
58,2,9,0,7,1,1,0,0,35,0
70,2,6,6,2,4,1,0,0,45,0
53,0,12,2,0,0,1,0,0,40,0
36,1,14,4,9,1,0,0,0,40,0
26,2,9,4,11,1,0,0,0,38,0
25,2,9,4,7,3,1,0,0,40,0
25,2,10,4,7,1,0,0,0,45,0
28,1,10,4,0,3,0,0,0,16,0
37,2,15,2,9,0,1,15024,0,45,1
36,5,11,2,12,0,1,0,0,37,0
23,5,10,4,0,3,1,0,0,25,0
19,2,10,4,6,3,0,0,0,20,0
21,4,8,2,0,5,0,4508,0,30,0
35,2,13,2,3,0,1,0,0,60,0
45,2,11,0,0,4,0,0,0,55,1
24,2,13,4,7,3,0,0,0,30,0
43,5,13,0,9,1,0,0,0,40,0
66,4,13,2,11,0,1,0,0,50,0
39,2,7,2,7,0,1,0,0,40,0
30,2,10,2,0,5,0,0,0,40,1
25,2,10,4,6,1,1,0,0,40,0
62,2,13,2,3,0,1,0,0,40,1
31,4,12,2,2,1,1,0,0,50,1
61,2,8,2,2,0,1,0,0,40,0
33,2,13,2,2,0,1,0,0,38,0
44,2,10,5,0,4,0,0,0,40,0
27,2,10,4,11,2,1,0,0,40,0
35,3,10,2,11,0,1,0,0,50,1
37,2,9,2,6,0,1,0,0,40,0
39,2,10,0,3,1,0,0,0,40,0
44,2,9,4,7,4,1,0,0,32,0
38,2,10,2,12,0,1,0,0,40,1
56,2,10,2,3,0,1,0,0,50,1
21,2,10,4,3,3,1,0,0,25,0
23,2,10,4,0,1,0,0,0,30,0
35,0,9,2,0,0,1,0,0,60,1
44,2,12,2,9,0,1,0,0,60,0
45,2,7,2,6,0,1,4386,0,40,1
51,2,9,2,6,0,1,4386,0,40,1
26,2,10,4,0,1,1,0,0,38,0
58,2,9,2,3,0,1,0,0,50,1
44,2,9,2,11,0,1,0,0,60,1
20,2,9,4,4,3,1,0,0,40,0
51,2,9,4,0,1,0,0,0,40,0
36,2,10,6,9,3,0,0,0,40,0
36,2,13,0,11,2,0,0,0,40,0
18,2,7,4,11,3,1,0,0,15,0
39,2,10,2,6,0,1,0,0,40,1
29,3,9,2,7,0,1,0,0,40,0
35,2,9,4,7,1,1,3325,0,50,0
20,2,10,4,11,3,1,0,0,25,0
44,5,16,2,9,5,0,7688,0,40,1
22,2,10,4,7,3,1,1055,0,15,0
37,2,9,2,11,0,1,0,0,40,1
49,2,9,2,2,0,1,0,0,40,0
38,2,6,0,6,1,0,0,0,40,0
33,2,13,2,3,0,1,0,0,40,1
49,2,9,4,2,1,1,0,0,40,0
17,2,6,4,11,3,1,0,0,20,0
45,2,9,5,6,4,0,0,0,40,0
42,2,10,0,0,4,0,0,0,38,0
30,1,10,2,2,0,1,3137,0,70,0
37,2,14,0,9,4,1,0,0,48,0
60,2,6,2,13,0,1,0,0,40,0
39,2,10,0,6,3,1,0,0,40,0
25,2,10,4,7,2,0,0,0,25,0
33,2,10,2,3,0,1,7298,0,40,1
28,0,13,4,10,1,1,0,0,50,0
30,2,13,2,7,5,0,0,0,40,0
21,2,9,4,4,3,1,0,0,24,0
26,2,7,4,4,1,1,0,0,50,0
31,2,12,0,0,4,0,0,0,41,0
29,2,10,4,2,1,1,0,0,45,0
40,2,12,2,11,0,1,0,0,40,1
52,2,5,2,13,0,1,0,0,45,1
19,2,9,4,7,3,0,0,0,40,0
28,2,13,4,11,1,1,0,0,40,0
24,2,13,4,7,1,1,0,0,40,0
63,0,10,2,3,0,1,15024,0,40,1
48,2,9,0,3,1,0,0,2258,40,1
47,2,9,2,11,0,1,0,0,40,1
39,2,9,4,6,1,0,0,0,10,0
27,2,13,2,12,0,1,0,0,30,0
37,2,7,2,2,0,1,0,0,40,1
25,2,13,4,0,3,0,0,0,40,0
54,1,10,2,10,0,1,0,0,52,0
23,2,10,4,7,1,1,0,0,40,0
31,2,9,2,5,0,1,0,0,55,0
18,2,7,4,11,3,0,0,0,49,0
30,2,9,0,7,4,0,0,0,32,0
26,1,9,4,5,3,1,0,0,25,0
48,2,4,2,2,0,1,0,0,32,0
50,1,13,2,9,5,0,0,0,24,0
19,2,10,4,7,3,0,0,0,12,0
28,2,10,2,2,0,1,0,0,45,0
45,2,16,2,9,0,1,0,0,56,1
52,2,10,2,13,0,1,15024,0,60,1
36,4,9,2,4,0,1,0,0,60,0
48,2,9,2,6,0,1,0,0,40,0
49,2,10,2,2,0,1,0,1887,40,1
28,2,10,2,3,0,1,0,0,55,0
30,2,14,0,9,4,1,0,1726,40,0
58,3,13,2,9,0,1,0,0,60,1
46,4,10,2,3,0,1,0,0,40,0
40,2,10,0,7,1,0,0,0,48,0
47,2,9,2,11,0,1,0,0,40,0
42,2,14,0,9,1,0,2354,0,16,0
46,2,13,4,11,1,0,0,0,35,0
17,2,3,4,7,1,1,0,0,30,0
31,2,5,4,7,3,1,0,0,40,0
71,3,9,2,0,5,0,0,0,20,1
61,2,4,0,7,1,1,0,0,35,0
31,2,9,5,5,1,1,0,0,70,0
46,5,11,0,12,1,0,3325,0,42,0
34,2,9,4,6,3,1,0,0,40,0
30,2,10,2,5,0,1,0,0,44,0
36,2,9,2,2,0,1,0,1902,48,1
19,2,10,4,11,3,0,0,0,15,0
38,2,9,0,5,1,1,0,0,40,0
29,0,13,4,9,1,1,0,0,48,0
50,2,9,2,9,0,1,0,0,40,0
21,2,11,4,3,2,1,0,0,40,0
25,2,6,4,8,3,0,0,0,24,0
49,2,9,0,3,1,1,0,0,40,0
22,2,9,2,8,5,0,4508,0,40,0
58,2,9,2,7,0,1,0,0,24,0
70,4,14,2,9,0,1,9386,0,30,1
40,2,9,0,6,1,0,0,0,40,0
27,2,13,4,4,1,1,0,0,65,0
73,2,13,2,9,0,1,0,0,15,0
24,2,13,4,9,1,1,0,0,35,0
24,2,9,4,4,1,1,0,0,25,0
42,2,12,0,0,1,1,0,0,40,0
32,1,14,2,9,0,1,0,0,50,1
43,4,13,2,11,0,1,0,0,40,1
19,2,10,4,11,3,1,0,0,20,0
34,2,10,0,11,1,0,0,0,60,0
32,2,9,2,9,0,1,0,0,50,0
25,2,11,4,7,3,0,0,0,15,0
25,5,10,4,13,1,1,0,0,40,0
24,2,13,4,4,3,0,0,0,40,0
22,2,10,4,0,3,1,0,0,30,0
47,2,6,3,13,1,1,0,0,45,0
60,2,3,0,6,4,1,0,0,40,0
40,2,9,0,3,4,0,0,0,40,0
20,2,10,4,7,1,1,0,0,40,0
55,4,5,2,4,0,1,0,0,25,0
31,2,10,4,0,1,1,0,0,40,0
33,2,9,5,2,1,1,0,0,35,0
62,2,9,2,0,5,0,0,0,40,0
47,2,9,2,11,0,1,0,0,40,1
44,2,9,2,11,0,1,0,0,40,0
20,2,10,4,11,1,0,0,0,25,0
35,2,9,2,2,0,1,0,0,42,0
47,2,16,2,9,0,1,0,0,60,1
58,2,13,2,0,0,1,0,0,40,0
40,2,9,5,0,4,0,0,0,37,0
35,5,14,4,9,1,1,0,0,45,0
34,2,12,2,9,5,0,0,0,45,1
18,2,7,4,0,3,0,0,0,10,0
22,2,10,4,13,3,1,0,0,40,0
63,2,9,6,7,2,0,0,0,40,0
36,2,10,3,9,1,0,0,0,40,1
36,2,10,4,2,1,1,0,0,40,0
51,2,9,4,0,1,0,0,0,40,0
47,4,10,2,0,5,0,0,0,35,1
37,2,9,6,0,4,0,0,0,68,0
44,2,10,2,13,0,1,0,0,40,0
31,5,9,2,4,0,1,0,0,40,0
28,2,11,2,9,0,1,0,0,50,0
48,2,9,4,7,4,0,0,0,32,0
21,2,10,4,11,3,0,0,0,15,0
40,2,10,2,9,0,1,0,0,40,1
27,1,9,2,10,5,0,0,0,40,0
61,2,9,0,13,1,1,0,1564,40,1
18,2,6,4,7,3,1,0,0,20,0
37,4,10,2,2,0,1,0,0,40,1
34,0,10,4,0,1,0,0,0,72,0
35,2,11,2,12,0,1,0,0,40,0
46,2,13,2,0,0,1,0,0,40,1
43,5,13,2,9,0,1,0,0,50,0
19,2,7,4,5,2,1,0,0,30,0
45,2,13,2,9,0,1,0,0,40,1
20,2,6,5,11,1,0,0,0,36,0
28,2,9,4,13,3,1,0,0,40,0
35,2,14,2,9,0,1,99999,0,50,1
46,4,15,4,9,1,1,0,0,99,1
42,2,10,4,3,1,0,0,0,40,0
22,2,9,4,5,2,1,0,0,20,0
32,2,13,2,12,0,1,0,0,50,0
43,2,13,2,11,0,1,15024,0,45,1
28,2,13,2,3,0,1,0,0,40,1
23,2,10,4,5,3,1,0,0,40,0
21,2,10,4,7,3,1,0,0,10,0
61,2,9,2,2,0,1,0,0,40,1
42,2,10,2,9,0,1,15024,0,32,1
24,5,14,4,9,1,0,0,0,20,0
17,2,7,4,0,3,0,0,0,23,0
44,2,13,0,7,3,0,0,0,40,0
53,4,14,2,3,0,1,0,1977,40,1
34,3,13,0,3,1,1,0,0,50,0
21,2,11,4,11,3,0,0,0,40,0
47,4,13,2,11,0,1,0,0,40,1
44,4,13,2,2,0,1,0,0,50,1
54,0,8,2,0,0,1,0,0,40,0
47,4,10,2,4,0,1,0,0,86,0
41,1,14,2,9,0,1,0,0,35,0
22,2,10,4,11,3,1,0,0,40,0
21,2,9,4,7,2,0,1055,0,35,0
40,2,9,2,3,0,1,0,0,40,0
58,5,16,2,9,0,1,4064,0,40,0
65,2,13,2,2,0,1,0,0,40,1
28,2,9,2,11,0,1,0,0,40,0
58,5,9,2,2,0,1,0,0,40,0
27,2,10,2,6,0,1,0,0,40,0
48,2,13,2,2,0,1,0,0,40,1
22,2,10,4,11,3,0,0,0,20,0
56,4,9,2,2,0,1,0,0,40,0
23,2,9,4,11,1,1,0,1669,55,0
62,4,14,2,9,0,1,7298,0,70,1
49,2,10,2,2,0,1,0,0,30,0
59,4,9,2,4,0,1,0,0,20,0
53,2,14,2,0,5,0,0,0,40,1
60,2,14,2,13,0,1,0,0,10,0
34,0,10,4,0,1,1,0,0,40,0
27,2,10,2,11,0,1,0,0,40,1
52,2,10,2,2,0,1,0,0,40,0
26,2,9,0,0,1,0,0,0,62,0
18,2,9,4,5,3,0,0,1719,15,0
33,2,4,2,6,0,1,0,0,40,0
46,2,9,2,6,0,1,0,0,50,0
73,4,4,2,4,0,1,6418,0,99,1
63,4,11,2,4,0,1,0,0,40,0
41,2,13,2,9,0,1,0,0,40,1
36,2,9,0,2,1,1,0,0,40,0
18,2,7,4,7,3,1,0,0,40,0
35,2,13,4,12,1,0,0,0,40,0
38,1,11,0,3,3,1,0,0,40,0
50,2,9,2,9,5,0,0,0,16,0
17,2,7,4,5,3,1,0,0,17,0
57,2,9,2,2,0,1,0,0,40,0
46,2,13,0,11,1,1,8614,0,40,1
41,2,13,4,0,1,1,0,0,40,0
23,2,4,4,2,2,1,0,0,36,0
38,5,10,2,3,5,0,0,0,40,0
19,2,9,4,11,1,1,0,0,45,0
55,2,9,5,5,4,1,0,0,40,0
33,2,13,4,11,1,1,0,0,45,0
18,2,10,4,9,3,0,0,0,40,0
37,2,5,4,8,1,0,0,0,30,0
30,2,9,2,6,0,1,0,0,45,0
64,2,10,2,11,0,1,0,0,12,0
27,2,9,4,7,3,1,0,0,40,0
41,2,9,0,5,3,0,2597,0,40,0
31,2,9,2,2,0,1,0,0,45,0
38,2,10,2,6,0,1,0,0,40,0
42,2,14,2,11,0,1,0,0,50,1
41,2,13,5,11,4,0,0,0,30,0
25,2,14,2,6,1,1,0,0,40,0
45,2,9,3,0,4,0,0,0,30,0
52,2,4,2,7,0,1,0,0,48,0
23,2,9,4,6,3,1,0,0,40,0
48,2,8,6,5,4,0,0,0,50,0
51,2,14,2,9,5,0,99999,0,50,1
50,2,10,0,0,4,0,0,0,40,0
33,2,13,2,11,0,1,0,0,40,1
17,2,7,4,7,3,1,0,0,12,0
45,2,13,0,3,3,1,0,1408,40,0
49,0,9,6,3,1,0,0,0,20,0
45,3,15,2,9,0,1,0,0,55,1
27,2,9,0,7,1,1,0,0,30,0
67,2,13,2,9,0,1,0,0,2,0
53,2,10,5,3,4,0,0,0,40,0
31,1,10,0,0,1,0,0,0,35,0
20,2,10,4,7,3,0,0,0,20,0
66,4,15,2,9,0,1,0,0,50,0
29,2,9,4,5,1,1,0,0,40,0
41,1,14,0,9,1,1,0,1974,40,0
64,2,9,5,6,4,0,0,0,40,0
37,2,9,0,0,1,0,0,0,40,0
39,4,9,5,4,1,1,0,0,50,0
61,2,10,2,11,0,1,0,0,40,0
49,4,5,2,2,0,1,0,0,40,0
32,2,9,2,5,0,1,0,0,44,0
34,1,13,4,3,1,0,0,0,43,0
46,4,14,0,9,1,0,0,0,45,0
31,4,13,0,3,4,1,0,0,60,1
60,4,4,2,13,0,1,0,0,40,1
36,4,9,2,2,0,1,2885,0,40,0
48,2,9,4,0,1,0,0,0,40,0
36,2,9,4,7,1,0,0,0,40,0
45,2,13,0,3,1,0,0,0,40,0
32,3,9,2,11,0,1,0,0,50,0
24,1,10,4,0,1,1,0,0,40,0
36,2,9,2,7,0,1,0,0,50,0
39,2,11,2,7,0,1,0,1485,38,1
29,2,10,2,7,5,0,0,0,40,0
31,4,13,2,4,0,1,0,0,70,0
39,2,13,2,9,0,1,0,0,30,0
37,3,9,2,2,0,1,0,0,40,0
21,2,10,4,12,3,0,0,0,25,0
31,5,10,2,2,0,1,0,0,35,1
22,2,10,4,2,2,0,0,0,40,0
41,2,10,2,3,0,1,0,1887,50,1
33,2,10,2,12,0,1,0,0,40,0
40,2,9,2,5,0,1,0,0,63,0
53,2,11,2,3,0,1,0,1485,40,0
30,2,11,2,12,2,0,0,0,40,1
23,2,13,4,11,1,1,0,0,25,0
27,4,13,2,3,0,1,0,0,60,1
22,2,5,4,11,1,1,0,0,40,0
63,2,9,2,2,0,1,0,0,40,1
39,1,14,2,9,0,1,0,0,40,0
37,2,10,0,3,4,0,0,0,60,0
42,2,10,2,13,0,1,7688,0,45,1
26,2,13,4,9,1,1,0,0,50,0
42,3,15,2,9,0,1,15024,0,65,1
38,2,13,2,9,5,0,15024,0,40,1
25,2,13,4,3,1,1,0,0,45,0
32,2,11,0,7,4,0,0,0,40,0
63,5,10,2,0,0,1,0,1740,40,0
34,1,10,2,3,0,1,0,0,45,1
30,2,5,0,7,4,0,0,0,38,0
41,3,11,4,3,1,1,0,0,48,0
50,5,9,0,0,3,0,0,0,40,0
46,4,13,2,11,0,1,0,2415,40,1
25,2,6,2,7,3,0,0,0,35,0
42,2,7,0,2,1,1,0,0,40,0
21,2,10,4,0,3,1,0,0,40,0
29,2,9,2,6,0,1,0,0,40,0
26,1,9,4,2,1,1,0,0,40,0
45,2,10,2,3,0,1,7298,0,40,1
22,5,10,4,0,3,0,0,0,40,0
35,2,7,5,8,4,0,0,0,8,0
32,2,13,4,0,1,1,0,0,55,0
17,2,6,4,11,3,0,0,0,12,0
64,2,9,2,5,5,0,0,0,40,0
23,2,13,4,3,3,1,0,0,40,0
26,2,12,4,7,3,0,0,0,15,0
53,2,9,6,11,1,0,0,0,30,0
64,2,13,2,3,0,1,15024,0,40,1
27,2,9,4,0,3,1,0,0,40,0
32,2,8,0,11,1,0,0,1762,45,0
19,2,10,4,7,3,0,0,0,16,0
44,1,14,4,3,1,0,10520,0,60,1
25,2,11,4,0,1,0,0,0,38,0
64,2,9,4,0,1,0,0,0,25,0
50,1,10,2,10,0,1,0,0,48,0
25,2,13,4,9,3,1,0,0,40,0
29,4,9,4,2,1,1,0,0,50,1
27,4,9,2,4,0,1,0,0,40,0
27,1,9,2,0,0,1,0,0,38,0
33,4,9,2,11,0,1,0,0,66,0
25,2,8,2,7,5,0,0,0,40,0
38,2,13,2,11,0,1,0,0,50,1
34,4,9,2,2,0,1,0,0,60,0
34,4,10,4,2,1,1,0,1504,60,0
59,2,2,2,6,0,1,0,0,40,0
41,2,13,2,9,0,1,0,0,40,0
24,2,13,4,0,1,1,0,0,10,0
55,1,14,0,9,4,0,0,0,45,0
44,2,13,0,3,3,0,0,0,50,1
46,2,2,2,5,0,1,0,0,40,0
55,3,6,6,13,1,1,0,0,40,0
22,2,6,4,2,2,1,0,0,30,0
46,2,9,4,11,1,0,0,0,40,0
32,2,9,4,7,4,0,0,0,40,0
24,1,9,4,7,3,1,0,0,40,0
36,2,13,4,0,1,0,0,0,50,0
24,2,9,4,2,3,1,0,0,40,0
21,2,10,4,9,3,1,0,0,10,0
45,2,9,2,2,0,1,15024,0,49,1
56,2,9,6,0,4,0,0,0,40,0
25,2,10,2,11,0,1,0,0,40,1
41,2,10,2,2,0,1,0,0,45,1
47,2,7,0,11,4,0,0,0,28,0
36,2,10,2,0,0,1,0,0,60,0
66,4,9,2,4,0,1,0,0,10,0
45,2,9,3,2,1,1,0,0,40,0
40,5,11,2,2,0,1,0,0,40,0
29,4,9,2,2,0,1,0,0,40,0
42,2,13,2,11,0,1,0,0,60,1
22,2,9,2,6,0,1,0,0,40,0
26,2,10,4,5,3,1,0,0,40,0
28,1,10,2,10,0,1,0,0,48,0
21,2,9,4,2,1,1,0,0,40,0
56,2,10,0,0,1,0,0,0,45,0
20,2,9,4,5,3,1,0,0,40,0
48,2,16,2,9,0,1,0,0,45,1
51,3,10,0,3,4,0,0,0,50,0
20,2,10,4,7,3,0,0,0,20,0
43,2,10,4,3,1,0,2174,0,40,0
24,2,7,4,7,1,0,0,0,20,0
31,2,9,4,11,3,1,0,0,40,0
36,2,11,0,11,4,0,0,0,40,0
25,1,13,4,9,1,0,0,0,40,0
28,2,10,4,11,1,1,0,0,50,0
40,2,6,2,3,0,1,0,0,40,1
32,2,10,4,11,3,1,0,0,35,0
27,2,9,4,0,3,0,0,0,40,0
64,0,13,0,0,1,0,0,0,40,0
51,2,10,0,3,4,0,0,0,50,0
34,0,13,4,3,1,1,0,0,44,0
20,2,8,4,2,3,1,0,0,40,0
24,2,13,4,11,2,0,0,0,40,0
39,5,13,0,3,1,1,0,0,40,0
25,2,9,0,5,3,0,0,0,40,0
52,2,9,2,6,0,1,0,0,20,1
18,2,9,4,7,3,1,0,0,12,0
41,2,13,2,3,0,1,7688,0,45,1
28,2,13,2,11,0,1,7298,0,42,1
22,1,10,4,0,3,0,0,0,40,0
41,2,15,2,9,0,1,0,0,46,1
51,2,9,2,2,0,1,0,0,40,0
41,3,15,4,9,1,0,0,0,60,1
52,1,5,2,7,5,0,0,0,40,0
40,2,13,2,11,0,1,0,0,45,0
36,1,15,0,9,4,0,0,0,24,0
39,2,9,0,9,1,0,4650,0,40,0
32,2,14,2,11,0,1,0,0,60,1
45,0,10,2,12,0,1,0,0,40,1
47,2,7,4,6,4,0,6849,0,40,0
47,2,9,2,5,0,1,0,0,40,0
23,2,13,4,7,1,1,0,0,40,0
54,4,6,2,2,0,1,0,0,36,0
41,2,9,2,13,0,1,0,1977,50,1
23,0,10,2,0,2,0,0,0,40,0
35,2,9,4,6,3,1,0,0,40,0
26,2,9,2,7,5,0,0,0,30,0
56,2,9,2,2,0,1,3103,0,40,1
43,2,10,2,13,0,1,0,0,60,1
50,2,13,2,3,0,1,0,0,40,1
20,2,10,4,4,3,1,0,0,60,0
50,2,9,4,2,3,1,0,0,55,0
36,2,13,2,3,0,1,0,0,55,1
45,2,11,2,9,0,1,0,1902,42,1
42,2,13,4,11,1,1,0,0,40,1
46,2,13,2,9,0,1,0,0,50,1
22,2,9,4,5,1,1,0,0,40,0
33,2,14,2,9,0,1,0,0,50,1
34,2,13,4,11,1,1,99999,0,50,1
24,2,10,4,0,3,0,0,0,30,0
19,2,9,4,6,3,1,0,0,40,0
29,2,13,2,2,0,1,3411,0,45,0
53,2,1,4,7,1,0,0,0,15,0
24,2,11,4,10,1,1,0,0,60,0
54,4,9,2,11,5,0,0,0,30,0
28,5,9,2,10,0,1,0,0,40,0
30,2,9,2,5,0,1,0,0,60,0
26,2,7,2,13,0,1,0,0,40,0
44,4,9,2,4,0,1,0,0,40,1
26,2,10,2,6,0,1,0,0,40,0
39,5,9,2,0,5,0,0,0,40,0
40,2,13,2,3,0,1,0,0,40,0
38,1,10,3,3,4,0,0,0,35,0
27,5,14,2,9,0,1,0,0,20,0
80,4,9,2,4,0,1,0,0,20,0
30,2,13,2,9,0,1,0,0,60,0
24,0,10,0,0,4,0,0,0,25,0
33,2,9,2,3,0,1,0,0,50,0
31,2,10,5,7,4,0,0,0,50,0
59,1,9,6,4,4,1,0,2339,40,0
19,2,9,2,11,2,0,0,0,25,0
38,2,11,2,7,5,0,0,1902,40,0
32,2,9,2,13,0,1,0,0,60,1
38,2,7,2,11,0,1,0,0,50,0
35,2,10,2,11,0,1,0,0,60,1
35,2,7,0,2,1,1,0,0,40,0
40,2,9,2,7,0,1,0,0,40,0
32,2,15,2,9,5,0,15024,0,50,1
29,2,14,4,3,1,0,0,0,45,0
45,2,13,2,2,0,1,0,0,50,0
34,2,9,4,5,3,1,2174,0,40,0
54,2,9,2,13,0,1,0,0,50,0
33,2,4,2,6,0,1,0,0,40,0
56,2,9,2,2,0,1,0,0,40,0
29,2,13,4,0,1,0,0,0,40,0
38,2,10,5,12,4,0,0,0,50,0
63,2,9,6,3,1,1,0,0,40,0
36,5,16,2,9,5,0,0,0,36,1
55,2,9,2,5,0,1,0,1887,40,1
29,2,13,2,9,0,1,0,0,40,1
40,2,9,5,7,4,0,0,0,47,0
20,2,10,4,12,1,0,0,0,40,0
41,2,9,2,4,0,1,0,0,40,0
73,2,4,6,6,1,0,0,0,18,0
34,1,9,4,2,1,1,0,0,40,0
48,5,10,0,7,3,1,0,0,40,0
36,1,10,2,12,0,1,0,0,42,1
32,2,6,0,6,1,1,0,0,40,0
40,4,10,0,9,3,1,0,0,40,0
46,2,13,2,11,0,1,0,0,50,1
48,4,10,0,11,1,0,3325,0,60,0
22,5,10,4,7,2,1,0,0,39,0
28,2,9,4,7,1,0,0,0,30,0
21,2,9,2,5,0,1,0,0,32,0
25,2,9,2,12,0,1,0,0,40,0
39,1,14,2,3,0,1,0,0,45,0
35,2,8,4,4,1,1,0,0,20,0
50,0,9,4,0,4,0,0,0,12,0
29,2,9,2,3,2,1,0,0,75,0
41,2,10,4,2,3,1,0,0,40,0
45,2,10,0,0,1,1,0,0,38,0
24,2,4,2,4,3,0,0,0,45,0
33,2,10,2,3,0,1,0,0,50,1
38,5,9,4,7,1,1,0,0,40,0
56,2,10,2,0,0,1,7298,0,45,1
27,2,9,4,11,2,1,0,0,45,0
41,1,13,2,9,0,1,0,0,45,1
22,5,10,4,7,1,0,0,0,60,0
27,2,9,4,6,3,0,0,0,40,0
48,2,10,2,11,0,1,0,0,8,0
26,2,9,2,2,0,1,0,0,50,0
60,4,7,2,4,0,1,0,0,35,0
35,2,10,5,7,4,0,0,0,25,0
66,4,13,2,11,0,1,0,0,40,1
41,2,14,2,3,0,1,0,1977,65,1
66,2,9,6,13,1,1,0,0,22,0
46,2,9,2,13,0,1,0,0,42,0
38,0,10,2,7,0,1,0,0,40,0
20,2,9,4,7,3,0,0,0,40,0
32,1,9,2,2,0,1,0,0,40,0
41,3,15,2,9,0,1,99999,0,50,1
32,2,9,4,6,1,1,0,0,45,0
28,2,3,4,2,1,1,0,0,40,0
35,2,6,4,7,4,0,0,0,38,0
89,2,13,2,11,0,1,0,0,40,0
39,3,14,4,9,1,0,0,0,40,0
52,4,6,2,3,0,1,0,0,60,0
22,2,7,4,13,1,1,0,0,65,0
31,1,9,2,10,0,1,0,0,40,1
44,3,10,4,11,1,1,0,2258,60,0
39,2,5,2,2,0,1,4386,0,55,0
49,1,13,2,9,5,0,7688,0,35,1
53,2,13,2,9,0,1,7688,0,40,1
34,2,9,2,2,0,1,0,0,40,0
34,2,9,5,0,4,0,0,0,32,0
35,2,7,5,7,4,1,0,0,20,0
32,2,15,2,9,0,1,0,0,60,0
30,2,11,0,0,1,0,0,0,38,0
36,2,10,2,3,0,1,0,0,65,0
57,2,4,6,6,4,0,0,0,40,0
49,4,6,4,2,1,1,0,0,32,0
36,2,7,4,2,3,1,0,0,40,0
28,2,13,4,9,1,1,0,0,50,0
37,2,12,4,9,1,0,0,0,40,0
25,2,9,2,5,0,1,0,0,40,0
34,2,10,0,6,1,0,0,0,40,0
26,2,13,4,0,1,1,0,0,40,0
40,2,9,2,7,0,1,0,0,40,0
24,2,9,4,0,3,0,0,0,40,0
19,2,9,4,7,3,0,34095,0,20,0
71,1,9,2,7,0,1,0,0,6,0
44,2,9,2,7,0,1,0,2377,35,0
62,2,9,3,2,1,1,0,0,54,0
48,4,11,2,2,0,1,0,0,40,1
45,2,9,2,11,0,1,0,0,60,1
34,2,10,4,0,1,0,0,0,40,0
53,0,13,2,3,0,1,7298,0,40,1
65,4,10,6,2,1,0,0,0,35,0
37,2,13,2,3,0,1,0,1977,60,1
29,2,13,4,0,1,0,0,0,35,0
45,3,10,2,2,0,1,0,0,55,1
43,2,13,2,3,0,1,0,1977,50,1
24,2,7,4,13,3,1,0,0,40,0
37,0,13,2,0,0,1,7298,0,40,1
35,2,10,4,2,1,1,0,0,45,0
43,2,10,5,11,1,0,0,0,35,0
48,1,12,2,10,0,1,0,0,56,1
50,2,8,4,10,2,1,0,0,40,0
46,3,13,2,11,0,1,0,0,52,0
31,2,9,2,11,0,1,0,0,40,1
47,3,15,2,9,0,1,0,1977,60,1
41,2,10,2,11,0,1,3942,0,40,0
45,5,16,2,9,0,1,0,0,40,1
57,2,11,6,9,1,0,0,0,40,0
59,4,4,2,11,0,1,0,0,85,0
32,2,12,2,2,0,1,0,0,42,0
46,4,15,2,9,0,1,0,0,45,1
34,2,9,2,0,5,0,0,0,35,0
59,5,14,0,9,1,0,0,0,60,0
24,2,10,5,7,1,1,0,1876,40,0
23,2,13,4,9,1,0,0,0,40,0
27,2,9,5,2,4,1,0,0,40,0
24,2,10,4,0,3,0,0,0,40,0
34,2,9,2,6,0,1,0,0,40,0
37,2,9,2,5,0,1,0,2002,40,0
54,2,9,2,6,0,1,0,0,45,1
90,2,4,2,6,0,1,0,0,40,0
41,2,9,4,2,4,1,0,0,40,0
43,2,13,2,6,0,1,0,1902,40,1
29,2,9,4,7,2,0,0,0,40,0
24,2,10,4,5,3,1,0,0,24,0
57,2,11,2,2,0,1,0,0,40,1
22,2,11,4,2,1,1,0,0,30,0
34,2,9,2,11,0,1,0,0,70,0
32,2,9,2,5,0,1,0,0,40,1
33,2,9,2,13,0,1,0,0,40,0
38,2,3,2,11,0,1,0,0,40,0
21,2,9,4,2,4,1,0,0,35,0
29,1,11,0,10,4,1,0,0,56,0
45,2,13,2,3,0,1,0,0,40,1
44,2,13,2,3,0,1,0,0,40,1
26,2,10,0,2,3,1,0,0,40,0
48,3,13,0,11,1,1,0,0,60,1
30,2,7,4,0,3,1,0,0,40,0
48,1,14,2,9,0,1,0,0,35,1
39,4,10,4,2,1,1,0,0,30,0
30,2,10,4,3,1,0,0,0,40,0
35,2,11,2,2,0,1,0,0,40,0
27,2,7,4,2,2,1,0,0,60,0
31,2,10,0,0,4,0,0,0,40,0
51,2,4,2,13,0,1,0,0,40,0
45,2,7,0,13,1,1,0,2824,76,1
41,5,14,4,9,1,1,0,0,40,0
24,2,9,4,5,3,1,0,0,45,0
47,2,9,2,0,0,1,0,0,40,0
46,2,10,0,0,1,0,0,0,40,0
38,2,11,4,0,4,0,0,0,40,0
17,2,7,4,11,3,0,0,0,19,0
48,2,9,0,2,2,1,0,0,40,0
41,2,3,2,4,0,1,3411,0,40,0
38,2,13,4,3,1,0,0,0,38,0
38,2,13,0,3,1,1,3325,0,40,0
43,1,14,0,9,4,0,914,0,40,0
29,2,13,4,11,1,0,0,0,50,1
30,2,8,4,2,1,1,0,0,40,0
39,2,9,4,2,3,1,0,2258,42,1
31,2,10,2,9,0,1,0,0,50,1
26,2,10,2,11,0,1,0,0,50,0
24,2,9,4,2,3,1,0,0,40,0
35,2,9,2,6,0,1,0,0,55,0
26,2,9,2,11,0,1,0,0,36,0
32,4,9,2,11,0,1,0,0,60,1
53,2,10,2,3,0,1,0,0,50,1
23,2,9,2,2,0,1,0,0,40,0
47,4,9,2,11,0,1,0,0,55,1
29,1,9,4,10,3,1,0,0,48,0
26,2,13,2,7,0,1,0,0,45,1
58,2,9,2,5,2,1,0,0,40,0
30,2,13,4,9,1,0,0,0,40,0
28,1,10,2,10,0,1,0,0,40,1
25,2,9,4,6,1,1,0,0,40,0
51,2,11,2,2,0,1,0,0,57,0
28,2,16,4,9,3,1,0,0,30,0
39,2,13,2,11,0,1,0,0,40,0
21,2,10,4,11,3,0,0,0,20,0
35,2,9,4,6,3,1,0,0,48,0
41,1,14,0,9,4,0,0,0,60,0
45,3,10,2,6,0,1,0,0,50,0
54,2,9,0,2,1,1,0,1741,40,0
31,1,10,2,10,0,1,3464,0,45,0
30,2,11,4,7,1,0,0,0,41,0
50,5,14,2,9,0,1,0,0,46,1
29,3,9,5,9,2,1,0,0,25,0
38,1,11,2,3,0,1,0,0,40,0
27,2,10,4,11,1,1,0,0,40,0
40,3,15,2,9,0,1,15024,0,40,1
19,2,9,4,7,3,1,0,0,35,0
27,2,9,4,3,3,1,0,0,40,0
38,4,9,2,2,0,1,0,0,40,1
41,5,14,2,9,0,1,0,0,75,1
35,2,10,5,3,3,0,0,0,40,0
46,2,8,2,2,0,1,0,0,40,0
65,6,9,2,13,0,1,2414,0,20,0
52,3,10,2,3,0,1,0,0,60,1
42,4,13,2,3,0,1,0,1977,70,1
35,2,9,2,2,0,1,0,0,60,1
49,2,13,2,3,0,1,0,0,50,1
52,2,11,2,9,0,1,0,0,40,0
21,2,10,4,6,3,1,0,0,40,0
76,2,4,6,10,1,1,0,0,30,0
30,1,9,5,7,4,0,0,0,26,0
55,2,10,0,0,1,0,0,0,40,0
38,2,9,2,2,0,1,0,0,42,0
37,2,9,5,2,4,0,0,0,40,0
30,2,10,0,0,3,0,0,0,55,0
29,2,10,4,5,1,1,0,0,35,0
38,4,10,2,6,0,1,7688,0,40,1
50,2,13,0,3,1,0,0,0,50,1
34,0,9,0,7,1,0,0,0,40,0
25,2,10,2,0,5,0,0,0,40,0
36,2,9,2,11,0,1,0,0,40,1
25,2,14,4,11,1,1,0,0,55,0
22,2,10,4,12,1,0,0,0,60,0
45,2,10,0,0,1,1,0,0,40,0
48,2,13,0,5,1,1,0,0,43,0
49,1,10,0,0,1,0,0,0,44,0
38,2,13,2,9,0,1,0,0,40,1
31,1,13,4,9,3,0,6849,0,40,0
36,2,4,2,5,0,1,0,0,40,0
41,1,10,0,0,4,0,0,0,40,0
36,0,13,4,3,1,0,0,0,40,0
40,2,14,2,9,0,1,0,0,50,1
56,2,9,6,11,4,0,0,0,25,0
29,4,9,2,2,0,1,0,0,40,0
46,4,9,2,2,0,1,0,0,25,0
24,2,10,4,5,1,1,0,0,40,0
55,2,13,2,3,0,1,15024,0,42,1
57,2,9,2,12,0,1,0,0,40,0
29,5,13,2,9,0,1,0,0,25,0
39,1,13,4,9,1,0,0,0,44,1
34,2,12,0,3,1,0,0,0,45,0
36,5,16,2,9,0,1,0,0,40,0
67,4,12,2,3,0,1,0,0,50,0
36,2,9,0,0,4,0,0,0,40,0
62,2,4,0,5,1,0,0,0,40,0
19,2,10,4,11,2,1,0,0,40,0
31,4,9,4,7,3,0,0,0,40,0
37,2,12,2,9,0,1,0,1485,40,1
28,2,10,4,7,3,0,0,0,30,0
50,2,10,2,10,0,1,0,0,70,1
41,4,10,0,2,1,1,0,0,40,0
39,2,10,2,2,0,1,0,0,52,1
38,2,9,4,0,4,0,0,0,40,0
29,2,10,2,2,0,1,0,0,40,0
53,2,9,2,0,5,0,0,0,32,0
34,2,10,2,3,0,1,0,0,55,0
35,2,7,2,6,0,1,0,0,40,0
44,1,13,2,0,0,1,5013,0,40,0
37,1,9,0,0,4,0,0,0,40,0
36,2,13,2,9,5,0,0,0,40,0
46,3,11,0,3,1,0,8614,0,70,1
36,2,8,5,7,4,0,0,0,40,0
39,2,7,2,13,0,1,0,0,40,0
37,4,9,2,13,0,1,0,0,30,0
60,2,10,0,3,1,0,0,0,40,0
32,2,9,4,13,3,0,0,0,35,0
33,1,9,2,7,0,1,2105,0,40,0
42,2,14,4,11,1,1,0,0,65,0
25,2,13,2,0,0,1,0,0,45,1
30,1,10,2,2,0,1,0,0,40,0
40,5,16,2,9,0,1,0,1887,50,1
32,2,9,2,11,5,0,0,0,40,0
27,2,9,5,2,1,1,0,0,45,0
90,2,14,2,9,5,0,0,0,40,1
31,5,16,2,3,0,1,7298,0,55,1
31,0,13,2,0,5,0,5178,0,40,1
55,4,12,2,3,0,1,0,0,55,1
35,2,9,4,6,1,0,0,0,40,0
32,2,13,2,3,0,1,4064,0,50,0
31,2,10,0,0,1,0,0,0,45,0
47,1,10,4,10,1,1,0,0,40,0
33,2,11,4,9,4,0,0,0,55,0
58,2,11,2,3,0,1,0,0,40,0
31,2,9,2,13,0,1,0,0,50,1
65,2,9,2,11,0,1,9386,0,10,1
19,2,13,4,9,3,0,0,0,30,0
49,2,13,2,3,0,1,0,0,45,1
50,1,9,2,5,0,1,0,0,40,0
30,2,9,4,0,3,0,0,0,40,0
31,2,9,4,2,3,1,0,0,18,0
77,4,4,2,4,0,1,0,0,40,0
72,2,5,2,11,0,1,0,0,16,0
34,2,16,4,9,1,1,0,0,40,1
31,2,9,0,2,3,1,0,1669,50,0
42,4,13,2,4,0,1,0,0,50,0
52,2,9,2,0,0,1,0,0,46,0
38,1,10,4,10,4,0,0,0,40,0
30,2,9,2,13,0,1,0,0,50,0
63,2,6,2,3,0,1,0,0,40,0
30,2,13,2,9,0,1,0,1740,45,0
33,2,10,2,7,0,1,0,0,40,0
21,2,9,4,0,3,1,0,0,40,0
32,0,13,2,3,0,1,0,0,40,0
46,2,9,2,3,0,1,3103,0,50,1
22,2,10,0,10,1,1,0,0,40,0
36,2,9,2,2,0,1,0,0,40,1
47,2,10,2,11,0,1,0,0,45,1
34,1,10,2,3,0,1,0,0,40,1
53,2,10,2,11,0,1,0,0,60,1
46,2,9,2,13,0,1,0,0,41,1
56,4,14,0,11,1,1,0,1876,60,0
42,0,9,0,0,1,1,0,0,40,0
38,2,9,2,3,0,1,0,0,60,1
32,2,10,0,3,4,0,0,0,42,0
23,2,12,4,9,1,0,0,0,30,0
51,0,10,2,9,0,1,0,0,40,1
24,2,7,4,5,1,1,0,0,40,0
41,2,9,0,0,4,0,0,0,40,0
44,2,9,2,11,0,1,0,0,35,1
23,2,10,4,7,3,0,0,0,35,0
17,2,6,4,11,3,1,0,0,20,0
61,4,9,2,4,0,1,0,0,60,0
42,1,14,2,9,5,0,0,0,38,1
69,2,14,2,9,0,1,0,0,25,0
33,2,9,4,13,1,1,2354,0,61,0
61,1,16,2,3,0,1,4064,0,40,0
35,0,10,4,5,4,0,0,0,40,0
35,1,9,4,7,4,0,0,0,40,0
27,2,13,2,11,2,1,0,0,40,1
62,4,9,2,2,0,1,0,0,60,0
37,0,12,2,3,5,0,0,0,40,1
60,3,10,2,3,0,1,0,0,40,0
27,2,9,2,13,0,1,0,0,60,0
59,2,9,0,0,1,0,0,0,16,0
45,1,12,2,3,0,1,0,0,40,0
40,2,10,0,0,4,0,0,0,39,0
57,2,9,0,0,4,0,0,0,42,0
50,2,9,2,6,0,1,0,0,50,0
38,2,14,2,9,0,1,0,0,50,1
31,2,9,4,12,1,0,0,0,40,0
21,2,10,4,0,3,0,0,0,25,0
59,2,9,6,6,1,0,0,0,40,0
20,2,9,4,0,1,0,0,0,30,0
34,2,11,2,12,0,1,0,0,40,0
21,2,10,4,5,3,0,0,0,40,0
27,2,9,4,7,4,0,0,0,40,0
33,1,13,4,9,1,0,0,0,45,0
40,2,9,2,2,0,1,0,0,40,0
46,0,14,2,1,0,1,0,1887,40,1
44,2,9,2,2,0,1,0,0,45,0
63,2,10,0,7,1,0,0,0,40,0
31,2,9,2,2,0,1,0,0,50,0
47,2,14,0,9,1,1,0,0,40,1
23,2,10,4,5,2,1,0,0,40,0
46,2,9,2,2,0,1,0,0,60,1
44,2,10,2,6,0,1,7688,0,40,1
52,2,9,0,2,1,1,0,0,40,0
45,4,11,2,11,0,1,3411,0,40,0
52,2,10,2,3,0,1,0,0,40,1
39,1,8,2,13,0,1,0,1848,40,1
56,0,13,2,9,0,1,0,0,40,1
27,2,9,2,5,0,1,0,0,80,1
55,1,10,3,0,4,0,0,0,35,0
35,2,9,4,2,1,1,0,0,50,0
33,2,13,4,9,1,1,0,0,40,1
34,2,13,3,0,1,0,0,0,25,0
80,2,10,6,0,1,0,0,0,20,0
19,2,9,4,0,3,0,0,0,20,0
30,1,11,2,10,0,1,0,0,40,0
39,5,10,4,9,1,0,0,1590,40,0
51,1,16,0,3,1,0,0,0,45,1
26,2,9,2,2,0,1,0,0,72,0
24,2,9,4,7,3,1,0,0,40,0
59,2,6,2,2,0,1,0,0,40,1
40,2,13,0,3,1,0,0,0,45,1
64,2,6,2,0,0,1,0,0,40,0
28,2,8,0,6,1,0,0,0,40,0
22,2,11,4,9,1,1,0,0,50,0
40,2,9,2,6,0,1,0,0,40,0
33,2,9,2,7,0,1,0,1672,50,0
43,3,10,2,11,0,1,0,0,55,0
31,2,10,2,2,0,1,0,0,40,0
30,2,13,2,0,0,1,0,1902,40,1
19,2,10,4,0,1,0,0,0,40,0
54,4,9,2,13,0,1,0,0,15,0
28,2,10,4,2,1,1,0,0,30,0
43,2,9,6,13,4,1,0,0,40,0
53,2,9,2,2,0,1,0,0,40,1
26,2,9,0,6,1,1,0,0,40,0
20,2,7,4,2,1,1,0,0,60,0
28,2,9,2,2,0,1,0,0,40,1
33,2,9,2,2,0,1,0,0,40,0
35,5,13,5,3,1,1,0,0,42,0
33,2,9,4,12,1,0,0,0,50,0
28,3,13,2,9,0,1,0,0,50,1
43,2,9,0,0,2,1,0,0,38,0
42,2,13,4,3,4,0,0,0,50,0
18,2,10,4,11,3,0,0,0,25,0
51,2,13,2,11,0,1,0,0,60,0
31,2,9,2,13,0,1,0,0,40,1
47,2,10,0,0,4,0,0,0,42,0
43,5,14,2,3,0,1,0,0,40,1
29,2,9,4,7,1,1,0,0,40,0
31,2,6,2,13,0,1,0,0,50,0
35,2,8,2,2,0,1,0,0,40,0
44,4,9,2,9,0,1,0,1902,40,1
45,2,9,2,2,0,1,0,0,40,0
34,2,9,0,2,1,1,0,0,40,0
62,2,13,6,12,4,0,0,0,7,0
22,2,10,4,7,3,1,0,0,40,0
29,2,10,4,5,2,1,0,0,40,0
29,1,13,4,9,3,0,0,0,42,0
34,1,15,2,9,0,1,0,0,40,1
45,2,14,2,9,0,1,0,0,50,0
47,2,7,2,7,0,1,0,0,36,0
31,2,7,4,6,1,0,0,0,36,0
23,2,10,4,2,1,1,0,0,40,0
21,2,10,4,0,3,0,2176,0,20,0
50,2,10,0,0,4,0,3418,0,38,0
27,2,11,2,2,0,1,0,0,40,0
70,2,4,6,7,1,0,0,0,35,0
45,2,11,0,5,1,0,0,0,40,0
24,5,13,4,9,1,1,0,0,15,0
61,0,9,4,0,4,0,0,0,35,0
27,2,8,2,4,3,1,0,0,55,0
19,2,10,4,7,3,0,0,0,35,0
46,2,13,2,3,0,1,7298,0,65,1
42,4,11,2,13,0,1,4386,0,80,1
45,2,9,2,6,0,1,0,0,40,0
55,2,10,2,12,0,1,0,0,40,0
41,2,10,2,11,0,1,0,0,40,1
31,2,13,4,11,1,0,0,0,65,1
28,4,11,2,4,0,1,0,0,80,0
44,3,10,2,3,0,1,0,0,50,1
40,5,15,4,9,3,0,0,0,40,0
59,4,9,6,7,1,0,0,0,20,0
34,1,6,2,7,5,0,0,0,30,0
70,3,10,2,11,0,1,10566,0,40,0
46,2,12,2,12,0,1,0,1977,50,1
66,4,14,2,3,0,1,0,0,20,1
49,2,9,2,2,5,0,0,0,40,1
41,2,9,5,2,1,1,0,0,40,0
53,2,12,2,3,0,1,2407,0,99,0
59,2,14,2,11,0,1,7298,0,55,1
30,2,13,4,12,1,0,4787,0,45,1
39,2,13,0,3,1,0,0,0,25,0
29,2,12,2,3,5,0,0,0,50,0
39,2,12,5,9,1,0,0,0,30,0
39,2,9,0,5,1,0,0,0,40,0
48,2,10,0,5,2,1,0,0,40,0
21,5,10,4,2,3,1,0,0,35,0
17,2,8,4,7,3,1,0,0,35,0
45,4,9,2,3,0,1,0,0,40,0
23,2,8,2,5,3,1,0,0,40,0
60,2,9,0,2,1,0,0,0,40,0
62,2,9,6,2,4,0,0,0,40,0
60,2,11,2,12,0,1,7298,0,40,1
28,2,9,4,0,3,0,0,0,40,0
30,2,10,4,5,1,1,0,0,55,0
33,2,9,2,7,0,1,0,0,36,0
29,1,10,4,7,3,0,0,0,10,0
38,2,9,0,0,1,0,0,0,35,0
40,2,9,0,0,1,0,0,0,40,0
33,2,10,5,2,3,1,0,0,60,0
36,2,7,3,2,1,1,0,0,40,0
58,5,9,4,0,1,1,0,1741,40,0
30,2,10,5,7,4,0,0,0,40,0
19,2,9,4,4,3,1,0,0,25,0
58,3,10,2,3,0,1,7298,0,60,1
19,5,10,4,0,3,1,0,0,15,0
31,2,10,2,2,0,1,0,0,40,0
23,2,10,4,7,1,0,0,0,30,0
29,5,14,4,9,1,1,0,0,40,0
50,5,16,2,9,0,1,15024,0,40,1
45,0,13,4,0,1,1,0,0,55,1
38,2,13,2,3,0,1,0,0,50,1
58,3,7,2,13,0,1,0,0,60,0
26,2,13,2,12,5,0,4508,0,12,0
25,2,10,4,6,1,1,0,0,40,0
25,4,10,0,9,1,0,0,0,40,0
19,2,9,4,5,1,1,0,0,40,0
29,2,9,4,13,2,1,0,0,50,0
32,2,11,2,2,0,1,0,0,55,1
38,2,10,0,0,3,0,0,0,40,0
34,2,9,2,11,0,1,0,0,45,1
38,2,13,0,3,1,1,6849,0,60,0
61,2,10,2,9,0,1,0,0,42,0
44,4,10,0,6,1,1,0,0,40,0
24,1,13,4,9,1,1,0,0,50,0
40,1,9,2,2,0,1,0,0,35,0
28,2,11,4,11,1,1,0,0,40,0
32,5,10,4,10,4,0,3887,0,40,0
36,2,9,2,2,0,1,0,0,40,0
51,2,10,0,7,1,0,0,0,40,0
28,2,9,0,13,4,0,0,0,20,0
22,2,9,4,7,1,0,0,0,40,0
30,2,14,3,9,1,0,0,0,40,0
33,2,9,4,2,1,1,0,0,41,0
30,2,10,3,3,4,0,0,0,45,0
65,2,9,2,11,0,1,0,0,18,0
31,2,6,2,0,5,0,0,0,40,0
23,2,9,4,5,3,1,0,0,40,0
52,2,11,0,7,4,0,0,0,40,0
62,2,9,2,11,0,1,0,0,16,0
26,2,10,4,7,3,1,0,0,40,0
24,2,9,2,2,0,1,0,0,40,0
51,0,9,2,13,0,1,7688,0,40,1
40,2,9,2,6,0,1,0,0,40,0
59,1,14,0,9,1,0,0,0,40,0
63,0,16,0,3,1,0,0,2559,60,1
35,2,10,2,2,0,1,5013,0,40,0
44,1,10,2,3,0,1,0,0,40,1
38,2,9,2,2,0,1,0,0,45,0
52,2,10,2,3,0,1,0,0,45,1
35,2,9,2,2,0,1,0,0,35,0
51,2,13,2,9,0,1,0,0,50,1
21,2,10,4,11,3,0,0,0,55,0
22,2,3,2,7,0,1,0,0,40,0
45,2,14,2,3,0,1,0,1977,60,1
43,2,9,2,6,0,1,0,1977,52,1
30,0,9,4,0,1,0,0,0,50,0
31,4,11,2,4,0,1,0,0,60,1
41,4,14,0,5,4,1,0,0,40,0
20,5,10,4,7,3,0,0,0,20,0
45,2,13,2,3,0,1,0,0,40,1
38,2,7,2,6,0,1,0,0,35,0
56,2,4,0,4,2,1,0,0,40,0
44,4,13,0,3,1,0,3325,0,40,0
39,2,10,2,6,0,1,0,0,60,0
26,2,10,4,0,1,1,0,0,40,0
21,2,10,4,7,3,0,0,0,30,0
29,2,8,4,3,1,1,0,0,42,0
36,2,9,0,3,4,0,0,0,50,0
18,2,10,4,11,3,0,0,0,20,0
20,2,10,4,7,3,1,0,0,20,0
49,2,9,2,0,5,0,0,1977,25,1
29,2,8,4,5,1,1,0,0,40,0
20,2,9,4,5,3,1,0,0,40,0
41,2,13,2,11,0,1,0,0,50,1
50,2,11,0,9,4,0,0,0,40,1
17,2,6,4,7,2,1,0,0,15,0
33,2,9,2,11,0,1,0,1672,55,0
33,1,9,0,2,4,1,0,0,40,0
53,2,9,0,7,1,0,0,0,38,0
62,4,10,2,3,0,1,0,0,70,0
35,2,11,0,12,3,1,0,0,35,0
50,0,13,2,3,0,1,7298,0,40,1
23,2,10,4,13,3,1,0,0,15,0
27,2,9,4,7,1,0,0,0,40,0
30,3,13,2,3,0,1,15024,0,65,1
33,2,9,0,0,1,1,0,0,38,0
34,2,10,2,13,0,1,4064,0,40,0
28,2,10,2,11,5,0,0,0,40,1
39,2,9,2,13,0,1,0,0,45,1
43,2,9,0,6,1,0,0,0,24,0
32,2,13,2,6,0,1,0,0,50,0
57,2,10,2,3,0,1,0,0,50,1
25,2,13,2,0,0,1,0,0,55,1
43,2,10,2,9,0,1,0,0,40,1
60,0,10,2,0,0,1,7298,0,40,1
37,2,11,0,11,4,0,0,0,40,0
18,2,8,4,11,3,0,0,0,20,0
39,2,9,4,6,4,1,0,0,48,0
62,4,4,2,11,0,1,0,0,5,0
31,2,9,4,3,1,1,3325,0,40,0
29,2,9,2,6,0,1,0,0,40,0
64,4,10,6,2,1,0,0,0,8,0
31,2,7,4,2,1,1,0,2001,40,0
33,2,9,4,11,1,1,3325,0,50,0
59,2,10,4,0,4,0,0,0,40,0
45,2,13,0,3,1,1,0,0,45,0
20,2,10,4,0,3,1,0,0,40,0
34,2,12,0,11,1,1,0,0,50,1
47,2,13,0,11,1,1,0,0,45,0
45,2,9,2,2,0,1,0,0,40,0
35,2,9,0,2,1,1,0,0,40,0
29,2,6,2,2,0,1,0,0,40,0
37,2,10,0,6,1,1,0,0,52,0
19,2,10,4,3,3,0,0,0,35,0
42,2,13,0,0,1,0,0,0,40,0
43,3,9,2,3,0,1,0,1887,45,1
31,4,15,2,9,0,1,0,0,60,1
43,2,13,0,11,4,0,0,0,40,1
38,2,9,2,2,0,1,0,0,40,0
68,3,13,2,3,0,1,0,0,40,1
26,1,13,4,0,3,0,0,0,50,0
53,2,12,2,6,0,1,0,0,40,1
27,2,9,2,13,0,1,0,0,40,0
32,2,10,2,6,0,1,3464,0,40,0
23,1,13,4,9,1,0,0,0,10,0
50,2,13,2,11,0,1,0,0,40,1
43,2,13,0,11,1,0,0,0,50,0
26,2,9,2,13,0,1,0,0,40,0
54,3,10,2,13,0,1,0,0,40,1
31,2,10,2,11,0,1,0,0,40,0
22,5,13,4,9,1,1,0,0,15,0
35,2,11,4,12,1,1,0,0,40,0
28,2,9,4,0,1,1,0,0,40,0
55,2,9,0,0,1,0,0,0,40,0
19,2,9,4,5,3,1,0,0,16,0
33,0,12,0,3,4,1,0,0,50,1
17,2,6,4,11,3,1,0,0,15,0
61,2,10,0,7,1,1,0,0,25,0
28,2,9,4,7,3,0,0,0,40,0
39,1,14,0,9,1,0,0,0,40,0
25,2,10,4,11,3,0,0,0,40,0
28,2,6,4,6,4,0,0,0,40,0
44,2,13,0,0,1,1,0,0,65,0
42,0,14,2,9,0,1,0,0,40,0
65,2,9,0,0,4,0,0,2206,59,0
21,5,10,4,7,3,0,0,0,12,0
33,2,13,4,11,1,1,0,0,45,1
24,2,9,2,6,5,0,0,0,40,0
22,2,10,4,7,2,1,0,0,25,0
58,2,16,4,9,1,1,0,0,8,0
46,2,10,2,13,0,1,0,0,40,0
36,2,9,2,13,0,1,7298,0,60,1
43,2,9,6,2,4,0,0,0,40,0
55,2,13,2,3,0,1,15024,0,48,1
23,2,9,4,5,1,1,0,0,40,0
68,0,10,0,0,2,0,2346,0,40,0
25,2,9,4,13,1,1,0,0,65,0
40,2,9,0,6,4,1,0,0,40,0
23,2,9,4,6,3,1,0,0,30,0
41,2,14,6,9,1,0,10520,0,38,1
38,2,9,2,11,0,1,3464,0,40,0
30,1,13,4,12,1,1,3325,0,35,0
59,2,9,6,0,1,0,0,0,40,0
34,2,9,0,3,1,0,0,0,40,0
60,2,9,2,13,0,1,0,0,40,0
36,2,13,0,11,3,0,0,0,40,0
28,2,15,2,9,0,1,0,0,60,0
41,2,7,6,7,4,0,0,0,40,0
25,2,9,4,0,3,0,4416,0,40,0
49,2,9,2,5,0,1,0,0,48,0
30,2,13,2,11,0,1,7298,0,50,1
37,2,5,2,5,0,1,0,0,50,0
66,2,9,6,0,1,0,0,0,40,0
58,3,10,2,13,5,0,0,0,40,1
30,2,9,2,2,0,1,0,0,40,1
26,2,13,4,11,3,1,0,0,18,0
39,2,9,2,11,0,1,0,0,40,0
52,2,9,2,5,0,1,0,0,40,1
21,2,10,4,5,3,1,0,0,40,0
50,2,13,2,2,0,1,0,0,20,0
49,2,10,0,5,4,0,0,0,40,0
45,5,9,0,12,4,0,0,0,40,0
34,2,9,4,7,1,1,0,0,40,0
37,3,12,5,3,4,1,0,0,50,0
39,2,14,2,9,0,1,0,1848,50,1
36,2,14,2,9,0,1,0,0,60,1
48,3,10,0,3,1,1,0,0,40,0
38,2,9,2,0,0,1,0,0,48,0
37,0,10,2,2,0,1,0,0,43,0
39,5,13,2,3,0,1,0,0,40,0
23,2,9,4,13,3,1,0,0,40,0
24,2,7,4,7,1,0,0,0,40,0
42,2,11,4,12,1,1,0,0,40,0
37,2,13,2,3,0,1,0,0,40,1
31,2,13,2,11,0,1,0,0,40,0
39,2,13,2,3,0,1,3103,0,50,1
47,4,13,2,11,0,1,15024,0,50,1
62,1,13,2,9,5,0,0,0,40,0
42,1,15,2,3,0,1,0,0,55,1
31,2,13,2,2,0,1,0,0,50,1
34,2,13,2,3,0,1,0,0,45,1
32,2,9,4,12,1,1,0,0,45,0
20,2,10,4,0,3,0,0,0,40,0
39,2,13,2,3,0,1,0,1887,50,1
27,2,9,0,3,4,0,0,0,40,0
30,2,9,2,11,0,1,0,0,50,0
33,2,9,2,2,0,1,0,0,40,0
27,2,13,4,9,1,1,0,0,45,0
27,2,11,4,3,3,1,0,0,40,0
18,2,8,4,7,1,0,0,0,25,0
39,2,9,2,6,0,1,0,0,40,0
34,2,9,2,0,5,0,0,0,40,0
21,2,10,4,7,1,0,0,0,18,0
48,2,14,2,11,0,1,0,0,50,1
31,2,6,2,11,0,1,0,0,40,0
37,2,9,2,6,0,1,3464,0,50,0
36,2,12,4,12,1,0,0,0,40,0
21,2,10,4,9,3,1,0,1974,40,0
40,4,9,2,4,0,1,0,0,70,1
51,2,10,0,11,4,0,0,0,40,0
17,5,6,4,7,3,1,0,0,30,0
57,4,9,2,7,5,0,15024,0,40,1
25,4,9,2,4,0,1,0,0,65,0
20,2,9,4,5,3,1,0,0,40,0
35,2,8,2,2,0,1,0,0,84,0
45,2,10,2,6,0,1,0,0,65,0
53,2,13,2,2,0,1,0,0,40,1
40,2,14,2,3,0,1,0,0,65,1
33,2,13,2,3,0,1,0,0,50,1
30,2,13,2,3,0,1,0,0,55,0
43,2,9,2,3,0,1,0,0,50,1
51,2,10,2,3,5,0,0,0,30,1
44,2,13,2,0,0,1,0,0,45,0
31,2,15,2,9,5,0,0,0,60,1
28,2,10,2,3,3,1,7688,0,50,1
57,2,9,0,13,1,1,0,0,48,0
42,1,13,0,9,2,0,0,0,55,0
68,2,9,2,13,0,1,0,419,12,0
38,2,12,2,9,0,1,0,0,40,1
55,2,9,0,3,1,0,0,0,40,0
38,3,13,0,3,1,1,0,0,40,0
44,2,11,4,2,4,1,0,0,40,0
29,2,9,4,0,1,0,0,0,40,0
54,2,10,0,0,4,0,0,0,40,0
64,3,12,2,11,0,1,0,1887,50,1
39,2,9,0,0,1,0,0,0,40,0
41,0,10,2,3,0,1,0,0,40,0
43,2,4,5,4,1,1,0,0,40,0
53,3,12,2,13,0,1,0,0,45,1
30,2,9,0,2,3,1,0,0,40,0
61,2,9,2,6,0,1,0,0,40,1
44,4,9,2,6,5,0,0,0,45,0
42,4,10,2,4,5,0,0,0,50,0
66,4,9,4,4,2,1,0,0,20,0
32,2,9,4,11,3,0,0,1669,45,0
19,2,10,4,0,3,1,0,0,40,0
35,2,13,2,11,0,1,0,0,50,1
61,2,9,2,13,0,1,0,0,40,1
49,2,13,4,0,1,0,0,0,40,1
43,2,2,4,11,3,1,0,0,40,0
38,2,10,0,0,4,0,0,0,40,0
17,2,6,4,5,3,1,0,0,26,0
39,2,13,0,0,4,0,0,0,40,0
33,2,13,2,3,0,1,0,0,50,1
42,4,9,2,2,0,1,0,0,45,0
29,2,11,2,0,0,1,0,0,40,0
47,4,10,2,2,0,1,0,0,40,0
28,2,11,2,2,0,1,0,0,42,0
32,2,9,2,2,0,1,0,0,40,0
32,2,4,2,2,0,1,0,0,40,0
39,2,3,2,6,0,1,0,0,40,0
46,2,9,2,2,0,1,5013,0,40,0
33,2,10,0,0,4,0,0,0,38,0
47,2,9,2,6,0,1,0,0,40,1
39,2,10,5,2,4,1,0,0,45,0
37,2,12,2,4,0,1,0,0,40,0
38,2,10,4,0,4,0,6497,0,35,0
40,2,9,2,6,0,1,0,0,40,0
42,2,9,2,5,0,1,0,0,40,0
23,2,9,4,6,1,1,0,0,40,0
17,2,6,4,5,3,1,0,0,20,0
38,2,7,2,0,5,0,0,0,32,0
25,2,10,4,0,3,0,0,0,40,0
69,2,9,5,13,4,0,2387,0,40,0
21,2,10,4,11,2,1,0,0,40,0
20,2,9,4,5,1,1,0,0,40,0
18,2,8,4,0,3,0,0,0,12,0
51,0,9,2,0,0,1,0,0,40,0
57,2,13,2,10,5,0,0,0,45,1
39,1,9,2,7,5,0,2885,0,30,0
39,5,9,2,0,5,0,3464,0,20,0
59,2,9,2,3,0,1,0,0,30,1
27,2,9,0,5,1,1,0,0,40,0
39,2,12,2,11,0,1,0,0,50,1
53,4,13,2,3,0,1,0,2415,40,1
38,2,9,4,0,1,0,0,0,38,0
40,2,13,2,9,0,1,0,0,60,1
46,1,10,2,5,0,1,0,0,40,0
23,2,9,4,5,3,0,0,0,16,0
47,5,10,0,12,4,0,0,0,48,0
45,2,9,0,0,1,0,0,0,40,0
45,5,10,4,0,4,0,0,0,40,0
31,2,15,0,9,1,1,14084,0,50,1
17,4,7,4,9,3,0,0,0,4,0
38,2,9,0,0,1,0,0,0,40,0
17,2,7,4,5,3,1,0,0,12,0
52,2,9,0,6,1,1,14344,0,40,1
26,2,13,4,3,1,0,0,1669,50,0
42,2,9,2,5,0,1,0,0,40,0
24,2,14,4,9,3,0,0,0,40,0
57,0,14,2,11,0,1,15024,0,40,1
26,2,9,2,5,0,1,0,0,50,0
34,2,9,0,9,4,1,0,0,40,0
49,2,9,2,3,0,1,0,1977,55,1
37,2,10,0,0,4,0,0,0,39,0
42,2,13,0,9,4,0,25236,0,20,1
31,2,11,2,2,0,1,4386,0,40,1
23,2,9,2,6,3,0,2105,0,40,0
21,2,9,4,8,1,0,0,0,40,0
38,2,9,2,3,0,1,0,0,40,0
78,2,4,4,6,1,0,0,0,35,0
27,2,9,4,6,1,1,0,0,40,0
44,4,15,2,9,0,1,99999,0,50,1
49,2,9,0,8,4,0,0,0,16,0
33,2,13,2,9,0,1,3103,0,47,1
62,2,9,2,2,0,1,0,0,45,1
49,2,13,0,3,1,0,27828,0,60,1
18,2,8,4,11,3,0,0,0,20,0
33,2,9,2,6,0,1,0,0,40,0
33,2,6,4,7,3,1,0,0,20,0
41,2,9,0,2,1,1,0,0,40,0
22,2,10,4,0,1,1,0,0,55,0
32,2,13,2,9,0,1,99999,0,50,1
45,0,14,2,3,0,1,7298,0,40,1
40,2,6,2,13,0,1,0,0,40,0
55,2,9,4,0,1,0,0,0,45,0
25,2,10,4,7,3,0,0,0,25,0
75,2,9,4,0,1,0,0,0,40,1
36,2,3,2,6,0,1,7298,0,40,1
26,2,3,4,13,1,1,0,0,40,0
51,2,8,4,7,3,1,0,0,40,0
28,2,13,2,12,0,1,0,0,40,0
47,1,14,2,9,0,1,7688,0,60,1
41,2,13,0,9,1,0,0,0,40,0
36,2,13,2,9,0,1,0,1485,50,1
17,2,7,4,4,3,0,0,0,18,0
50,2,10,3,7,1,0,0,0,40,0
44,5,13,2,9,0,1,0,0,38,1
35,3,9,2,11,0,1,0,0,62,0
41,2,9,2,11,0,1,0,0,40,0
54,3,9,0,7,1,1,0,0,40,0
23,2,9,4,2,1,1,0,0,40,0
45,2,10,2,11,0,1,0,0,40,0
53,4,13,2,3,0,1,7688,0,20,1
37,2,10,4,3,1,1,0,0,40,0
34,2,9,4,2,1,1,0,0,55,0
47,2,10,2,2,0,1,0,0,40,0
22,2,10,4,2,1,1,0,0,40,0
54,2,10,2,9,0,1,0,0,40,1
37,1,11,2,3,0,1,0,0,40,1
31,2,7,3,5,1,1,0,0,40,0
23,2,5,2,6,0,1,0,0,40,0
27,2,9,4,2,3,1,0,0,20,0
22,2,13,4,0,1,1,0,0,40,0
41,1,9,2,7,0,1,0,0,40,0
26,2,13,4,9,1,0,0,0,40,0
67,3,14,2,11,0,1,0,0,48,1
37,2,13,6,3,1,0,0,0,55,0
59,2,9,2,0,5,0,0,0,40,0
28,2,11,4,7,2,1,0,0,40,0
64,2,9,2,3,0,1,0,0,20,0
25,2,10,4,7,1,1,2174,0,40,0
43,2,13,2,3,0,1,0,0,40,0
22,2,11,4,7,2,0,0,0,40,0
19,2,7,5,7,3,0,0,0,40,0
20,2,9,4,5,1,1,0,0,40,0
43,2,14,0,3,1,0,0,0,50,1
39,2,9,2,13,0,1,0,0,40,0
66,2,4,5,6,1,0,0,0,40,0
54,4,6,0,7,1,0,0,0,10,0
17,2,8,4,9,3,1,0,0,7,0
54,2,9,4,0,1,0,0,0,40,0
56,2,9,4,9,1,0,0,0,45,0
36,2,9,2,9,0,1,0,0,60,1
42,4,9,2,9,0,1,0,0,50,1
28,2,12,4,11,1,0,0,0,60,0
65,1,10,4,9,1,0,0,0,40,0
22,5,10,4,7,3,1,0,0,10,0
35,2,10,2,11,0,1,0,0,43,1
31,2,13,2,3,0,1,0,0,45,1
26,2,10,2,6,0,1,0,0,40,0
21,2,10,4,0,3,0,0,0,20,0
52,0,13,2,0,0,1,0,0,40,1
24,2,9,2,6,0,1,0,0,40,0
34,2,9,5,0,1,1,0,0,48,1
45,2,13,2,3,0,1,0,0,40,1
41,1,13,2,9,0,1,0,0,45,1
31,2,13,2,0,0,1,0,0,40,1
46,2,9,2,6,0,1,3411,0,35,0
54,2,9,5,11,4,0,0,0,35,0
36,2,13,0,9,4,0,0,0,45,0
41,3,13,2,3,0,1,7688,0,70,1
31,4,13,2,9,0,1,0,1902,50,1
32,3,14,4,3,1,0,0,0,52,0
55,3,9,2,0,5,0,0,0,10,0
28,2,13,2,0,0,1,15024,0,55,1
33,2,9,4,11,1,1,0,0,45,0
40,2,13,4,9,1,0,0,0,40,0
34,2,10,4,5,2,1,0,0,20,0
58,2,13,4,9,1,0,0,0,62,0
21,2,9,4,6,1,1,0,0,50,0
39,0,9,2,0,0,1,0,1628,40,0
53,0,13,2,9,0,1,0,0,40,1
18,2,6,4,6,3,1,0,0,30,0
37,2,8,2,7,5,0,0,0,45,0
20,5,10,4,0,3,0,0,0,10,0
26,2,12,4,2,1,1,0,0,40,0
64,0,10,6,3,1,0,0,0,25,0
30,2,11,0,0,4,0,0,0,40,0
22,2,9,4,2,4,1,0,0,50,0
33,1,13,2,9,0,1,0,0,50,0
59,2,13,2,4,0,1,99999,0,40,1
38,2,14,2,9,0,1,0,0,40,0
63,2,9,4,6,1,1,2174,0,40,0
64,2,10,2,7,0,1,0,0,40,0
75,2,6,2,13,0,1,0,0,40,0
34,2,9,2,13,0,1,0,0,60,0
24,2,9,4,13,1,0,0,0,49,0
23,2,3,2,13,2,1,0,0,40,0
39,2,5,2,2,0,1,0,0,40,0
37,2,16,2,9,0,1,7298,0,40,1
27,2,12,4,11,1,1,0,0,42,0
42,2,9,4,6,4,0,0,0,40,0
52,5,14,2,9,5,0,0,1848,40,1
28,2,13,2,11,0,1,0,0,50,0
59,2,10,2,11,0,1,0,0,50,0
33,1,9,2,0,5,0,0,0,60,0
37,2,9,2,5,0,1,0,0,40,0
47,2,14,0,9,1,1,0,0,45,0
45,2,10,0,12,4,0,0,0,40,0
33,3,9,2,13,0,1,0,0,50,0
37,1,12,0,7,4,1,0,0,60,1
55,1,11,5,9,4,0,0,0,35,0
39,2,14,2,9,0,1,0,0,40,1
54,5,10,2,10,0,1,0,0,40,1
47,2,10,2,6,0,1,3103,0,40,1
25,1,13,4,0,1,0,0,0,40,0
36,2,9,4,0,1,0,0,0,40,0
35,2,9,0,7,1,0,0,0,45,0
44,4,13,2,11,0,1,0,0,40,0
19,2,7,4,6,3,1,0,0,40,0
65,4,15,4,9,1,1,1086,0,60,0
58,4,9,2,11,0,1,0,0,50,0
64,2,9,2,2,0,1,2635,0,40,0
23,2,9,2,2,0,1,0,0,40,0
36,5,9,2,3,0,1,0,0,40,0
50,2,14,2,3,0,1,0,0,50,1
46,2,14,2,3,0,1,0,0,45,1
49,2,9,2,6,0,1,0,0,40,0
52,0,10,0,3,1,0,0,0,40,0
27,2,8,4,2,3,1,0,0,40,0
45,2,8,2,13,0,1,0,0,40,0
47,2,14,2,3,0,1,0,0,40,1
23,2,9,2,5,0,1,0,0,40,0
38,2,9,5,7,3,1,0,0,35,0
28,4,9,2,11,5,0,0,0,40,0
62,4,9,2,4,0,1,0,0,35,0
50,2,9,2,13,0,1,0,0,40,0
63,2,9,2,2,0,1,0,0,45,0
28,2,9,2,2,0,1,0,0,40,1
37,2,10,0,12,1,0,0,0,40,0
32,2,10,4,0,3,0,0,0,40,0
43,4,13,4,11,3,1,0,0,35,0
21,2,12,4,0,3,1,0,0,35,0
41,2,13,2,11,0,1,0,0,40,0
27,2,7,4,7,3,1,0,0,40,0
63,4,4,2,4,0,1,0,0,60,1
32,2,10,2,9,0,1,0,0,40,0
47,2,8,4,0,2,0,0,0,40,0
54,2,9,2,0,5,0,0,0,40,0
34,2,9,2,13,0,1,0,0,40,0
32,2,11,2,9,0,1,7298,0,42,1
54,2,13,2,2,0,1,0,0,40,0
70,2,10,4,12,2,1,0,0,40,0
90,2,15,2,9,0,1,20051,0,72,1
30,2,13,2,9,0,1,0,0,40,1
24,2,10,4,11,3,0,0,0,17,0
24,2,7,4,0,1,0,0,0,40,0
22,2,9,4,0,4,0,0,0,40,0
44,2,13,4,9,3,1,10520,0,40,1
20,2,9,4,13,3,1,0,0,40,0
45,2,14,2,3,0,1,0,1977,43,1
28,2,9,4,3,1,0,0,0,45,0
36,2,9,2,0,0,1,0,0,40,0
18,2,10,4,7,3,1,0,0,30,0
43,5,9,4,7,3,0,0,0,40,0
33,0,12,0,7,4,1,0,0,40,0
39,2,11,0,11,4,0,0,0,40,0
44,3,9,2,13,0,1,0,0,96,0
40,2,13,4,3,1,0,0,0,60,1
27,2,9,0,11,3,0,0,0,40,0
47,2,9,2,2,0,1,0,0,40,1
18,1,7,4,0,3,1,0,0,12,0
34,4,11,2,2,0,1,0,0,75,0
37,0,10,2,2,0,1,0,0,40,0
45,2,11,4,11,1,0,0,0,38,0
29,2,9,2,9,5,0,0,0,10,1
47,0,9,2,2,0,1,0,0,40,1
41,2,13,2,3,0,1,0,0,40,1
20,2,1,4,7,3,1,0,0,32,0
21,4,11,4,4,3,1,0,0,98,0
27,2,9,4,5,3,1,0,0,40,0
57,4,9,2,0,5,0,0,0,16,0
18,2,9,2,3,5,0,0,0,40,0
44,2,9,2,11,0,1,0,1902,40,1
44,2,5,2,2,0,1,0,0,45,0
53,2,10,2,13,0,1,7298,0,45,1
37,3,13,2,9,0,1,0,0,35,1
27,2,10,4,3,4,0,0,0,40,0
35,2,9,2,3,0,1,0,0,45,1
23,2,9,0,5,1,1,0,0,50,0
28,2,5,4,6,1,1,0,0,30,0
39,2,10,2,3,5,0,0,0,35,1
31,0,9,5,5,4,0,0,0,40,0
51,1,9,0,10,4,1,0,0,52,0
48,2,10,0,11,1,1,0,0,40,1
36,3,16,4,9,1,0,0,0,40,0
21,2,10,4,0,3,0,0,0,40,0
23,2,10,4,6,1,1,0,0,40,0
68,4,6,6,4,4,1,0,0,20,0
50,4,10,2,2,0,1,0,0,55,0
54,0,13,2,3,0,1,0,0,40,1
54,2,4,5,2,1,1,0,0,40,0
19,2,10,4,7,3,0,0,0,20,0
52,2,10,0,0,1,0,0,0,60,0
30,2,10,0,2,1,1,0,0,65,0
28,4,9,2,9,0,1,0,0,35,0
27,2,9,2,5,0,1,0,0,40,0
42,2,9,5,6,4,0,0,0,40,0
35,4,9,2,2,0,1,7298,0,60,1
59,2,10,2,11,0,1,4064,0,40,0
20,2,10,4,11,3,1,0,0,16,0
63,4,9,2,2,0,1,2290,0,20,0
58,5,5,2,4,0,1,0,0,40,0
48,2,4,2,6,0,1,0,0,40,1
17,2,7,4,7,3,1,0,0,40,0
47,4,9,2,4,0,1,15024,0,50,1
42,2,10,2,2,0,1,0,0,50,0
33,0,9,4,7,1,1,0,0,32,0
25,1,13,4,3,1,0,0,0,20,0
36,2,7,2,13,0,1,0,0,60,0
19,2,10,4,7,3,0,0,0,12,0
25,2,10,4,11,3,1,0,0,42,0
21,2,9,4,7,3,1,0,0,40,0
36,2,13,2,11,0,1,0,0,50,1
32,2,9,4,0,1,0,0,0,35,0
19,2,6,4,4,2,1,0,0,40,0
53,2,7,2,6,0,1,0,0,40,0
25,5,13,4,3,1,1,0,0,40,0
37,4,10,2,2,0,1,0,0,40,0
63,0,9,6,5,1,1,0,0,40,0
24,2,9,4,5,3,1,0,0,60,0
40,2,9,4,4,1,1,0,0,55,0
22,2,10,4,11,2,0,0,0,18,0
50,2,10,2,3,0,1,0,0,84,1
50,3,15,2,9,0,1,0,0,75,1
19,2,9,4,5,3,1,0,0,30,0
27,2,9,0,6,1,1,6849,0,40,0
37,5,10,4,10,1,0,0,0,30,0
45,2,5,2,0,0,1,5178,0,40,1
41,2,9,2,2,0,1,0,0,40,1
28,2,13,4,7,1,1,0,0,43,0
50,2,13,2,3,0,1,0,0,50,1
32,2,7,0,7,4,0,0,0,40,0
37,2,3,5,7,4,0,0,0,40,0
46,2,14,2,3,0,1,0,0,45,1
30,2,9,2,5,0,1,0,0,40,0
37,2,9,2,6,0,1,0,0,40,0
44,4,13,0,3,1,1,0,0,60,0
59,2,6,2,13,0,1,0,0,40,0
63,2,9,6,0,1,0,0,0,40,0
37,2,14,5,3,1,1,27828,0,60,1
24,2,6,2,6,5,0,0,0,40,0
29,2,6,2,2,0,1,5013,0,40,0
51,5,13,2,3,0,1,0,0,35,1
49,2,13,2,7,0,1,0,0,40,0
22,1,13,4,9,3,0,0,0,35,0
29,2,10,2,3,0,1,0,0,40,0
32,2,10,2,5,0,1,0,0,38,0
43,2,9,2,2,0,1,0,0,40,1
22,2,10,1,7,5,0,0,0,40,1
55,1,14,2,9,0,1,0,0,40,1
55,2,7,0,11,3,0,0,0,20,0
35,2,9,2,11,0,1,0,0,50,0
39,2,13,2,0,0,1,0,0,40,0
48,2,13,2,11,0,1,4386,0,50,1
30,2,10,0,6,4,0,0,0,20,0
19,2,10,4,12,1,0,0,0,25,0
31,2,12,2,9,0,1,0,0,40,0
36,5,13,2,0,5,0,0,0,40,1
29,2,10,2,13,0,1,0,0,45,1
40,2,10,2,11,0,1,0,0,60,0
42,2,11,2,2,0,1,0,0,40,1
48,2,7,4,7,1,0,0,0,30,0
55,2,14,6,3,1,0,0,0,40,1
44,4,15,2,9,0,1,0,0,60,0
62,1,9,0,7,1,0,0,0,35,0
52,2,13,2,9,0,1,0,0,40,1
61,0,10,2,3,0,1,0,0,40,1
46,2,9,2,3,0,1,0,0,40,1
29,2,10,2,3,0,1,0,0,55,0
24,2,10,4,7,4,0,0,0,40,0
25,2,5,4,5,1,1,0,0,40,0
29,2,10,0,2,3,1,0,0,40,0
45,2,10,2,2,0,1,0,0,48,1
21,2,6,4,6,3,1,0,0,25,0
48,2,13,2,12,5,0,99999,0,40,1
28,2,9,2,6,0,1,0,0,45,0
35,2,10,2,11,0,1,5013,0,70,0
32,2,10,2,0,0,1,0,0,40,0
24,2,9,2,3,0,1,0,0,37,0
33,2,9,2,11,0,1,0,0,40,0
53,2,5,2,13,0,1,0,0,40,0
52,4,9,6,7,4,0,0,0,43,0
58,5,9,4,12,3,0,0,0,40,0
76,1,5,2,7,0,1,0,0,30,0
49,2,13,4,8,1,1,0,0,25,0
29,5,6,4,2,4,1,0,0,40,0
61,2,4,2,13,0,1,0,0,50,0
43,2,7,2,5,0,1,0,0,40,0
35,2,9,4,6,4,0,0,0,48,0
28,2,9,2,3,0,1,0,0,45,1
52,2,14,2,3,0,1,0,0,36,0
46,1,9,4,7,4,0,0,0,40,0
26,2,13,4,0,2,0,0,0,40,0
39,2,13,2,9,0,1,0,0,40,1
43,2,10,4,0,4,0,0,0,40,0
30,2,9,0,7,2,0,0,0,40,0
40,4,9,2,4,0,1,0,0,60,0
20,0,9,4,0,2,1,0,0,20,0
21,2,13,4,5,1,1,0,0,40,0
42,2,9,6,13,4,1,0,0,40,0
72,0,10,6,12,1,0,0,0,16,0
24,2,9,4,11,3,1,0,0,45,0
44,2,2,4,7,3,1,0,0,10,0
25,2,13,4,3,3,1,0,0,45,0
69,2,9,2,11,5,0,0,0,40,0
53,4,10,2,4,0,1,0,0,50,0
39,2,10,2,2,0,1,0,0,55,1
66,4,10,2,4,0,1,0,0,7,0
56,2,9,4,0,2,0,0,0,40,0
34,2,13,2,3,0,1,0,0,50,1
22,2,10,2,11,5,0,0,0,20,0
20,2,10,4,11,3,0,0,0,8,0
29,2,9,4,0,4,0,0,0,40,0
44,4,10,0,6,1,1,0,2205,35,0
59,2,7,2,11,0,1,0,0,60,0
43,4,9,2,3,0,1,0,0,35,1
30,2,9,4,2,3,1,0,1504,40,0
47,2,11,4,9,1,0,0,0,40,0
33,2,8,2,10,0,1,0,0,40,0
24,2,5,4,13,4,1,0,0,40,0
36,2,10,2,2,0,1,0,0,40,0
23,2,11,4,6,1,1,0,0,40,0
31,2,10,4,0,1,0,0,0,43,0
19,2,10,4,12,3,1,0,0,14,0
19,2,9,4,11,2,0,0,0,15,0
46,2,10,2,2,0,1,0,0,40,1
26,2,13,4,3,1,1,0,1974,55,0
34,2,9,2,11,0,1,0,0,45,0
38,2,13,2,3,0,1,0,0,55,1
34,5,9,2,0,0,1,0,0,40,0
35,2,13,2,11,0,1,7298,0,48,1
57,2,11,0,3,4,0,0,0,50,0
21,2,10,4,0,3,1,0,0,43,0
19,4,9,4,11,3,1,0,0,20,0
31,1,9,0,0,1,0,0,0,8,0
42,2,13,0,0,4,0,0,0,45,0
34,2,12,2,7,0,1,0,0,35,0
37,2,11,2,0,0,1,0,0,40,0
33,2,14,2,9,0,1,0,0,50,0
45,2,9,0,13,1,1,0,0,40,0
47,2,13,2,3,0,1,0,0,45,1
34,3,10,2,3,0,1,0,0,40,1
20,2,8,4,7,3,1,0,0,35,0
68,2,10,0,11,1,0,0,0,20,0
22,2,13,4,0,3,0,0,0,25,0
37,1,13,4,12,3,0,0,0,42,0
42,2,9,2,13,0,1,0,1740,43,0
42,2,12,4,9,3,1,0,0,40,0
45,2,9,2,2,0,1,0,0,30,0
27,2,10,0,0,2,0,0,0,40,0
19,2,9,4,2,3,1,0,0,40,0
25,4,11,2,4,0,1,0,0,40,0
38,2,11,2,2,0,1,0,0,40,0
19,2,7,4,0,3,0,594,0,15,0
48,3,13,2,2,0,1,0,0,50,0
38,2,13,2,3,0,1,0,0,40,1
17,2,7,4,11,3,0,0,0,10,0
42,5,10,0,0,3,0,0,0,38,0
21,2,10,4,0,1,0,0,0,30,0
43,2,9,0,3,4,0,0,0,40,0
30,2,9,2,2,0,1,5013,0,40,0
43,1,9,5,7,1,1,0,0,40,0
38,2,13,0,0,4,0,0,0,40,0
69,2,4,2,7,0,1,0,0,20,0
21,2,9,4,7,3,1,0,0,40,0
51,5,16,0,3,1,0,0,0,40,0
38,2,13,2,9,0,1,0,0,70,1
37,5,12,4,0,1,0,0,0,40,0
24,2,13,4,0,1,0,0,0,30,0
19,2,9,4,2,3,1,0,0,40,0
48,2,14,2,2,0,1,0,0,54,1
28,2,13,4,9,1,0,0,0,20,0
24,2,10,2,5,0,1,0,0,40,0
39,2,8,0,0,4,0,0,0,40,0
32,2,10,5,7,1,0,0,0,38,0
70,4,13,2,9,0,1,20051,0,35,1
44,0,10,0,3,4,1,0,0,60,1
50,1,9,2,13,0,1,0,0,40,0
37,4,16,2,9,0,1,0,0,60,0
34,4,13,2,11,0,1,0,0,60,1
44,4,13,2,3,0,1,3137,0,40,0
44,2,13,3,3,4,0,0,0,40,0
31,2,5,4,2,1,1,0,0,45,0
44,2,12,2,3,0,1,0,1977,50,1
45,4,10,0,9,1,0,0,0,50,0
44,2,13,2,11,0,1,0,0,40,1
61,2,6,2,6,0,1,0,0,45,1
20,2,12,4,7,1,0,0,0,40,0
31,0,13,0,10,1,1,0,0,50,1
52,2,10,0,0,1,0,0,0,40,0
17,2,7,4,11,1,0,0,0,36,0
51,2,13,2,11,0,1,0,0,40,1
34,2,10,2,11,0,1,0,0,45,1
50,3,13,2,3,0,1,0,1672,48,0
55,4,9,2,2,0,1,0,0,50,0
35,2,11,0,13,1,1,0,0,50,0
26,2,10,2,2,0,1,0,0,45,0
64,1,9,0,0,1,0,0,0,35,0
37,4,9,0,11,3,0,0,0,40,0
57,4,9,2,4,0,1,0,0,40,0
24,2,10,4,6,1,1,0,0,42,0
43,2,13,0,0,1,0,0,0,40,0
31,2,10,4,0,4,0,0,0,39,0
41,4,11,2,2,0,1,0,0,40,0
27,2,13,4,0,3,0,0,0,40,0
45,2,9,2,2,0,1,0,0,84,0
21,2,10,2,7,0,1,0,0,40,0
46,3,9,2,3,0,1,0,0,75,1
52,2,13,0,9,4,0,0,1755,40,1
22,2,12,4,9,3,0,0,0,16,0
21,2,9,4,7,1,0,0,2001,25,0
35,0,9,2,9,0,1,0,0,60,0
31,2,15,0,9,1,0,0,0,45,1
30,2,13,2,3,0,1,0,0,50,0
42,5,10,2,0,0,1,0,0,40,0
29,2,5,4,11,1,0,0,0,48,0
45,3,13,2,3,0,1,0,0,45,1
62,3,11,2,3,0,1,3137,0,40,0
20,2,9,4,5,3,1,0,0,45,0
50,0,10,2,0,0,1,0,0,40,0
60,2,12,2,0,0,1,0,0,24,0
17,2,7,4,11,2,0,0,0,26,0
30,2,13,4,11,1,0,0,0,45,0
73,1,14,2,9,0,1,0,0,10,1
25,2,9,0,0,2,0,0,0,40,0
50,2,9,0,11,4,0,0,0,65,0
35,2,10,4,11,1,1,0,0,40,0
25,0,10,4,3,3,1,0,0,9,0
47,1,10,0,0,4,0,0,0,38,0
51,5,4,2,13,0,1,0,0,40,0
34,3,13,4,3,1,1,0,0,50,0
69,1,10,2,7,0,1,0,0,40,0
22,2,9,5,7,4,0,0,0,35,0
67,4,9,6,7,1,0,0,0,20,0
81,2,8,6,11,1,0,0,0,30,0
26,2,9,2,6,5,0,0,0,40,0
41,0,10,2,2,0,1,0,0,35,0
21,2,10,4,7,3,1,0,0,35,0
29,2,13,4,9,1,0,0,0,40,0
37,2,9,0,0,1,0,0,0,40,0
64,2,7,2,6,0,1,0,0,40,0
22,2,9,4,7,3,1,0,0,40,0
48,2,2,2,6,0,1,0,0,40,0
38,2,13,2,9,0,1,0,0,40,0
52,2,16,2,9,0,1,0,0,65,1
24,2,9,4,0,4,1,0,0,60,0
37,2,10,2,13,0,1,0,0,40,0
55,2,9,2,6,0,1,0,0,40,1
46,2,9,2,0,5,0,0,0,40,0
44,2,9,2,3,0,1,0,0,60,1
65,2,7,0,6,2,1,0,0,40,0
17,2,7,4,7,3,0,0,0,30,0
46,2,13,2,9,0,1,0,0,40,1
33,1,9,2,2,0,1,0,0,40,0
24,2,10,4,7,3,1,0,0,40,0
41,2,7,2,10,0,1,0,0,55,0
28,2,13,2,11,0,1,0,0,45,0
33,2,6,4,5,4,1,0,0,40,0
56,3,16,2,9,0,1,99999,0,70,1
51,2,9,2,6,0,1,0,0,40,0
36,2,9,2,2,0,1,0,0,45,0
40,2,14,2,3,0,1,0,0,40,1
43,2,11,2,11,0,1,0,0,45,0
28,2,13,2,9,5,0,0,1485,40,0
52,2,9,2,3,0,1,0,0,60,1
24,1,10,2,10,0,1,0,0,72,1
30,2,9,4,5,4,1,0,0,72,0
45,2,10,2,0,0,1,0,0,40,0
20,2,9,4,0,3,0,0,0,20,0
62,2,4,2,10,0,1,0,0,91,0
18,2,9,4,13,1,1,0,0,35,0
46,2,9,2,2,0,1,0,0,40,0
44,0,13,2,3,0,1,0,0,48,0
67,4,9,2,4,0,1,0,0,55,0
23,2,9,2,2,0,1,0,0,40,0
36,2,7,4,13,4,1,0,0,65,0
34,2,9,0,9,4,0,0,0,25,0
31,2,9,2,2,0,1,0,0,40,0
36,2,10,2,0,0,1,0,0,40,1
46,1,14,2,9,0,1,0,0,50,1
37,5,9,2,13,0,1,0,0,40,0
53,4,8,2,2,0,1,0,0,45,0
34,2,9,4,12,2,0,0,0,40,0
45,3,15,2,9,0,1,0,0,50,1
33,2,9,2,6,0,1,3464,0,40,0
56,2,7,2,11,0,1,0,0,55,0
51,5,10,0,9,1,0,0,0,40,0
29,2,10,4,7,1,0,0,0,18,0
29,2,9,2,7,5,0,0,0,40,0
27,2,10,4,11,1,1,0,0,44,0
26,2,11,4,2,3,1,0,0,48,0
25,2,13,2,3,3,0,0,0,40,0
25,2,9,4,7,1,0,0,0,38,0
41,2,9,0,11,1,1,0,0,50,0
55,2,9,2,13,0,1,0,0,65,0
39,2,10,0,2,1,1,0,0,40,0
38,2,13,3,2,1,1,0,0,40,0
44,2,10,2,7,0,1,0,0,40,0
41,2,10,0,11,4,1,0,0,46,0
76,1,9,2,10,0,1,0,0,15,0
22,2,10,4,2,3,1,0,0,40,0
17,2,8,4,11,3,0,0,0,20,0
44,2,4,2,2,0,1,0,0,40,0
22,2,6,4,2,1,1,0,0,30,0
24,2,13,4,9,4,1,0,0,20,0
25,2,11,2,2,0,1,0,0,45,0
50,2,9,2,9,5,0,0,0,40,1
42,2,9,4,7,1,1,0,0,40,0
29,3,13,2,11,0,1,0,0,50,1
25,2,9,4,11,1,1,0,0,45,0
34,5,13,2,9,0,1,0,0,40,1
44,4,10,0,7,4,1,0,0,40,0
60,2,14,4,3,1,0,3325,0,35,0
48,3,9,2,2,0,1,0,0,60,1
47,2,13,2,0,0,1,0,0,40,1
19,2,9,4,0,1,0,0,0,42,0
41,1,14,2,9,0,1,0,0,55,1
18,4,7,4,7,3,0,0,0,4,0
47,5,9,0,0,4,0,1831,0,38,0
37,2,9,4,0,1,1,0,0,40,0
28,2,9,0,0,4,0,0,0,50,0
30,5,9,2,10,0,1,0,0,40,0
51,2,9,2,2,0,1,0,0,50,0
26,2,9,2,2,0,1,0,0,40,0
58,3,13,2,9,0,1,0,0,40,0
46,1,13,2,9,0,1,0,0,40,1
29,2,9,4,2,4,0,0,0,42,0
40,2,10,2,7,0,1,0,0,40,0
46,2,9,2,2,0,1,4064,0,40,0
30,2,9,2,2,0,1,0,0,40,0
38,2,9,2,2,0,1,0,0,40,0
66,2,9,2,5,0,1,0,0,10,0
32,2,10,2,9,0,1,0,0,45,0
66,2,10,2,3,0,1,0,0,50,0
29,2,13,4,0,3,0,0,0,40,0
43,2,13,2,13,0,1,0,0,45,0
31,2,11,2,9,5,0,0,0,40,0
36,2,9,4,2,1,0,0,0,40,0
54,2,13,2,9,0,1,0,0,40,1
34,2,9,4,7,1,1,0,0,40,0
38,4,13,2,0,5,0,0,0,28,1
52,2,8,2,6,0,1,0,0,45,1
36,2,10,4,0,1,0,0,0,35,0
17,2,7,4,7,3,1,0,0,5,0
62,3,9,2,3,0,1,20051,0,72,1
40,2,9,2,0,5,0,0,0,30,1
22,2,10,4,2,3,1,0,0,35,0
37,2,10,2,2,0,1,0,0,45,0
27,2,10,4,7,3,1,0,0,40,0
22,2,7,4,2,3,1,0,0,40,0
28,2,13,2,11,0,1,7688,0,40,1
48,2,14,2,9,0,1,0,0,40,1
47,4,14,0,9,1,1,0,0,40,0
33,2,15,4,9,1,1,0,0,40,1
24,2,9,4,5,1,1,0,0,40,0
42,4,14,0,9,1,0,0,0,32,0
68,2,10,4,0,1,0,0,0,40,0
26,2,11,2,3,5,0,0,0,40,0
41,2,9,2,6,0,1,0,0,40,0
42,5,13,2,3,0,1,0,0,48,1
38,2,9,2,0,0,1,0,0,40,1
19,2,9,4,11,3,0,0,0,30,0
35,2,9,2,13,0,1,0,0,60,0
19,2,10,4,7,2,1,0,0,42,0
55,2,9,6,12,1,1,0,0,40,0
41,2,9,3,0,4,0,0,0,40,0
31,2,10,2,4,0,1,0,0,50,1
32,2,13,4,9,3,1,0,0,40,0
29,4,11,2,4,0,1,0,0,90,0
18,2,9,4,11,3,0,0,0,24,0
40,5,12,0,0,4,0,0,0,40,0
47,4,16,2,13,0,1,0,2002,45,0
24,3,13,2,3,0,1,0,0,40,1
60,0,9,3,5,1,1,0,0,40,0
35,2,10,2,2,0,1,0,0,40,0
28,2,9,4,6,1,1,0,0,40,0
23,2,13,4,0,1,0,0,0,46,0
80,2,15,2,9,0,1,0,0,35,1
29,2,13,4,0,1,1,0,0,40,0
35,2,9,0,7,4,0,0,0,31,0
39,2,9,0,6,4,0,0,0,40,0
27,2,14,4,11,1,1,0,0,42,0
46,2,9,0,0,1,0,0,0,40,0
27,2,12,2,13,3,1,0,0,40,0
17,2,6,4,7,3,1,0,0,8,0
40,2,13,2,7,5,0,7688,0,52,1
66,1,9,6,0,4,0,0,0,35,1
37,2,12,0,12,1,0,0,0,40,0
36,2,13,2,3,0,1,7298,0,50,1
19,2,10,4,5,3,1,0,0,20,0
23,5,9,4,0,1,1,0,0,38,0
35,4,10,2,11,0,1,0,0,75,1
22,2,9,4,11,3,1,0,0,40,0
59,2,9,2,13,0,1,0,0,45,0
24,2,12,4,5,1,1,0,0,48,0
84,2,9,6,9,1,0,0,0,16,0
33,2,10,4,3,1,1,0,0,40,0
24,2,9,4,13,3,1,0,0,40,0
25,5,9,4,9,1,1,0,0,40,0
63,2,9,2,13,0,1,0,0,35,1
61,1,9,6,9,1,0,0,0,40,0
28,2,10,4,13,1,1,0,0,50,0
45,1,10,2,7,5,0,0,0,25,0
28,4,11,4,4,3,1,10520,0,45,1
43,0,12,2,9,5,0,0,0,40,0
36,2,10,2,2,0,1,0,0,40,1
35,2,10,2,6,0,1,0,0,46,0
36,2,10,0,5,1,1,0,0,40,0
17,2,7,4,5,3,1,0,0,12,0
43,2,10,2,11,0,1,7688,0,40,1
51,2,3,5,7,4,0,0,0,40,0
47,2,6,6,6,1,1,0,0,40,0
52,4,9,2,2,0,1,0,0,55,1
51,2,9,2,13,0,1,0,0,50,0
38,0,12,2,0,5,0,7688,0,33,1
27,2,10,4,0,1,0,0,0,60,0
32,2,8,4,13,4,1,0,0,40,0
57,3,15,2,9,0,1,0,0,35,1
71,2,9,2,11,0,1,0,0,36,0
26,5,13,4,9,1,1,0,0,40,0
45,2,9,2,6,0,1,0,1887,40,1
50,2,13,2,2,0,1,0,0,50,0
46,2,10,0,11,4,0,0,0,40,0
26,2,3,4,5,3,0,0,0,40,0
37,2,9,0,0,4,0,0,0,40,0
32,2,10,2,2,0,1,0,0,45,0
24,2,13,3,0,3,0,0,0,20,0
69,2,9,6,0,1,0,0,1429,30,0
40,2,10,0,0,4,0,0,0,40,0
34,5,11,4,9,1,0,0,0,40,0
32,2,13,2,9,0,1,0,0,40,0
53,2,13,2,3,0,1,0,1902,55,1
40,2,10,2,13,0,1,0,0,40,0
23,2,13,4,3,1,0,0,0,35,0
48,2,9,2,13,0,1,0,0,55,0
30,2,9,2,2,0,1,0,0,60,0
37,2,13,4,0,4,0,0,0,27,0
37,2,9,0,6,1,1,0,0,40,0
66,1,9,2,2,0,1,0,2267,40,0
60,5,14,2,3,5,0,3103,0,40,1
19,4,10,4,2,3,1,0,0,20,0
34,5,9,5,0,4,0,0,0,20,0
35,2,13,2,11,0,1,0,0,40,1
38,2,9,2,2,0,1,0,1902,40,1
23,2,10,4,5,3,1,0,0,20,0
75,2,9,2,11,0,1,2653,0,20,0
38,4,9,2,2,0,1,4386,0,35,0
21,2,9,4,3,3,1,0,0,40,0
40,4,10,2,4,0,1,0,0,60,0
22,2,9,4,7,3,1,0,0,40,0
25,2,13,4,3,1,0,0,0,40,1
47,0,9,0,7,4,0,0,0,40,0
51,2,13,2,11,0,1,0,0,40,1
45,2,13,2,9,0,1,0,0,50,0
63,3,9,2,3,0,1,0,0,40,1
29,2,9,2,6,0,1,3137,0,48,0
53,2,10,2,2,0,1,0,0,40,1
57,2,9,2,5,0,1,0,0,40,0
76,2,4,6,8,1,0,0,0,40,0
28,2,10,4,3,1,0,0,0,35,0
36,2,13,4,7,1,0,0,0,40,0
34,4,9,0,4,1,1,0,0,40,0
37,4,10,2,3,0,1,4386,0,50,1
59,2,14,2,2,5,0,0,0,35,0
36,2,6,4,5,1,1,0,0,40,0
41,2,9,2,3,0,1,15024,0,65,1
58,5,9,4,0,1,0,0,0,16,0
24,2,13,4,9,3,0,0,0,20,0
28,2,14,4,9,1,0,0,0,40,1
21,2,10,4,11,3,1,0,0,20,0
42,2,13,2,12,0,1,0,0,45,1
26,2,14,4,9,1,0,0,0,40,0
62,2,9,6,7,2,0,0,0,40,0
41,2,10,2,2,0,1,0,0,40,0
57,4,16,0,9,1,0,0,0,25,0
44,2,12,4,2,1,1,0,0,25,0
24,1,10,4,10,1,1,0,0,40,0
35,2,9,2,13,0,1,0,0,40,0
44,3,10,2,3,0,1,0,0,50,0
17,2,6,4,7,3,1,0,0,12,0
51,2,9,6,7,4,0,0,0,32,0
45,2,13,2,3,0,1,0,0,40,1
37,0,9,2,2,0,1,0,0,40,0
57,2,10,2,13,0,1,0,0,50,0
45,2,9,2,13,0,1,0,0,24,0
39,4,13,0,0,1,1,0,1762,40,0
37,2,13,2,3,0,1,0,0,50,1
51,1,9,2,3,0,1,0,0,40,1
48,1,13,0,9,4,0,0,0,60,0
47,2,9,2,13,0,1,0,0,40,0
33,2,15,4,9,1,0,0,0,40,0
37,3,13,2,2,0,1,0,0,60,0
28,2,9,0,2,1,1,0,0,45,0
20,2,10,4,2,3,0,0,0,25,0
38,2,9,2,2,0,1,0,0,50,0
49,2,10,2,2,0,1,15024,0,60,1
69,2,3,2,0,0,1,1797,0,40,0
41,2,9,2,2,0,1,0,2002,60,0
49,4,9,2,3,0,1,0,0,45,0
51,2,7,2,2,0,1,0,0,40,1
27,2,13,4,11,1,1,0,0,45,0
45,2,13,2,3,0,1,0,0,55,1
65,2,9,0,0,1,0,0,0,40,0
39,2,13,0,11,4,1,0,0,60,0
26,1,13,4,9,1,0,4865,0,35,0
73,1,4,2,10,0,1,2228,0,10,0
21,2,10,4,0,3,0,0,0,15,0
27,2,7,0,6,4,0,0,0,40,0
40,1,9,4,10,1,1,0,0,42,0
54,2,9,2,7,0,1,0,0,50,0
24,1,13,4,9,1,1,0,0,35,0
22,2,10,4,0,3,1,0,0,50,0
37,4,7,0,9,4,0,0,0,30,0
25,5,14,4,9,1,0,0,0,37,0
24,2,13,4,11,3,0,0,0,40,0
54,2,10,2,2,0,1,0,0,45,1
58,2,13,0,9,1,0,0,0,50,0
22,2,9,4,0,1,0,0,0,39,0
19,2,9,4,0,3,0,0,0,25,0
54,3,4,2,6,0,1,0,0,40,1
18,3,9,4,4,3,1,0,0,25,0
54,4,15,2,9,0,1,0,0,30,1
44,2,3,2,13,0,1,0,0,40,0
53,2,10,0,2,1,1,0,0,20,0
44,0,9,4,2,3,0,0,0,40,0
46,2,9,2,6,0,1,0,0,40,0
55,1,9,0,3,4,1,0,0,8,0
48,2,9,2,2,0,1,0,0,40,1
52,0,13,2,10,0,1,0,0,45,1
54,2,4,0,6,4,0,0,3900,40,0
21,2,9,4,11,3,1,0,0,40,0
27,1,10,4,10,4,0,0,0,40,0
48,4,14,2,3,0,1,0,0,40,1
25,2,9,2,7,5,0,0,0,40,0
21,2,11,4,0,3,0,0,0,40,0
25,0,14,0,3,1,0,0,0,40,0
57,2,9,6,7,4,0,0,0,42,0
38,4,4,2,11,0,1,0,0,40,0
33,2,13,2,3,0,1,0,1902,45,1
20,2,9,4,11,3,0,0,0,35,0
31,2,9,5,3,4,0,0,0,40,0
53,0,10,5,0,1,0,0,0,40,0
39,2,13,2,3,0,1,0,0,45,0
32,2,11,0,0,4,0,0,0,40,0
46,3,13,2,11,0,1,0,0,70,1
24,2,9,4,2,3,1,0,0,50,0
44,2,13,2,9,0,1,15024,0,50,1
55,3,14,0,9,1,0,0,0,35,0
33,2,9,2,13,0,1,0,0,60,1
25,2,10,4,11,2,1,0,0,40,0
35,2,13,2,3,0,1,0,0,45,1
67,2,13,2,3,0,1,0,0,40,1
24,2,12,4,9,1,1,0,1980,50,0
34,1,13,2,9,0,1,0,0,40,1
39,2,9,0,5,1,1,0,0,40,0
39,2,8,4,7,4,0,0,0,48,0
25,2,9,4,7,3,0,0,0,40,0
35,2,7,4,5,2,1,0,0,40,0
33,2,13,4,3,1,0,0,0,40,0
30,2,9,2,2,0,1,0,0,32,0
28,2,7,2,13,0,1,0,0,50,0
33,4,11,2,4,0,1,0,0,76,1
40,2,13,4,9,1,0,0,0,40,0
22,2,10,4,3,3,0,0,0,40,0
40,2,10,2,11,0,1,15024,0,50,1
35,2,12,1,0,5,0,0,0,40,0
30,5,14,4,9,4,1,0,0,40,0
50,2,7,0,10,1,0,0,0,40,0
66,2,9,2,3,0,1,10605,0,40,1
30,4,10,2,0,5,0,0,0,55,1
63,4,10,2,9,5,0,20051,0,10,1
25,2,10,4,2,1,1,0,0,40,0
52,2,10,0,0,1,0,0,0,40,0
55,5,15,2,9,0,1,15024,0,40,1
51,0,14,2,9,0,1,0,0,40,1
32,5,13,2,2,0,1,0,0,52,1
27,2,13,4,9,1,1,0,0,40,0
46,1,13,0,9,1,0,4787,0,25,1
39,1,10,0,9,3,0,0,0,45,0
42,2,10,0,0,4,0,0,0,38,0
24,1,13,4,0,3,0,0,0,27,0
45,2,13,4,9,1,1,0,0,40,0
49,2,15,2,11,0,1,0,0,40,1
18,2,9,4,2,3,1,0,0,40,0
60,2,10,0,12,1,0,6849,0,50,0
38,2,12,0,2,4,0,0,0,40,0
23,5,10,4,0,1,1,0,0,15,0
31,2,13,2,11,0,1,0,0,40,1
27,2,5,5,2,1,1,0,0,40,0
27,2,9,4,12,1,1,0,0,40,0
60,2,10,2,2,0,1,0,0,40,0
19,2,9,4,2,3,1,0,0,40,0
40,2,9,0,2,3,1,0,0,40,0
28,2,7,0,11,3,1,0,0,40,0
39,2,3,2,7,0,1,0,0,40,0
31,2,9,4,3,4,0,0,0,45,0
40,2,13,2,3,0,1,0,0,60,1
32,4,9,2,6,0,1,0,0,40,0
19,2,9,4,11,3,1,0,0,20,0
60,2,10,2,3,0,1,15024,0,40,1
50,4,13,0,2,1,1,27828,0,16,1
36,2,13,4,3,1,1,0,0,60,0
47,2,13,0,3,1,1,0,2258,40,1
17,2,7,4,7,3,1,0,0,20,0
51,2,5,4,7,4,0,0,0,40,0
35,4,10,2,2,0,1,0,0,60,1
36,2,13,0,5,1,1,0,0,30,0
48,0,13,0,3,4,1,0,0,58,1
26,2,6,4,5,3,1,0,0,40,0
27,2,10,0,11,1,1,0,0,50,0
27,2,13,4,11,3,1,0,0,2,0
41,2,13,2,12,5,0,0,0,25,1
45,2,9,4,2,3,1,0,0,40,0
55,2,14,2,9,0,1,0,0,40,1
35,2,13,4,9,1,0,0,0,40,1
63,2,5,2,5,0,1,0,0,32,0
60,4,10,2,7,5,0,0,0,12,0
63,4,13,2,9,0,1,0,0,40,1
33,1,11,2,9,0,1,0,0,60,0
38,2,13,4,9,1,0,0,0,32,0
90,2,9,4,0,1,0,0,0,40,1
37,2,9,0,11,4,0,0,0,40,0
31,2,10,4,6,1,0,0,0,25,0
69,1,9,2,3,0,1,0,0,35,0
45,2,10,0,11,4,0,0,0,40,0
43,2,10,2,11,0,1,0,0,45,0
35,2,9,0,2,4,1,0,0,40,0
51,2,9,2,6,0,1,0,0,40,0
57,4,14,2,12,0,1,0,0,38,1
46,2,9,2,2,0,1,0,0,50,1
30,2,9,2,2,0,1,0,0,55,0
19,2,9,4,6,1,1,0,0,40,0
33,2,13,2,0,0,1,0,1902,45,1
24,2,9,4,7,1,0,2174,0,40,0
53,1,13,2,9,0,1,0,0,35,0
69,2,16,2,9,0,1,0,0,40,1
38,1,10,2,13,0,1,0,0,40,0
52,2,10,2,6,0,1,0,0,40,0
45,4,10,2,2,0,1,0,1485,40,1
26,2,10,4,2,1,1,0,0,65,0
26,1,6,4,5,3,1,0,0,40,0
24,2,9,2,6,0,1,0,0,40,0
44,1,9,0,0,4,0,0,0,35,0
30,2,6,4,11,2,1,0,0,18,0
58,2,9,6,0,1,0,0,0,37,0
30,2,12,4,11,1,1,0,0,40,0
42,2,7,2,13,0,1,0,0,45,0
41,2,13,5,9,1,0,99999,0,60,1
20,2,9,4,0,3,1,0,0,40,0
38,0,10,5,5,1,1,0,0,40,0
57,2,10,2,9,0,1,0,0,40,1
34,2,9,4,11,3,0,0,0,35,0
30,2,13,4,11,1,0,0,0,40,0
67,2,10,0,3,1,0,0,0,40,0
34,2,9,2,6,0,1,0,0,40,0
32,2,13,2,4,0,1,0,0,60,0
33,2,9,4,13,1,1,0,0,60,0
71,4,4,2,4,0,1,6514,0,40,1
28,2,9,4,7,3,1,0,0,40,0
41,2,9,2,2,0,1,0,0,40,0
36,2,14,2,11,0,1,0,0,50,1
20,2,9,4,7,3,0,0,0,40,0
31,2,9,4,6,1,1,0,0,40,0
19,2,9,4,11,3,1,0,0,50,0
52,2,9,2,6,0,1,0,0,40,0
35,2,10,2,6,0,1,0,0,40,0
53,1,7,2,7,0,1,0,2179,41,0
38,2,14,4,0,1,0,0,0,40,0
38,4,13,2,4,0,1,0,0,99,0
34,2,9,0,13,1,1,0,0,40,0
30,2,9,2,6,0,1,0,0,40,0
29,2,14,4,3,1,1,0,0,60,0
30,1,9,2,10,0,1,0,0,40,1
29,4,9,2,2,0,1,0,0,40,0
51,2,9,0,5,4,0,0,0,20,0
54,1,9,0,7,1,0,0,0,30,0
35,2,9,2,13,0,1,0,0,50,1
24,2,13,4,0,3,0,0,0,40,0
36,2,11,4,9,4,0,3325,0,40,0
40,2,12,4,0,3,0,0,0,45,0
63,2,9,0,13,4,1,0,0,45,1
43,2,9,2,0,5,0,0,0,40,1
43,4,10,2,4,0,1,0,0,50,0
75,2,6,6,8,1,0,0,0,70,0
51,5,9,2,9,0,1,0,0,60,1
37,2,9,2,3,0,1,0,0,40,1
33,3,16,2,9,0,1,0,0,60,0
83,2,9,6,10,1,1,0,0,55,0
61,2,9,2,11,0,1,0,0,40,0
37,4,13,0,7,4,0,0,0,48,0
63,4,13,2,9,0,1,0,0,50,0
17,2,6,4,7,3,0,0,0,25,0
31,2,9,2,2,0,1,0,0,40,0
43,2,13,2,3,0,1,0,1977,50,1
22,5,10,4,0,1,0,0,0,17,0
49,2,9,2,13,0,1,0,0,50,0
48,2,9,2,11,0,1,0,0,40,0
38,2,9,4,11,4,1,0,0,42,0
53,2,9,2,3,0,1,0,0,40,0
18,4,6,4,2,3,1,0,0,40,0
27,2,8,4,13,1,1,0,0,40,0
61,2,8,3,9,1,1,0,0,40,0
38,4,9,2,2,0,1,3411,0,25,0
44,2,9,2,13,0,1,0,0,40,0
50,2,14,2,11,0,1,15024,0,40,1
61,5,6,4,7,1,0,0,0,38,0
47,2,15,2,3,0,1,99999,0,40,1
26,2,11,5,7,1,1,0,0,40,0
21,2,10,2,7,2,0,0,0,30,0
25,2,9,2,6,0,1,0,0,40,0
53,1,14,4,3,1,0,14344,0,50,1
26,2,5,2,2,0,1,0,0,20,0
39,2,10,2,3,0,1,0,1848,47,1
67,2,10,0,0,1,0,0,0,40,0
34,2,12,2,11,0,1,0,0,38,1
35,2,9,2,5,0,1,0,0,50,0
25,1,13,4,9,3,1,0,0,40,0
28,2,6,4,7,2,1,0,0,40,0
21,2,10,4,9,1,0,0,0,25,0
54,2,14,2,3,0,1,0,0,52,1
48,2,9,2,5,0,1,0,0,40,0
34,2,13,5,11,1,1,0,2824,50,1
39,2,13,2,3,0,1,0,0,60,1
34,3,13,2,3,0,1,0,0,50,1
39,3,15,2,9,0,1,0,0,40,1
36,0,11,2,9,5,0,0,0,45,1
41,3,10,2,11,0,1,0,0,91,0
50,4,13,2,2,0,1,0,0,50,0
34,2,10,2,7,0,1,0,0,62,0
50,2,4,2,6,0,1,0,0,40,0
35,2,9,2,6,0,1,0,0,60,1
47,2,9,0,6,1,0,0,0,40,0
77,4,9,4,6,1,1,401,0,20,0
41,2,9,2,13,0,1,0,0,50,0
81,3,6,2,3,5,0,2936,0,28,0
52,2,13,2,11,0,1,0,0,40,1
31,2,9,2,2,0,1,0,0,40,0
53,2,12,2,12,0,1,0,0,40,1
55,2,9,5,0,1,0,0,0,40,0
28,2,11,2,6,0,1,0,0,40,0
32,2,12,5,3,4,0,25236,0,50,1
26,1,13,4,10,4,0,0,0,40,0
78,2,9,6,7,1,0,0,0,12,0
23,2,10,2,11,0,1,0,0,45,0
41,5,9,2,4,2,1,0,0,40,0
35,2,10,2,6,0,1,0,0,50,0
20,2,10,4,6,3,1,0,0,30,0
33,2,10,4,0,4,0,0,0,35,0
65,4,9,2,3,0,1,0,0,59,1
37,2,9,2,5,0,1,0,0,45,1
50,3,9,2,4,0,1,0,0,50,0
26,1,10,4,7,3,0,0,0,10,0
36,2,9,5,0,1,0,0,0,38,0
44,2,12,4,0,1,1,0,0,38,0
37,2,9,2,2,0,1,0,0,40,0
34,2,10,2,0,0,1,0,0,40,0
40,2,10,5,3,4,0,0,0,60,0
38,2,10,0,0,4,0,0,0,43,0
84,2,4,2,9,0,1,0,0,10,0
61,2,4,2,4,0,1,0,0,40,0
36,2,10,4,2,1,1,0,0,55,0
33,2,10,2,7,0,1,0,0,40,0
65,2,7,6,0,1,0,0,0,8,0
17,2,4,4,11,3,1,0,0,8,0
46,2,9,0,2,2,1,0,0,40,0
21,2,8,4,5,3,1,0,0,32,0
24,0,9,4,7,3,1,0,0,40,0
52,0,12,2,7,0,1,7298,0,40,1
38,4,10,2,4,5,0,0,0,15,0
33,2,15,4,9,3,1,0,0,42,1
37,2,9,2,7,0,1,0,0,30,0
34,2,10,4,12,4,0,0,0,40,0
41,2,13,0,3,4,0,0,0,45,0
25,2,9,0,7,1,1,0,0,50,0
33,4,9,2,2,0,1,0,0,50,0
46,4,9,2,4,0,1,4386,0,70,0
58,4,12,2,11,0,1,0,0,25,1
33,2,13,2,4,0,1,0,0,40,0
31,2,13,0,3,1,1,4650,0,45,0
66,2,9,4,7,2,0,0,0,3,0
20,2,10,4,13,3,1,0,0,24,0
43,0,9,2,3,0,1,0,0,40,0
42,2,10,2,0,0,1,0,0,40,0
32,4,13,2,4,0,1,0,0,70,0
53,2,12,4,3,1,0,0,0,60,0
63,1,5,2,13,0,1,7688,0,40,1
52,0,15,2,1,0,1,7298,0,50,1
31,2,3,2,5,0,1,0,0,56,0
26,2,9,4,7,1,0,0,0,35,0
39,4,5,2,2,0,1,0,0,40,0
20,2,10,4,9,3,0,0,0,15,0
27,2,9,4,13,1,1,0,1876,75,0
20,5,10,4,0,3,0,0,0,10,0
24,2,9,4,7,1,0,0,1762,40,0
43,2,9,2,3,0,1,0,0,40,0
39,2,13,4,9,1,1,0,0,40,1
19,2,10,4,7,2,1,0,0,35,0
24,2,13,5,3,1,0,0,0,40,0
52,4,13,2,11,0,1,15024,0,55,1
35,4,13,2,9,0,1,0,0,40,0
29,2,10,5,8,1,0,0,0,30,0
26,2,3,4,0,3,0,0,0,40,0
37,2,13,0,3,1,0,0,0,40,0
18,2,9,4,2,3,1,0,0,40,0
42,1,4,3,7,1,0,0,0,35,0
50,2,10,0,11,1,0,0,0,40,0
36,2,3,2,8,5,0,0,0,40,0
31,2,9,0,6,2,1,0,0,40,0
27,2,9,0,11,4,0,0,0,37,0
45,2,13,2,3,0,1,0,0,40,1
22,2,13,4,3,1,1,0,0,40,0
43,4,9,2,11,0,1,0,0,40,0
37,2,10,2,2,0,1,0,0,40,0
35,2,12,2,3,0,1,0,0,40,0
50,2,9,2,3,0,1,0,1887,55,1
22,2,10,4,0,3,0,0,0,25,0
28,2,3,4,7,1,0,0,0,40,0
64,1,9,6,0,1,0,0,0,40,0
59,2,14,2,9,0,1,0,0,60,0
20,2,10,4,11,3,1,0,0,40,0
32,2,7,2,5,0,1,0,0,40,0
40,2,9,5,6,4,1,0,0,40,0
37,2,9,0,2,1,1,0,0,40,0
23,1,9,4,7,3,0,0,0,45,0
44,2,13,2,3,0,1,0,0,40,1
33,2,10,0,3,4,0,0,0,40,0
41,4,11,2,4,0,1,0,0,45,0
58,2,9,0,5,1,1,0,0,40,0
18,2,7,4,5,3,1,0,0,5,0
45,2,9,5,11,1,0,0,0,40,0
47,2,13,2,3,0,1,0,0,43,1
37,2,5,2,10,0,1,0,0,16,0
58,2,8,2,13,2,1,0,0,40,0
19,2,9,4,7,3,0,0,0,40,0
57,4,10,2,11,5,0,0,0,25,1
44,2,9,2,2,0,1,0,0,65,1
22,5,12,4,0,1,1,0,0,40,0
35,2,9,2,13,0,1,0,0,50,0
29,2,9,2,9,0,1,0,0,40,1
51,4,9,0,11,1,1,0,0,40,0
37,2,9,4,13,1,1,0,0,45,0
29,2,11,2,12,0,1,0,2051,40,0
38,2,10,0,0,3,1,0,0,40,0
50,5,13,2,10,0,1,0,0,40,1
56,2,9,2,6,0,1,0,0,40,1
24,2,9,0,3,1,0,0,0,45,1
59,2,9,0,0,1,0,0,0,40,0
30,2,5,4,5,4,1,0,0,40,0
21,2,10,4,7,3,1,0,0,32,0
36,2,13,2,2,0,1,0,0,45,0
41,2,13,0,12,4,0,0,0,40,1
38,2,9,2,6,5,0,0,0,40,0
40,2,9,3,7,3,0,0,0,40,0
55,2,9,0,11,4,0,0,0,37,0
25,2,9,2,12,0,1,0,0,84,0
45,5,10,0,9,4,0,0,0,40,0
61,2,10,2,11,0,1,0,0,44,1
18,2,9,4,5,3,1,0,0,22,0
31,2,15,4,9,1,0,0,0,99,0
56,2,10,2,13,0,1,0,0,35,1
27,2,9,4,11,1,1,0,0,30,0
27,2,10,2,2,0,1,0,0,60,0
39,2,13,4,3,1,1,0,0,45,0
31,2,10,2,0,0,1,0,0,40,1
69,5,16,2,9,0,1,0,0,50,1
59,1,13,2,9,0,1,0,0,40,1
30,0,10,4,2,1,1,0,0,40,0
48,5,14,2,9,0,1,0,0,61,1
30,2,13,2,9,0,1,0,0,40,1
66,2,11,6,9,1,0,0,0,35,0
31,5,11,4,2,3,1,0,0,40,0
21,2,11,4,3,3,0,2174,0,60,0
27,2,9,4,0,3,0,0,0,40,0
48,4,9,2,11,0,1,0,0,50,0
32,4,9,4,2,3,1,0,0,40,0
40,2,9,2,11,0,1,0,0,50,0
45,2,13,5,3,1,0,0,0,55,0
38,2,10,4,0,1,0,0,0,40,0
48,2,9,2,2,0,1,0,0,40,0
47,2,9,0,6,4,0,0,0,40,0
57,2,14,2,12,0,1,0,0,40,1
24,2,4,4,5,2,1,0,0,40,0
39,2,10,2,11,0,1,0,0,40,1
65,2,14,0,11,1,1,0,0,28,0
35,5,12,2,9,0,1,0,0,65,0
31,2,10,6,0,4,0,0,0,40,0
33,1,8,4,6,1,1,0,0,36,0
46,2,11,4,3,3,0,0,0,40,0
48,4,10,2,4,0,1,7298,0,60,1
41,2,10,2,6,0,1,0,1902,40,1
22,2,7,0,11,2,0,0,0,25,0
29,2,11,2,3,0,1,0,0,40,1
41,2,9,2,2,0,1,0,0,40,0
46,2,13,2,9,0,1,7688,0,45,1
41,2,9,2,6,0,1,0,0,50,0
36,2,9,0,2,1,1,0,0,40,0
28,1,13,0,9,1,1,0,0,40,0
55,2,9,5,11,1,1,0,0,36,0
49,2,6,2,4,0,1,0,0,40,0
33,2,9,4,6,4,0,0,0,40,0
51,2,10,2,11,0,1,0,0,40,0
42,2,13,2,9,0,1,99999,0,40,1
30,2,13,6,9,4,0,0,0,55,1
30,2,9,4,13,4,0,0,1669,70,0
25,2,7,2,0,3,0,0,0,40,0
40,3,13,2,11,0,1,0,0,45,1
37,5,10,0,0,4,0,0,0,40,0
36,1,13,5,9,1,1,0,0,40,0
60,1,10,6,3,1,0,0,0,40,0
35,2,13,2,3,0,1,0,0,55,1
39,2,9,0,11,2,0,0,0,40,0
46,2,13,2,9,0,1,0,0,50,1
24,2,9,4,7,1,0,0,0,40,0
57,3,10,2,3,0,1,0,0,40,0
47,4,10,0,7,1,0,0,0,45,0
50,2,9,2,2,0,1,0,0,40,1
58,2,6,2,2,0,1,0,0,50,0
57,4,7,2,4,0,1,0,0,99,0
44,2,14,0,11,1,1,0,0,24,0
23,2,10,4,7,3,1,0,0,40,0
43,4,9,4,4,1,1,0,0,60,0
35,2,9,2,6,0,1,0,0,40,0
19,2,10,4,0,3,0,0,0,16,0
25,2,13,4,9,1,1,0,0,35,0
28,2,9,4,5,3,1,0,0,40,0
37,2,11,2,9,0,1,0,0,48,1
35,2,9,2,0,0,1,0,0,36,0
26,2,10,4,9,1,0,0,0,35,0
41,1,9,5,7,1,0,4101,0,40,0
28,2,9,4,6,1,1,0,0,48,0
23,2,10,4,11,1,1,0,0,50,0
31,2,9,0,0,4,0,0,0,50,0
30,3,9,2,2,0,1,0,1887,48,1
43,2,10,2,7,0,1,0,0,48,0
32,4,9,2,3,0,1,0,0,55,0
28,2,9,5,5,1,1,0,0,30,0
50,2,9,2,3,0,1,0,0,60,0
57,2,9,0,0,1,0,0,0,40,0
36,2,9,2,3,0,1,0,0,40,0
25,2,13,4,2,1,1,0,0,40,0
25,2,7,5,2,3,1,0,0,40,0
37,2,11,2,2,0,1,0,0,45,0
24,2,10,4,4,1,1,0,0,45,0
44,2,14,2,9,0,1,0,0,40,0
67,3,10,2,11,0,1,0,0,40,0
54,2,10,2,2,0,1,0,0,40,0
26,5,10,2,7,0,1,0,0,40,0
27,2,10,4,5,3,1,0,0,40,0
38,4,5,2,2,0,1,0,0,40,0
18,2,7,4,7,3,0,0,0,20,0
34,2,9,4,6,3,0,0,0,40,0
35,2,9,2,5,0,1,0,0,45,0
22,5,10,4,7,3,1,0,0,45,0
26,2,12,4,7,1,1,0,0,40,0
33,2,11,2,11,0,1,0,0,36,0
34,2,9,2,2,0,1,0,0,40,1
17,2,7,4,0,3,0,0,0,15,0
34,2,9,5,3,4,0,0,0,30,0
50,1,10,0,10,1,1,0,0,40,0
36,2,9,0,7,4,0,0,0,36,0
26,1,13,2,10,0,1,0,0,43,0
32,2,13,4,9,1,0,0,0,40,0
64,2,7,2,2,0,1,0,0,48,0
48,2,14,0,3,4,0,0,0,40,1
34,2,11,2,3,5,0,0,0,40,1
46,2,9,2,2,0,1,0,0,40,0
34,2,6,4,7,4,0,0,0,20,0
23,4,9,4,5,3,0,0,0,35,0
27,4,9,2,7,5,0,3464,0,35,0
32,4,11,2,2,0,1,0,0,40,0
47,1,10,2,9,0,1,7688,0,50,1
20,2,10,4,0,3,0,0,1719,30,0
24,2,11,4,11,1,1,0,0,55,0
63,4,9,2,4,0,1,0,0,35,0
28,2,9,2,6,0,1,0,0,50,1
27,2,10,4,6,3,1,0,0,48,0
36,2,13,2,3,0,1,15024,0,55,1
29,2,9,2,6,0,1,0,0,50,0
28,2,10,2,0,0,1,0,0,40,0
49,2,10,0,0,1,0,0,0,60,0
37,3,10,2,13,0,1,0,0,55,1
42,2,9,0,3,1,0,5455,0,50,0
19,4,9,4,7,3,1,0,0,53,0
47,1,14,0,9,4,0,5455,0,45,0
45,4,11,2,9,0,1,0,0,20,0
28,2,11,0,12,4,0,0,0,40,0
48,2,9,0,3,1,0,0,0,40,0
44,2,9,2,2,0,1,0,0,40,0
37,2,3,2,6,0,1,0,0,40,0
31,2,10,4,0,1,0,2463,0,38,0
32,2,8,2,11,0,1,0,0,40,1
42,4,9,2,11,0,1,0,0,60,0
37,2,9,0,2,1,1,0,0,50,0
38,2,11,4,12,1,0,2354,0,40,0
52,4,12,0,11,4,1,0,0,40,0
52,1,10,2,10,0,1,0,0,35,0
26,2,10,4,0,1,0,0,0,40,0
77,2,3,2,7,0,1,0,0,20,0
63,2,9,0,2,1,0,0,0,40,0
36,2,12,0,0,4,0,0,0,42,0
39,2,9,2,5,0,1,0,0,40,0
30,2,9,4,5,3,1,0,0,40,0
47,2,1,4,11,4,0,0,0,40,0
19,2,10,4,2,1,1,0,0,40,0
29,2,5,2,13,0,1,0,0,40,0
25,2,9,4,7,1,1,0,0,48,0
45,2,10,0,6,1,1,0,0,40,0
27,2,13,4,11,1,1,0,0,40,0
51,2,4,2,9,0,1,0,0,40,0
41,2,6,2,0,5,0,0,0,30,0
41,1,15,2,9,0,1,0,0,50,1
27,2,13,4,12,1,1,0,1340,40,0
23,2,9,4,6,1,1,0,0,40,0
48,2,10,0,2,4,1,15020,0,48,1
51,2,9,2,11,0,1,0,0,50,0
42,2,9,2,0,0,1,0,0,50,0
28,2,13,4,10,1,0,0,0,40,0
22,2,9,4,11,3,0,0,0,35,0
51,0,10,5,9,1,0,0,0,40,1
19,2,10,4,7,3,1,0,0,15,0
25,1,13,4,9,3,1,0,0,35,0
53,2,5,2,7,0,1,0,0,40,0
44,2,9,3,2,4,1,0,0,40,0
69,4,10,2,11,0,1,6514,0,45,1
33,1,10,2,10,0,1,3908,0,40,0
43,3,13,2,3,0,1,0,0,50,1
39,2,9,2,0,5,0,0,0,40,1
33,4,13,2,11,0,1,7298,0,80,1
29,2,9,2,4,0,1,0,0,40,0
43,1,9,0,10,4,0,0,0,40,0
44,2,10,2,13,0,1,0,0,40,1
30,2,10,4,11,1,1,0,0,40,0
44,0,11,2,10,0,1,7298,0,48,1
36,2,10,0,12,4,1,0,0,40,0
62,2,10,5,11,4,0,0,1617,33,0
43,0,10,2,0,5,0,0,0,40,0
25,2,10,4,0,1,0,0,0,45,0
23,2,9,4,2,2,1,0,0,40,0
31,2,13,2,7,0,1,0,0,40,0
51,2,13,0,3,4,1,0,0,40,1
33,2,9,4,13,3,0,0,0,40,0
76,2,14,2,3,0,1,0,0,40,1
52,0,9,0,0,1,0,0,0,40,0
54,2,13,2,11,0,1,0,0,67,0
33,2,9,4,2,3,1,0,0,40,0
58,2,4,0,7,1,0,0,0,40,0
28,2,9,4,7,3,0,0,0,32,0
37,2,14,2,3,0,1,0,0,50,1
27,2,9,4,13,3,1,0,0,40,0
25,2,10,4,0,3,0,0,0,40,0
33,2,13,2,0,2,1,0,0,40,0
57,3,9,2,3,0,1,0,0,40,0
27,2,10,2,0,0,1,0,0,30,0
56,2,4,2,5,0,1,0,0,40,0
63,2,9,2,2,0,1,0,0,30,0
34,2,8,0,7,4,0,0,0,40,0
55,2,9,2,2,0,1,4386,0,40,1
40,0,9,2,11,0,1,0,0,40,0
39,1,13,2,9,5,0,0,0,50,1
29,1,9,4,10,1,0,0,0,40,0
40,5,9,0,7,1,0,0,0,48,0
29,2,9,0,6,4,1,0,0,40,0
26,2,13,4,3,1,0,0,0,40,0
20,2,9,2,7,0,1,0,0,28,0
35,2,13,2,9,0,1,0,0,40,1
30,2,9,4,0,1,1,0,0,40,0
44,2,10,2,6,0,1,0,0,40,0
34,2,13,4,0,3,0,0,0,40,0
32,2,12,0,9,4,0,0,880,36,0
27,2,9,3,0,4,0,0,0,40,0
58,3,15,0,9,1,1,0,0,70,1
37,2,10,2,11,0,1,0,0,50,0
33,2,10,0,11,1,1,0,0,40,0
55,4,4,2,4,0,1,0,0,50,0
37,2,10,2,11,0,1,0,0,48,1
28,2,9,2,2,0,1,0,0,38,0
45,2,9,0,5,1,1,0,0,50,0
45,2,11,0,6,3,0,0,0,40,0
23,2,9,4,0,3,1,0,0,25,0
47,2,10,2,2,0,1,0,1485,47,0
46,1,9,2,7,0,1,0,0,40,0
36,2,13,2,11,0,1,15024,0,65,1
67,4,14,0,11,1,1,0,0,40,0
32,2,9,2,6,0,1,5178,0,40,1
29,2,10,4,0,1,0,0,0,40,0
39,4,12,2,3,0,1,0,0,55,0
33,2,10,0,6,1,1,0,0,40,0
35,2,11,2,7,0,1,0,0,40,0
23,3,10,4,9,1,1,0,0,50,0
72,1,12,0,9,4,0,0,0,16,0
32,2,9,0,7,1,0,0,0,40,0
58,2,9,2,11,5,0,0,0,40,0
22,2,9,5,0,2,0,0,0,40,0
53,2,9,2,6,0,1,0,0,40,1
43,2,10,5,13,4,1,4934,0,51,1
20,2,10,4,11,1,0,0,0,50,0
33,2,12,4,0,1,1,0,0,50,0
40,2,9,2,6,0,1,0,0,45,1
20,2,9,4,11,1,0,0,0,32,0
31,2,5,4,2,3,1,0,0,35,0
21,2,9,4,7,2,0,0,0,40,0
39,2,9,0,2,4,1,0,0,50,0
34,5,11,4,0,4,0,0,0,40,0
33,1,13,4,0,1,1,0,0,40,0
35,2,7,0,13,1,1,0,0,40,0
25,2,2,4,7,1,0,0,0,40,0
44,2,13,2,11,0,1,0,0,50,1
54,2,10,2,11,0,1,0,0,60,0
45,2,10,2,13,0,1,7298,0,50,1
53,2,9,2,13,0,1,0,0,40,0
51,2,7,4,7,2,1,0,0,35,0
76,2,5,2,10,0,1,0,0,13,0
52,2,13,2,3,0,1,0,0,40,1
27,2,10,0,11,4,0,0,0,35,0
66,1,10,6,0,1,0,0,0,20,0
57,4,16,2,9,0,1,0,0,35,0
23,2,10,4,6,3,1,0,0,40,0
41,2,9,2,3,0,1,0,0,40,0
29,2,13,4,11,1,1,0,1564,40,1
23,2,9,2,11,0,1,0,2377,40,0
55,2,9,0,3,1,0,0,0,40,0
34,2,9,0,2,1,1,0,0,48,1
27,2,10,4,0,4,0,0,0,40,0
48,2,10,6,3,4,0,0,1669,38,0
27,2,12,0,3,1,0,0,0,45,0
26,1,13,4,9,3,0,0,0,42,0
50,0,10,2,3,0,1,0,0,40,0
47,1,13,4,9,1,0,0,0,50,0
58,2,9,2,3,0,1,0,0,45,0
30,2,13,4,3,1,1,8614,0,45,1
27,2,13,4,12,3,1,0,0,40,0
45,2,9,2,3,0,1,0,0,50,0
33,2,4,4,11,1,1,0,0,43,0
17,2,6,4,7,3,1,0,0,10,0
47,4,10,2,4,0,1,0,0,72,0
63,2,10,0,11,1,0,0,0,60,0
23,2,10,4,3,1,1,0,0,40,0
40,2,9,0,0,1,0,0,1741,40,0
28,2,9,2,2,0,1,0,1848,42,1
52,0,11,0,4,1,0,0,0,40,0
31,2,9,2,6,0,1,5013,0,40,0
25,2,9,4,0,3,1,0,0,40,0
36,2,12,2,3,0,1,7688,0,44,1
56,2,13,2,9,0,1,0,0,50,0
26,2,9,4,6,3,1,0,0,40,0
19,2,8,4,7,3,1,0,0,25,0
34,2,10,2,0,0,1,0,0,40,0
44,4,10,2,4,0,1,4508,0,72,0
51,1,7,2,5,0,1,0,0,40,0
18,2,6,4,7,3,0,0,0,20,0
42,3,9,2,11,0,1,0,0,43,1
58,2,7,2,6,0,1,0,0,40,0
27,2,10,4,7,1,1,0,0,38,0
55,1,9,0,0,4,1,0,0,40,0
63,4,10,2,6,0,1,0,0,35,1
34,2,10,2,2,0,1,0,0,40,1
27,2,10,2,0,5,0,0,0,45,0
61,2,10,2,0,0,1,0,0,40,1
30,2,10,0,0,4,0,0,0,37,0
46,2,10,2,4,0,1,0,0,40,0
26,1,10,2,7,2,1,0,0,40,0
28,2,10,4,3,3,0,0,0,40,0
32,2,10,0,0,2,0,4865,0,40,0
49,3,10,2,11,0,1,0,0,50,1
30,2,9,2,10,0,1,0,0,40,0
52,2,4,2,5,0,1,0,0,40,0
61,2,9,2,13,0,1,0,0,45,1
24,4,9,4,2,1,1,0,0,35,0
45,2,8,2,2,0,1,0,0,40,0
35,2,9,2,2,0,1,0,0,40,0
49,1,14,5,9,4,0,0,0,50,0
47,5,11,2,12,0,1,0,0,48,1
38,4,9,5,2,1,1,0,0,40,0
35,2,9,2,5,0,1,0,0,40,1
51,2,13,2,3,0,1,0,0,50,1
17,2,6,4,11,3,1,0,0,5,0
19,2,7,4,7,2,1,0,0,20,0
27,5,10,2,3,0,1,0,0,40,1
25,5,10,2,10,0,1,0,0,40,0
44,2,9,5,6,3,1,0,0,40,0
35,2,10,2,9,0,1,0,0,40,1
42,2,10,0,0,1,0,0,0,30,0
41,3,16,2,3,0,1,99999,0,60,1
23,2,10,4,7,1,0,0,0,40,0
43,2,14,4,9,1,1,0,0,50,1
31,2,7,2,4,0,1,0,0,55,1
33,4,8,4,2,1,1,0,0,32,0
51,2,13,2,3,0,1,0,0,40,1
31,4,13,2,0,5,0,0,0,20,0
46,2,9,0,0,1,1,0,0,40,0
61,1,13,2,3,0,1,5178,0,50,1
51,4,9,2,2,0,1,3137,0,60,0
41,2,9,5,6,4,0,0,0,40,0
20,2,10,4,7,3,0,0,0,20,0
19,2,9,4,7,3,0,0,0,20,0
67,2,9,6,0,1,0,0,0,40,0
58,3,9,2,3,0,1,0,0,40,1
58,2,11,2,3,0,1,0,0,40,1
49,4,9,2,2,0,1,0,0,60,0
31,2,9,4,9,3,0,0,0,36,0
46,2,9,2,5,0,1,0,0,40,0
28,2,9,0,7,1,0,0,1741,52,0
24,2,13,4,11,1,1,0,0,47,0
40,2,9,3,0,4,0,0,0,40,0
63,2,9,4,2,1,1,0,0,40,0
25,2,9,4,5,3,1,0,0,95,0
41,0,15,2,9,0,1,0,0,50,1
35,2,15,2,11,0,1,0,0,35,0
38,4,11,0,7,4,0,0,0,40,0
52,1,9,2,10,0,1,0,0,52,1
35,2,11,2,12,0,1,7298,0,48,1
28,4,9,4,2,1,1,0,0,55,0
35,2,9,5,0,1,0,0,0,40,0
49,2,9,2,6,5,0,0,0,40,0
57,1,14,2,3,0,1,0,0,40,1
37,2,9,2,7,0,1,0,0,40,0
31,2,10,2,3,0,1,0,0,65,1
61,2,4,2,13,0,1,0,0,40,0
38,1,14,2,9,0,1,0,0,40,1
21,2,9,4,4,3,1,0,0,45,0
24,2,13,4,11,3,1,0,0,4,0
36,2,10,0,11,1,0,3325,0,45,0
43,2,13,4,11,1,1,0,0,50,1
38,2,9,2,7,0,1,0,0,40,0
48,2,12,0,3,4,0,0,0,40,0
40,4,11,2,11,0,1,0,0,72,1
18,2,7,4,11,3,1,0,0,15,0
20,2,10,4,10,3,1,0,0,33,0
37,2,14,2,9,0,1,0,0,70,0
25,2,10,4,3,3,1,0,0,75,0
44,2,11,2,2,0,1,0,0,40,0
19,2,9,4,11,3,0,0,0,35,0
58,2,9,0,11,2,0,0,0,40,0
61,2,13,2,9,0,1,0,0,44,1
29,2,13,4,11,3,0,0,0,40,0
52,2,10,2,6,0,1,0,0,40,0
38,4,10,2,2,0,1,0,0,36,0
64,2,13,2,9,0,1,0,0,40,1
23,2,9,4,11,1,1,0,0,48,0
31,2,9,2,11,0,1,0,0,40,0
30,2,9,4,3,1,1,0,0,40,0
44,2,10,0,6,1,1,0,0,40,0
51,4,9,2,4,0,1,0,0,50,0
55,2,10,0,7,1,0,0,0,40,0
21,2,10,4,13,3,1,0,0,20,0
56,2,14,2,3,0,1,0,0,60,1
37,4,9,4,2,1,1,0,0,35,0
44,2,11,2,0,0,1,7298,0,51,1
42,2,9,6,7,4,0,0,0,40,0
68,1,9,6,10,1,1,0,1668,20,0
43,2,9,0,2,1,1,0,0,35,0
43,4,13,0,9,1,1,0,0,70,1
37,4,9,2,4,0,1,0,0,50,0
31,2,9,2,0,5,0,0,0,27,0
35,0,12,0,9,4,0,0,0,40,0
49,2,9,0,11,1,0,0,0,40,0
38,2,7,0,6,1,1,0,0,65,0
50,4,10,2,11,0,1,99999,0,45,1
24,2,4,2,11,0,1,2580,0,40,0
42,2,11,2,2,0,1,0,0,45,1
62,2,14,2,9,0,1,0,0,40,1
39,4,12,2,0,5,0,0,0,40,1
44,2,9,2,2,0,1,0,0,40,1
30,2,5,4,11,1,1,0,0,40,0
38,2,13,2,11,0,1,5178,0,48,1
40,2,9,5,7,1,0,0,0,40,0
37,2,11,0,9,4,0,0,0,40,0
36,2,9,5,6,1,0,0,0,36,0
81,4,10,2,12,0,1,0,0,25,0
44,1,10,6,0,4,0,0,0,15,0
35,2,13,2,11,0,1,0,0,42,0
17,2,6,4,7,2,1,0,0,15,0
61,2,10,2,9,0,1,0,1902,40,1
38,2,2,2,5,0,1,0,0,40,0
22,2,13,4,3,1,0,0,0,30,0
28,2,9,4,5,3,1,0,0,40,0
30,2,14,4,9,1,0,0,0,16,0
40,2,11,0,2,4,1,0,0,50,1
28,4,11,2,4,0,1,0,0,60,0
58,2,7,2,0,0,1,0,0,48,0
54,3,9,2,2,0,1,0,0,40,1
21,2,9,4,4,1,1,0,0,50,0
39,2,13,2,2,0,1,0,0,40,1
32,2,10,2,6,0,1,0,0,40,0
49,2,13,2,11,0,1,0,0,45,1
25,2,11,2,2,0,1,0,0,40,1
55,0,14,2,3,0,1,0,0,60,1
58,3,6,2,13,5,0,0,0,40,0
35,2,9,2,6,0,1,0,0,40,0
33,5,10,0,7,4,0,0,0,40,0
35,2,9,5,7,3,0,0,0,30,0
47,2,9,0,0,1,0,0,0,40,0
43,2,9,0,6,4,0,0,0,50,0
24,2,9,4,11,3,1,0,0,40,0
35,2,13,2,11,0,1,0,0,50,1
18,2,7,4,11,3,0,0,0,18,0
58,2,13,2,11,0,1,0,0,55,1
54,0,10,2,2,0,1,0,0,40,0
61,3,9,2,2,0,1,0,0,40,0
35,2,9,4,7,3,0,0,0,27,0
32,2,11,4,9,1,1,0,0,40,0
18,2,8,4,11,3,0,0,0,20,0
34,2,10,4,3,1,0,0,0,17,0
29,2,13,2,3,0,1,0,0,40,0
38,0,12,0,0,4,0,1471,0,40,0
54,2,12,3,6,4,0,0,0,40,0
20,2,10,4,0,3,1,0,0,28,0
25,2,10,0,7,3,1,0,0,38,0
52,0,9,4,0,1,1,0,0,48,1
55,4,9,0,7,2,0,0,0,40,0
53,2,13,2,2,0,1,0,1740,40,0
34,2,7,0,2,4,1,0,0,40,0
36,2,9,2,6,0,1,0,0,85,0
26,2,13,4,9,1,1,0,0,40,0
23,2,10,4,7,4,0,0,0,20,0
31,2,10,0,3,4,0,0,0,40,0
49,2,9,4,6,1,1,0,0,40,0
67,3,10,2,3,0,1,20051,0,20,1
40,2,9,0,11,3,0,0,0,25,0
36,2,9,2,2,0,1,0,0,40,0
20,4,10,4,4,3,1,0,2258,10,0
48,2,14,2,3,0,1,0,0,40,0
26,2,9,4,0,4,0,0,0,40,0
26,2,13,4,11,1,0,0,0,45,0
31,1,10,4,3,3,0,0,0,32,0
36,2,9,2,0,0,1,0,0,50,1
21,2,9,4,7,2,0,0,0,20,0
49,2,14,2,11,0,1,0,0,40,1
54,4,9,2,2,0,1,15024,0,52,1
42,2,9,0,11,1,0,0,0,42,0
27,2,13,4,11,1,1,0,1504,45,0
31,2,9,4,7,1,0,0,0,30,0
32,2,13,2,3,0,1,0,0,40,0
60,5,15,2,9,0,1,0,0,40,1
25,2,9,4,11,1,0,0,0,35,0
40,4,11,2,2,0,1,0,0,40,0
35,2,15,2,9,0,1,0,1902,60,1
46,2,9,5,2,1,1,0,0,2,0
55,4,5,2,11,0,1,0,0,58,0
51,2,4,5,6,1,0,0,0,30,0
31,2,13,4,3,1,1,14084,0,50,1
59,2,10,0,6,1,1,0,0,56,0
82,2,3,6,7,4,1,0,0,20,0
39,5,13,2,9,0,1,0,0,40,0
17,2,7,4,11,3,0,0,0,12,0
28,2,6,4,5,2,1,0,0,40,0
32,2,9,2,6,0,1,0,2002,66,0
61,1,9,2,13,0,1,0,0,15,0
38,2,10,4,0,2,1,0,0,40,0
28,4,10,2,2,0,1,0,0,45,0
28,2,9,0,2,1,1,0,0,40,0
55,2,13,2,6,0,1,0,0,40,0
32,2,14,2,9,5,0,0,0,20,0
40,2,10,0,0,4,0,0,0,40,0
46,2,10,2,13,0,1,0,0,48,0
40,2,14,0,3,1,0,0,0,50,1
37,4,9,2,3,0,1,0,1848,65,1
34,2,14,2,6,0,1,0,0,40,1
27,2,9,2,6,0,1,5013,0,46,0
58,2,9,2,2,0,1,0,0,40,0
28,2,13,4,0,1,0,0,0,40,0
54,4,14,0,9,1,1,0,0,30,0
48,2,10,2,7,0,1,0,0,40,1
49,2,10,5,11,1,1,0,0,50,0
58,2,10,0,7,4,0,0,0,42,0
56,2,6,2,0,0,1,0,0,40,0
27,1,13,2,9,5,0,0,0,40,0
63,2,15,2,9,0,1,99999,0,60,1
27,2,9,4,13,3,1,0,0,40,0
51,2,13,2,3,0,1,0,0,60,1
43,2,13,4,6,1,1,0,0,15,0
42,2,13,2,12,0,1,0,0,40,1
22,2,8,4,13,4,1,0,0,30,0
42,2,9,4,7,1,0,0,0,24,0
30,2,9,4,0,3,0,0,0,40,0
33,2,12,2,3,5,0,0,0,55,1
30,2,10,4,0,1,1,0,0,25,0
19,2,10,4,0,3,0,0,0,15,0
25,2,9,4,5,4,1,0,0,40,0
23,2,9,4,5,1,1,0,0,40,0
60,1,9,6,3,4,0,0,0,40,0
25,2,11,4,11,1,1,0,0,45,0
33,2,12,4,11,1,1,0,0,36,0
20,2,10,4,7,3,0,0,0,25,0
18,2,7,4,5,3,1,0,0,24,0
36,2,9,5,2,3,1,0,0,40,0
17,2,6,4,2,1,1,594,0,30,0
32,2,9,4,2,3,1,0,0,40,0
32,2,10,0,3,1,1,0,0,50,0
39,1,9,2,10,0,1,0,1887,40,1
51,2,9,2,0,5,0,0,0,40,0
51,2,8,2,2,0,1,0,0,45,0
61,2,4,0,6,4,0,0,0,40,0
37,2,9,2,7,0,1,0,0,40,0
45,2,9,0,7,1,1,0,1980,40,0
23,2,10,4,7,4,0,0,0,40,0
46,2,9,2,3,0,1,0,0,40,1
49,2,13,2,2,0,1,0,0,40,0
43,2,9,2,11,0,1,0,0,40,0
32,0,12,0,10,1,1,2174,0,40,0
37,2,11,2,11,0,1,0,0,54,0
22,2,6,4,2,4,1,0,0,40,0
24,2,10,2,9,0,1,0,0,40,0
40,2,1,2,7,0,1,0,1672,40,0
42,2,13,2,12,0,1,0,0,45,1
38,2,9,4,0,3,1,0,0,30,0
39,1,13,0,0,4,0,0,0,35,0
31,2,9,4,3,3,1,0,0,40,0
33,2,9,2,9,0,1,0,0,48,1
41,4,9,0,2,1,1,0,0,40,0
32,2,9,0,2,1,1,0,0,40,0
46,5,13,2,3,0,1,0,0,40,1
52,4,7,2,2,0,1,0,0,40,0
43,2,12,0,9,1,0,4650,0,40,0
44,2,13,4,0,4,0,0,0,40,0
22,2,10,4,0,1,1,0,0,40,0
32,2,9,2,5,0,1,0,0,45,0
29,2,10,2,9,0,1,0,0,40,0
48,2,9,0,6,4,0,0,0,44,0
90,2,10,4,0,3,0,0,1944,12,0
26,2,13,0,0,4,0,0,0,40,0
57,1,12,2,7,0,1,0,0,20,0
43,2,9,0,13,1,1,0,0,45,0
55,2,10,2,3,5,0,0,0,40,1
37,2,13,4,3,1,1,0,0,48,1
26,2,12,2,11,0,1,0,0,40,0
32,2,10,2,6,0,1,0,0,40,0
23,3,9,4,13,1,1,0,0,50,0
25,2,10,4,7,3,0,0,0,40,0
52,2,12,2,11,0,1,3103,0,48,1
29,2,11,4,2,2,1,0,0,40,0
42,2,9,5,13,2,1,0,0,40,0
34,2,13,2,3,0,1,0,0,50,1
51,2,6,0,2,1,0,0,0,35,0
33,1,14,4,9,1,0,0,0,45,0
34,2,9,2,4,0,1,0,0,50,0
35,2,9,2,6,0,1,0,0,40,0
29,2,9,2,2,0,1,0,0,40,0
30,2,10,0,2,1,1,0,0,40,0
40,2,11,2,2,0,1,0,0,40,0
52,2,9,2,0,2,0,0,0,40,0
31,2,13,2,0,0,1,7298,0,50,1
47,2,10,2,9,0,1,0,0,40,1
46,2,9,2,11,0,1,0,0,45,0
37,2,13,2,9,5,0,0,0,16,1
29,2,6,4,2,1,1,0,0,40,0
32,2,10,4,11,1,1,0,0,50,0
32,0,10,2,12,5,0,0,0,40,0
32,2,14,2,3,0,1,0,0,40,1
51,2,15,2,9,0,1,0,0,50,1
41,2,2,2,7,0,1,0,0,43,0
51,2,9,2,2,0,1,0,1887,40,1
55,5,10,2,0,5,0,0,0,37,0
60,2,13,2,11,0,1,0,0,40,1
28,2,13,2,11,0,1,0,0,40,0
39,2,10,4,13,4,1,0,0,40,0
53,1,10,2,7,0,1,0,0,35,0
42,4,13,2,9,0,1,0,0,21,0
25,2,8,2,2,0,1,0,0,40,1
61,0,15,2,9,0,1,0,0,50,1
27,2,9,4,11,3,1,0,0,40,0
28,2,7,4,2,1,1,0,0,40,0
41,5,9,0,0,4,0,0,0,45,0
25,2,4,0,2,3,1,0,0,45,0
59,2,16,2,9,0,1,0,0,50,1
37,1,10,2,0,0,1,0,0,40,1
71,2,14,4,7,1,0,0,0,20,0
33,2,1,4,4,1,1,0,0,40,0
35,2,9,2,2,0,1,0,0,40,0
41,2,9,2,2,0,1,0,2051,60,0
74,2,10,0,0,1,0,0,0,9,0
29,1,10,2,7,0,1,0,0,40,0
54,1,10,2,13,0,1,0,0,30,0
39,2,13,4,0,1,0,0,0,40,0
21,2,10,4,12,3,1,0,1602,16,0
30,2,13,4,2,3,1,0,0,10,0
53,2,11,4,0,2,0,0,2001,40,0
24,2,10,4,0,4,0,0,0,20,0
25,2,2,2,4,0,1,0,0,96,0
35,2,9,2,12,0,1,7298,0,38,1
68,4,9,2,4,0,1,0,0,45,0
43,2,10,2,6,0,1,0,0,48,1
20,2,9,4,7,2,1,0,0,40,0
31,2,9,4,3,3,1,0,0,40,0
34,4,11,2,4,0,1,0,0,50,0
42,2,10,2,6,5,0,0,0,37,1
53,1,10,2,10,0,1,0,1887,40,1
34,2,9,4,11,1,1,0,0,50,0
50,2,9,0,7,1,0,0,0,40,0
27,0,10,2,2,0,1,0,0,50,0
27,2,10,4,3,1,1,0,0,45,0
37,2,9,2,13,0,1,0,0,42,0
53,1,9,2,7,0,1,0,2002,45,0
41,2,10,0,2,1,1,0,0,46,1
73,2,4,6,8,4,0,1264,0,10,0
53,2,10,2,2,0,1,0,0,40,0
45,1,9,2,13,0,1,0,0,40,1
52,2,9,2,5,0,1,0,0,40,1
25,2,9,4,7,1,0,0,0,35,0
55,1,9,2,9,2,0,0,2246,40,1
51,2,10,0,3,1,0,0,0,50,1
27,2,10,4,2,3,1,0,0,40,0
51,2,11,2,11,0,1,0,0,40,1
21,2,9,4,7,1,0,0,0,40,0
27,2,15,2,0,0,1,0,0,40,0
64,5,6,2,3,0,1,0,0,40,1
37,2,11,2,13,0,1,15024,0,50,1
33,2,7,2,5,0,1,0,0,40,0
28,2,12,4,0,3,1,0,0,40,0
24,2,9,4,0,3,0,0,0,40,0
24,2,11,4,0,3,0,0,0,40,0
40,2,5,2,6,0,1,0,0,40,0
29,2,10,4,2,3,1,0,0,45,0
45,2,14,2,3,0,1,0,0,50,1
26,2,10,2,11,0,1,0,0,40,0
30,2,9,2,3,0,1,0,0,65,1
25,2,5,4,13,2,1,0,0,40,0
71,4,6,2,2,0,1,0,0,8,0
17,2,6,4,5,2,1,0,0,10,0
34,2,9,0,7,1,0,0,0,38,0
30,1,10,4,13,4,0,0,0,40,0
21,2,10,4,7,3,1,0,0,40,0
44,4,9,2,2,0,1,0,0,35,0
20,2,9,4,11,3,0,0,0,30,0
35,2,9,4,7,1,0,0,0,40,0
44,2,13,0,3,4,0,4934,0,45,1
45,0,16,2,9,0,1,0,0,40,1
19,2,9,4,7,3,0,0,0,40,0
54,2,9,6,7,4,0,0,0,40,0
39,2,9,2,3,0,1,0,0,55,0
42,2,13,2,9,0,1,0,0,40,0
45,2,11,0,3,1,1,0,0,60,0
36,2,9,2,2,0,1,7298,0,40,1
55,4,11,2,7,5,0,0,0,42,0
37,2,10,2,6,0,1,0,0,40,1
36,2,10,2,2,0,1,0,0,40,0
25,2,10,4,7,3,1,0,0,42,0
51,2,13,0,11,1,0,0,0,60,0
40,3,10,2,3,0,1,0,0,50,0
28,2,14,0,11,3,0,0,0,40,0
49,0,10,4,0,4,0,0,0,40,0
56,5,12,0,0,1,0,0,0,30,0
23,2,13,4,5,3,1,0,0,40,0
56,5,16,2,13,0,1,0,0,56,0
26,2,9,4,13,3,1,0,0,45,0
25,5,10,2,10,0,1,0,0,40,0
24,2,11,4,6,3,1,0,0,35,0
42,2,9,0,3,4,0,0,0,45,0
51,2,10,0,7,4,0,0,0,56,0
29,2,7,4,6,3,1,0,0,48,0
19,2,9,4,5,3,1,0,0,15,0
18,2,6,4,7,3,1,0,0,10,0
48,2,13,2,3,0,1,0,0,60,1
55,4,9,6,11,1,1,0,0,40,0
47,2,10,2,2,0,1,0,0,40,0
56,2,9,4,0,3,0,0,0,35,0
65,3,13,2,3,0,1,0,0,40,1
31,2,11,2,3,5,0,0,0,43,0
44,1,8,2,7,2,0,0,0,35,0
23,2,10,4,5,2,0,0,0,18,0
37,2,9,2,6,0,1,0,1848,48,1
44,1,13,0,10,1,1,0,0,40,0
28,2,13,4,5,3,1,0,0,40,0
41,2,10,2,11,0,1,0,0,43,0
17,4,8,4,11,3,1,0,0,45,0
38,1,13,2,3,0,1,0,0,40,1
45,3,13,2,7,2,0,0,0,35,0
31,2,9,2,11,0,1,0,0,50,1
43,2,10,2,6,0,1,0,0,40,0
28,2,11,0,9,4,0,0,1726,40,0
48,2,7,2,4,0,1,0,0,50,0
43,2,9,0,2,4,1,0,0,40,0
49,2,10,0,7,4,0,0,0,40,0
23,0,9,4,1,1,1,0,0,8,0
52,2,9,3,4,2,1,0,0,20,0
38,2,9,2,11,0,1,0,0,55,1
49,5,6,2,7,0,1,0,0,40,0
70,4,13,6,9,1,0,0,0,30,0
44,2,14,4,3,1,1,14084,0,56,1
59,1,14,0,9,4,0,8614,0,60,1
25,2,9,4,7,3,0,0,0,25,0
25,2,10,4,5,3,1,0,0,40,0
45,4,10,2,11,0,1,0,0,60,1
26,2,9,4,3,3,0,0,0,40,0
65,2,5,2,10,0,1,0,0,16,0
43,2,7,0,4,1,1,0,0,80,0
42,2,9,2,2,0,1,0,0,40,0
23,5,13,4,0,1,0,0,0,12,0
38,2,10,4,7,3,1,0,0,40,0
21,2,10,4,11,3,0,0,0,20,0
18,2,7,4,9,3,1,0,0,5,0
56,4,9,2,2,0,1,0,0,55,0
38,2,10,4,0,3,0,0,0,40,0
32,2,10,4,7,1,1,0,0,35,0
50,2,9,2,4,0,1,0,0,35,0
23,2,10,4,7,1,0,0,0,35,0
35,2,13,2,3,0,1,15024,0,45,1
25,2,10,4,12,1,0,0,0,40,0
26,2,9,2,6,0,1,0,0,96,0
43,2,9,4,6,4,0,0,0,40,0
40,2,9,2,13,0,1,0,0,35,0
43,2,13,0,9,4,0,0,0,43,1
29,2,8,4,12,1,1,0,0,40,0
29,5,13,2,9,0,1,0,0,40,1
34,2,9,0,0,4,0,0,0,40,0
27,2,13,4,3,1,1,0,0,45,0
54,2,9,6,5,4,0,0,0,40,0
45,2,3,3,7,1,1,0,0,40,0
40,5,10,0,0,4,0,0,0,35,0
53,2,10,2,9,5,0,0,0,24,0
31,2,10,2,11,0,1,0,0,40,0
55,2,3,4,13,1,1,0,0,40,0
48,2,9,2,2,0,1,0,0,40,0
56,2,9,2,12,0,1,0,0,40,0
39,3,9,2,3,0,1,0,0,60,1
42,4,9,5,7,1,0,0,0,22,0
40,1,13,4,9,1,1,0,0,50,1
60,2,14,2,3,0,1,0,0,60,1
33,2,9,0,0,4,0,0,0,40,0
43,2,10,3,7,1,0,0,0,40,0
34,4,9,2,11,0,1,0,0,60,0
46,2,11,2,9,0,1,0,0,40,1
47,2,13,4,11,1,1,0,0,60,1
41,2,13,0,0,4,0,0,0,40,0
31,2,9,2,2,0,1,7298,0,40,1
20,2,10,4,12,3,1,0,0,15,0
35,2,9,2,13,5,0,0,0,40,0
62,2,9,2,6,0,1,0,0,40,0
35,1,8,2,4,0,1,0,0,40,0
45,2,9,2,11,0,1,15024,0,50,1
40,4,13,2,0,0,1,0,0,40,0
22,2,9,4,6,2,1,0,0,55,0
36,2,4,0,11,1,0,0,0,35,0
41,0,14,2,2,0,1,0,0,60,1
32,2,8,2,2,2,1,0,0,40,0
24,2,5,4,11,3,1,0,0,48,0
65,2,14,4,9,1,1,0,0,60,0
19,2,8,4,7,3,1,0,0,16,0
60,2,9,2,3,0,1,99999,0,40,1
26,2,9,4,7,1,0,0,1762,40,0
32,2,9,4,0,4,0,2977,0,35,0
45,4,13,2,4,0,1,0,0,60,0
33,4,13,0,11,1,1,0,0,50,1
49,2,13,4,9,1,0,0,0,40,0
49,2,13,4,3,1,0,0,0,56,1
31,2,9,4,7,3,0,0,0,38,0
32,2,12,2,6,0,1,0,0,62,0
24,2,13,4,0,1,0,0,0,40,0
39,2,9,0,11,1,0,0,0,40,0
60,2,13,2,9,0,1,4386,0,84,1
32,2,13,4,9,1,1,0,0,40,1
30,2,11,2,3,5,0,0,0,34,1
48,2,10,0,9,1,0,0,0,50,0
27,2,9,5,11,3,1,0,0,40,0
19,2,9,4,6,1,1,0,0,40,0
26,2,13,6,3,1,0,0,0,55,0
40,2,10,2,2,0,1,0,0,40,1
34,1,12,2,9,0,1,0,0,60,0
30,2,11,4,9,1,1,0,0,40,0
46,2,13,0,9,1,0,0,0,40,0
48,2,16,2,9,0,1,0,0,40,1
20,2,10,4,0,3,1,0,0,26,0
43,2,7,4,7,1,1,0,0,40,0
43,2,10,2,3,0,1,0,1902,40,1
25,2,9,4,0,4,1,0,0,40,0
58,4,9,2,11,0,1,0,0,40,1
22,2,10,4,7,1,1,0,0,40,0
36,0,10,4,3,1,1,13550,0,40,1
17,4,6,4,0,3,1,0,0,10,0
32,2,15,2,9,0,1,0,0,40,1
51,2,9,2,3,5,0,0,0,60,0
49,2,9,6,7,1,0,0,0,45,0
33,2,13,2,11,0,1,0,0,55,0
51,2,9,2,6,0,1,0,0,40,1
58,2,9,2,6,0,1,0,0,40,0
38,2,9,4,6,1,1,0,0,40,0
21,4,10,4,12,1,1,0,0,25,0
25,2,13,4,11,1,0,0,0,45,0
21,5,9,4,2,3,1,0,0,12,0
47,2,9,2,11,0,1,0,0,55,1
44,2,14,4,9,1,0,0,0,40,0
20,2,8,4,0,3,0,0,0,40,0
49,1,13,0,9,4,0,0,0,50,0
24,2,10,2,5,0,1,0,0,40,0
22,4,9,4,4,3,1,0,0,40,0
23,2,9,0,2,1,1,0,0,60,0
32,2,9,2,2,0,1,0,1579,36,0
42,3,9,2,3,0,1,0,0,40,0
34,2,10,4,7,1,1,0,0,40,0
22,2,10,4,5,1,1,0,0,40,0
35,2,9,2,6,0,1,0,0,40,0
40,2,9,5,5,4,1,0,0,45,0
77,2,9,6,3,1,0,0,0,40,1
35,4,14,2,3,0,1,7688,0,55,1
57,4,12,2,7,0,1,0,0,40,0
40,2,9,2,2,0,1,0,0,40,0
20,2,9,4,0,3,0,0,0,10,0
38,2,13,0,8,4,0,0,0,24,0
46,2,9,0,7,1,1,0,0,40,0
21,0,9,4,0,3,1,0,0,36,0
51,2,10,2,9,0,1,0,0,40,1
21,2,11,4,3,3,1,0,0,40,0
49,2,9,2,6,0,1,0,0,40,0
40,2,10,0,2,1,1,0,0,40,0
70,4,10,2,2,0,1,0,0,25,0
29,5,14,2,9,5,0,0,0,45,1
37,1,9,5,0,4,0,0,0,40,0
38,2,10,2,2,0,1,0,2042,40,0
38,0,9,2,6,0,1,0,0,56,0
42,2,13,3,12,3,0,0,0,40,0
43,2,14,4,9,1,1,0,0,40,1
33,2,13,2,3,0,1,15024,0,55,1
45,4,9,2,11,0,1,15024,0,80,1
17,2,7,4,5,3,1,0,0,16,0
33,2,9,4,5,3,1,0,0,40,0
28,2,10,4,6,3,1,0,0,60,0
20,2,9,2,5,0,1,0,0,40,0
32,2,9,0,0,1,0,0,0,38,1
26,2,10,4,3,4,0,0,0,40,0
24,2,12,4,9,3,1,0,0,20,0
20,2,10,4,3,2,1,0,2001,40,0
57,0,10,0,7,1,1,0,0,40,0
37,4,9,2,9,0,1,3137,0,30,0
43,2,10,2,13,0,1,0,0,40,0
43,2,11,2,2,0,1,0,0,50,1
47,0,10,2,2,0,1,0,1887,40,1
24,2,9,4,7,3,1,0,0,40,0
31,1,13,2,10,0,1,0,0,50,1
48,2,9,6,6,1,0,0,0,48,0
41,2,9,2,3,0,1,0,1485,40,1
39,2,7,2,9,0,1,0,0,60,0
43,2,13,0,9,1,1,0,0,40,0
55,3,13,2,11,0,1,99999,0,60,1
59,2,10,2,3,0,1,0,0,40,1
31,2,9,5,7,1,1,0,0,40,0
37,2,10,0,2,1,1,0,0,40,0
22,2,9,2,13,0,1,0,0,50,0
36,2,10,2,2,0,1,0,0,52,0
27,2,5,4,7,3,1,0,0,50,0
45,2,10,2,7,0,1,15024,0,44,1
36,2,9,2,6,0,1,0,0,38,0
22,2,10,4,11,1,0,0,0,40,0
19,2,9,4,2,1,1,0,0,45,0
46,4,9,6,7,2,0,0,0,40,0
42,4,15,2,9,0,1,0,0,38,1
32,2,11,4,9,1,0,0,0,38,0
28,5,10,0,0,1,0,0,0,40,0
53,2,9,2,11,0,1,0,0,40,1
61,2,6,0,0,1,0,0,0,36,0
60,4,9,2,13,0,1,3103,0,60,1
33,2,6,4,6,1,0,0,0,45,0
60,4,7,2,4,0,1,0,0,50,0
36,2,9,2,6,0,1,0,0,45,0
28,2,11,2,6,0,1,0,0,40,1
25,2,13,2,9,0,1,0,0,40,0
35,2,10,0,6,1,0,0,0,40,0
20,1,9,4,0,1,0,0,0,30,0
56,0,14,2,3,0,1,0,0,40,1
27,2,7,5,11,1,1,0,0,40,0
80,4,9,2,7,0,1,0,0,30,0
41,2,10,0,0,4,0,0,0,40,0
33,2,9,0,11,1,1,0,0,50,0
60,2,10,3,6,1,1,0,0,50,1
47,2,3,4,8,3,0,0,0,40,0
31,2,9,2,5,0,1,0,0,40,0
30,0,13,4,9,1,1,0,1876,40,0
22,2,10,4,5,3,1,0,0,32,0
24,2,10,4,3,3,1,0,0,40,0
33,1,11,2,12,0,1,0,0,40,0
41,4,9,2,3,0,1,0,0,50,0
21,2,10,4,7,3,0,0,0,40,0
39,2,10,2,11,5,0,0,0,21,0
50,1,14,2,9,0,1,0,0,40,0
37,2,13,2,0,0,1,0,0,50,1
33,5,10,0,7,4,0,0,0,99,1
37,2,13,2,9,0,1,7688,0,50,1
38,4,9,3,4,4,1,0,0,60,0
21,2,10,4,7,3,0,0,0,16,0
52,2,6,2,2,0,1,0,0,40,0
61,5,14,2,3,0,1,0,0,40,1
50,4,10,2,7,0,1,0,0,25,1
46,2,9,4,12,2,1,0,0,40,0
48,4,16,2,9,0,1,0,1902,60,1
27,1,11,4,10,1,1,0,0,56,0
38,1,10,2,0,5,0,0,0,40,0
47,5,10,0,2,4,1,0,0,40,0
22,2,9,4,5,1,1,0,0,40,0
30,2,5,2,2,0,1,0,0,40,0
25,2,13,2,3,0,1,0,0,40,0
50,3,10,2,11,0,1,0,1485,40,0
28,2,13,4,9,1,1,0,0,50,0
19,2,7,4,4,3,1,0,0,24,0
20,2,7,4,7,3,0,0,0,40,0
25,2,9,0,11,4,0,0,0,37,0
26,2,10,4,6,1,1,0,0,40,0
22,2,10,4,9,1,0,0,0,35,0
36,4,10,2,11,0,1,5178,0,50,1
34,2,9,4,6,3,1,0,0,40,0
40,2,9,0,6,3,1,0,0,40,0
38,3,16,2,9,0,1,0,0,50,1
38,5,6,5,0,4,0,0,0,40,0
25,3,9,2,3,0,1,0,0,40,0
48,2,9,2,2,0,1,0,0,40,0
35,2,10,4,13,1,1,0,0,40,0
28,2,3,2,6,0,1,0,0,40,0
41,2,9,2,2,0,1,0,0,40,1
51,2,9,0,0,1,0,0,0,38,0
67,4,13,6,11,1,1,0,0,30,0
71,3,7,0,6,4,1,0,0,40,0
71,2,9,6,9,1,0,0,0,40,0
28,2,9,2,13,0,1,0,0,40,0
22,2,13,4,0,3,0,0,0,40,0
28,2,4,5,5,1,1,0,0,40,0
58,2,4,2,4,0,1,0,0,50,0
40,2,13,2,3,0,1,0,0,44,1
63,2,12,2,3,0,1,0,0,40,1
17,2,6,4,7,2,1,0,0,40,0
18,2,7,4,11,3,0,0,0,10,0
48,2,9,4,7,3,0,0,0,42,0
47,2,13,2,11,0,1,0,0,60,0
45,2,10,0,8,1,0,0,0,29,0
41,4,11,2,7,5,0,3103,0,40,1
40,4,12,4,9,3,0,0,0,2,0
32,4,13,0,2,4,1,0,0,47,0
29,2,7,2,2,0,1,0,0,44,0
39,4,10,5,2,1,1,0,0,60,1
46,4,6,5,3,4,0,0,0,15,0
41,2,15,2,9,0,1,0,0,80,1
46,2,9,0,11,1,0,0,0,40,0
66,4,9,6,11,1,1,0,0,40,0
63,2,10,2,9,0,1,0,0,50,0
41,2,13,2,3,0,1,0,1887,50,1
69,2,6,4,2,2,1,0,0,40,0
19,2,10,4,4,2,1,0,0,8,0
31,2,13,2,3,0,1,0,1887,40,1
48,1,14,0,3,4,0,9562,0,40,1
36,4,9,2,11,5,0,7688,0,40,1
36,2,13,4,9,1,0,0,0,32,0
42,2,13,2,3,0,1,0,0,40,0
49,2,13,0,12,4,0,0,0,35,0
23,2,10,4,0,3,1,0,0,20,0
38,2,13,0,0,4,0,0,213,40,0
28,2,10,0,6,4,0,0,0,25,0
39,2,9,2,2,0,1,7298,0,40,1
19,2,9,4,11,1,1,0,0,35,0
44,0,11,2,2,0,1,0,0,40,1
25,2,10,4,7,3,1,0,0,30,0
26,2,14,4,9,1,0,0,0,40,0
73,4,9,4,7,1,0,0,0,36,0
57,4,13,2,3,0,1,0,0,50,0
32,2,7,4,7,4,0,0,0,40,0
31,2,9,2,0,5,0,0,0,35,0
34,2,9,4,11,3,0,0,0,40,0
48,2,9,2,2,0,1,0,0,55,0
34,1,13,2,9,5,0,0,0,50,0
38,2,9,2,5,0,1,0,2042,40,0
51,1,9,3,5,4,1,0,0,40,0
41,4,14,2,3,5,0,99999,0,50,1
36,2,13,2,3,0,1,5013,0,50,0
21,2,10,4,11,3,0,0,0,30,0
41,2,9,2,3,0,1,0,0,40,1
25,2,9,4,7,1,0,0,0,35,0
27,2,11,5,0,3,0,0,0,40,0
49,2,13,2,11,0,1,0,0,26,1
41,2,9,0,0,4,0,0,0,40,0
56,1,8,4,5,1,1,0,0,40,0
24,5,14,3,9,1,0,0,0,10,0
27,5,10,4,2,2,1,0,0,40,0
26,2,13,4,3,1,0,0,0,50,0
35,0,9,0,3,4,0,0,0,40,0
45,2,9,0,4,4,0,0,0,39,0
37,2,9,2,3,0,1,0,0,40,0
21,2,9,4,4,3,1,0,0,24,0
24,2,7,5,5,2,0,0,0,40,0
44,2,15,2,9,0,1,0,0,50,1
38,1,10,2,3,0,1,0,0,40,0
27,2,10,2,0,5,0,0,0,55,0
29,2,4,2,7,5,0,0,0,40,0
47,1,13,2,9,5,0,0,0,45,0
41,2,13,2,9,0,1,0,1977,45,1
25,2,9,4,2,2,1,0,0,40,0
31,2,9,4,7,3,1,0,0,24,0
25,2,10,4,11,3,1,0,0,20,0
21,2,9,4,2,1,1,0,1504,40,0
36,2,10,0,2,1,1,0,0,40,0
42,1,10,0,12,1,0,3325,0,40,0
41,3,9,2,11,0,1,0,1887,55,1
34,2,7,2,6,3,1,0,0,40,0
52,2,10,2,9,0,1,0,0,45,1
23,2,11,4,11,4,0,0,0,60,0
29,2,13,4,3,1,1,0,0,50,1
59,2,6,2,13,0,1,0,0,40,0
44,2,10,2,5,0,1,0,0,40,0
24,2,10,4,0,1,0,0,0,40,0
50,2,5,2,6,0,1,0,0,48,0
17,2,7,4,11,3,0,0,0,15,0
41,2,14,2,9,0,1,15024,0,40,1
40,2,9,4,7,1,0,0,0,35,0
54,1,10,2,3,5,0,0,0,40,1
36,4,15,2,2,0,1,0,0,60,0
34,2,5,4,11,4,0,0,0,35,0
42,5,10,5,12,4,0,0,0,40,0
21,2,9,4,7,1,1,0,0,35,0
42,2,11,0,9,1,0,0,0,40,0
71,2,13,0,12,3,0,2329,0,16,0
42,2,10,0,9,4,0,0,0,20,0
39,2,13,2,3,0,1,0,0,40,0
46,2,9,0,3,1,1,0,0,44,0
54,5,9,5,0,4,0,3887,0,35,0
23,2,10,0,8,1,0,0,0,26,0
25,2,9,4,11,3,1,0,0,40,0
32,2,9,4,5,1,1,0,0,40,0
23,2,9,4,3,3,1,0,0,40,0
57,0,13,2,3,5,0,0,0,40,1
23,2,10,4,2,1,1,0,0,40,0
70,3,9,2,3,0,1,0,0,16,0
43,2,9,2,3,0,1,0,0,45,1
27,2,13,5,9,1,1,0,0,40,1
37,2,9,2,13,0,1,0,0,50,0
37,2,7,2,2,0,1,0,0,25,0
52,5,10,2,3,0,1,0,0,60,1
37,0,10,2,9,0,1,0,0,40,1
35,2,9,2,3,5,0,0,0,45,0
40,2,10,4,2,1,1,0,0,40,0
25,2,11,4,4,1,1,0,0,20,0
58,4,9,6,4,1,1,0,0,80,0
46,2,11,2,2,0,1,0,0,50,0
44,2,9,0,2,1,1,0,0,40,0
42,0,14,2,0,5,0,0,1902,40,1
55,2,9,0,13,1,1,0,0,40,0
38,2,10,0,2,3,1,0,0,58,0
18,2,10,4,7,3,1,0,0,30,0
43,4,13,4,11,1,1,0,0,42,0
39,2,9,2,2,0,1,0,0,40,0
44,2,9,2,2,0,1,0,0,41,0
35,2,9,2,4,0,1,0,1672,40,0
67,4,15,2,9,0,1,20051,0,25,1
43,2,14,2,3,0,1,0,0,45,1
30,2,13,4,7,3,0,0,0,24,0
31,2,9,2,2,5,0,0,0,45,0
45,1,14,4,9,1,0,0,0,45,0
51,2,9,2,2,0,1,7298,0,50,1
46,4,9,2,3,0,1,0,0,40,0
35,2,9,0,3,1,1,0,0,60,0
33,2,10,4,3,3,0,0,0,40,0
22,2,9,4,6,2,1,0,0,35,0
28,2,9,4,13,3,1,0,0,40,0
52,5,13,6,3,4,0,0,0,55,0
45,2,10,2,13,0,1,0,0,70,0
49,4,13,2,11,0,1,0,1977,60,1
54,4,3,2,4,0,1,0,0,55,0
20,2,6,4,2,3,1,0,0,40,0
37,2,14,4,9,4,1,0,0,40,0
21,5,10,4,3,3,0,0,0,20,0
25,2,9,2,0,5,0,0,0,40,0
25,2,12,4,2,1,1,0,0,45,0
22,2,9,4,2,3,1,0,0,55,0
24,2,9,4,2,1,1,0,0,40,0
35,2,9,0,7,1,0,0,0,35,0
32,2,13,2,9,0,1,7298,0,50,1
42,3,13,2,3,0,1,0,0,60,1
27,2,13,4,3,1,0,0,0,40,0
27,2,13,4,3,1,0,0,0,30,0
46,2,14,6,9,1,0,0,0,44,0
57,0,13,2,9,0,1,0,0,40,1
26,2,10,4,11,1,0,0,0,40,0
44,2,13,0,6,4,0,0,0,56,0
36,2,11,0,0,4,0,0,0,54,0
22,2,9,4,2,3,1,0,0,40,0
45,2,11,2,2,0,1,15024,0,40,1
24,2,10,4,6,1,0,0,0,24,0
35,2,7,4,11,1,1,0,0,45,0
52,4,9,2,2,0,1,0,0,50,1
43,3,10,2,6,0,1,0,0,50,0
58,5,14,2,9,0,1,0,1977,50,1
44,2,14,2,3,0,1,0,0,40,1
30,5,9,2,0,0,1,0,0,40,0
60,1,11,2,3,0,1,0,0,60,1
20,2,10,4,4,1,1,0,0,72,0
37,5,12,0,10,1,1,0,0,38,0
33,2,13,2,3,0,1,0,0,50,0
59,2,9,2,5,0,1,0,0,45,0
21,2,10,4,11,3,1,0,0,8,0
31,2,4,4,5,2,1,0,0,25,0
30,2,9,2,2,0,1,0,0,50,0
29,2,11,4,12,1,1,0,0,40,0
23,2,13,4,12,1,1,0,0,40,0
41,5,12,0,9,4,0,0,0,36,0
37,2,9,2,11,0,1,0,1740,40,0
37,2,9,4,12,1,0,14084,0,35,1
22,2,10,4,13,1,0,0,0,24,0
43,2,10,2,2,0,1,5178,0,40,1
44,2,12,0,9,1,0,0,0,43,0
23,2,9,4,2,3,1,0,0,40,0
31,5,10,0,10,1,1,0,0,40,1
29,2,13,4,2,1,1,0,0,40,0
51,4,10,0,0,1,1,0,0,40,0
24,2,9,4,7,2,1,0,0,30,0
49,2,7,2,13,0,1,0,0,40,0
28,2,2,2,6,0,1,0,0,43,0
42,2,5,2,13,0,1,0,0,40,0
48,2,10,2,11,0,1,0,0,40,1
25,2,9,4,0,4,0,0,0,40,0
18,2,7,4,7,3,0,0,0,30,0
22,2,9,4,11,1,1,0,0,40,0
33,2,9,4,11,3,0,0,0,40,0
32,2,9,4,7,4,0,0,0,13,0
39,2,12,0,7,4,0,0,0,40,0
49,1,13,0,9,4,0,0,0,40,1
44,2,10,0,3,4,1,0,0,47,0
32,2,14,4,9,1,0,0,0,20,0
68,1,11,2,3,0,1,0,0,24,0
43,2,3,0,8,4,0,0,0,40,0
27,2,10,2,6,0,1,0,0,40,0
49,2,9,2,3,0,1,0,0,40,0
43,2,13,4,11,1,1,0,0,50,0
59,3,15,0,9,1,1,13550,0,40,1
63,2,9,0,11,1,0,0,0,40,0
30,5,10,4,0,1,0,0,0,40,0
35,2,9,3,13,2,0,0,0,40,0
36,0,9,4,0,3,0,0,0,36,0
49,2,9,2,11,0,1,5013,0,40,0
21,2,9,4,0,1,0,0,0,30,0
48,2,14,4,9,1,1,0,0,60,0
19,2,10,4,11,3,0,0,0,22,0
43,2,10,2,2,0,1,0,1485,50,0
30,2,7,4,7,3,0,0,0,19,0
32,2,9,0,6,1,0,0,0,40,0
42,2,9,2,2,0,1,0,0,40,0
61,2,9,2,3,0,1,0,0,50,1
33,2,9,0,2,1,1,0,2258,84,0
25,2,8,4,7,1,1,0,0,40,0
58,4,11,2,2,0,1,0,0,42,0
56,2,9,6,7,4,0,0,0,40,0
50,4,10,2,4,0,1,7688,0,40,1
56,2,9,2,2,0,1,0,0,40,0
32,1,10,2,10,0,1,0,0,99,0
17,2,9,4,11,3,0,0,0,20,0
18,2,9,4,5,3,1,0,0,20,0
39,2,9,2,11,0,1,0,0,50,1
45,2,13,2,3,0,1,0,0,50,1
22,2,12,4,0,2,0,0,0,37,0
25,2,9,5,2,1,1,0,0,40,0
45,1,13,0,9,4,0,4934,0,50,1
55,2,13,2,3,0,1,0,0,50,1
54,1,14,2,9,0,1,7688,0,40,1
65,2,13,6,7,1,0,0,0,40,0
54,2,10,0,13,1,1,0,0,55,0
19,5,9,4,0,3,0,0,0,40,0
44,1,10,2,5,0,1,0,0,40,0
46,2,9,5,13,1,1,0,0,40,0
41,3,15,2,9,0,1,0,0,60,1
55,2,7,2,7,0,1,0,0,30,0
43,4,13,2,3,0,1,0,0,50,0
35,2,10,0,9,1,0,0,0,40,0
35,2,13,2,11,0,1,0,0,40,1
22,2,9,4,6,1,1,0,0,30,0
17,4,6,4,4,3,1,0,0,35,0
33,2,3,2,7,0,1,0,0,59,0
18,2,7,4,6,3,1,0,0,55,0
26,2,9,2,13,0,1,0,0,40,0
42,2,10,0,3,1,0,0,0,40,0
23,2,13,2,9,0,1,2407,0,6,0
27,2,10,4,0,3,0,0,0,40,0
24,2,10,4,6,3,1,0,0,14,0
35,2,10,0,3,1,0,0,0,40,0
48,2,10,6,0,4,0,0,0,40,1
39,2,10,0,13,1,1,0,0,65,0
20,2,7,2,4,3,1,0,0,40,0
38,2,10,2,9,0,1,0,0,40,0
29,2,11,4,8,3,0,0,0,40,0
56,2,9,4,7,1,0,0,0,40,0
72,4,15,4,9,1,1,0,1429,20,0
23,2,9,4,11,1,0,0,0,40,0
64,2,13,0,9,1,0,0,0,20,0
49,2,10,2,12,0,1,0,0,40,1
19,2,10,4,6,3,0,0,0,30,0
49,1,3,2,7,0,1,0,0,40,0
35,2,10,2,2,0,1,0,0,45,1
36,0,14,2,9,0,1,0,0,45,1
18,2,9,4,7,3,0,0,0,12,0
39,2,9,2,2,0,1,0,0,40,0
47,1,10,2,3,0,1,0,0,40,0
38,0,9,4,0,1,1,0,0,45,1
49,5,9,2,2,0,1,0,0,40,0
61,2,9,2,6,0,1,0,0,40,0
37,2,9,0,0,4,0,0,0,37,0
43,2,10,2,10,0,1,0,0,32,0
32,2,10,2,13,0,1,0,0,50,0
42,4,10,2,2,0,1,0,0,52,0
20,2,9,2,11,0,1,0,0,40,0
61,4,15,4,9,1,0,0,0,30,0
22,2,10,4,11,1,1,0,0,30,0
36,2,9,2,2,0,1,0,0,40,0
26,2,9,4,6,4,0,0,0,40,0
69,5,15,2,0,0,1,0,0,34,1
29,2,2,4,7,1,1,0,0,20,0
41,1,10,0,7,1,0,0,0,24,0
47,3,13,4,11,3,1,0,0,40,1
39,5,13,4,9,1,1,0,0,35,0
22,5,10,4,13,3,1,0,0,25,0
57,2,9,0,11,1,0,0,0,26,0
25,2,10,4,12,3,1,0,0,15,0
55,3,9,0,11,4,0,0,0,50,1
22,2,10,4,9,1,1,0,0,12,0
32,2,9,4,11,1,0,0,0,50,0
31,2,10,0,11,3,0,0,0,35,0
26,2,3,2,4,0,1,0,0,30,0
42,4,4,2,7,5,0,0,0,50,0
35,2,9,2,2,0,1,0,0,48,0
20,2,9,2,12,2,1,0,0,40,0
28,2,9,2,13,0,1,0,0,48,0
34,2,9,2,13,0,1,0,2051,55,0
29,1,13,2,9,5,0,0,0,25,1
27,3,10,5,11,3,0,0,0,40,0
28,1,9,4,10,1,1,0,0,40,0
58,5,16,2,9,0,1,7688,0,50,1
30,2,9,5,2,1,1,0,0,50,0
31,1,15,2,9,0,1,0,0,99,0
43,2,7,2,5,5,0,0,0,25,0
17,2,6,4,11,3,0,0,0,10,0
45,2,7,5,12,4,0,0,0,40,0
32,2,13,4,3,2,1,0,2444,50,1
43,1,10,2,10,0,1,0,1887,40,1
29,2,9,2,2,0,1,7298,0,40,1
53,1,13,2,10,0,1,0,0,50,0
27,2,10,0,2,4,0,0,0,40,0
23,2,6,4,2,3,1,0,0,44,0
28,2,6,2,5,0,1,0,0,30,0
21,2,9,4,0,3,0,0,0,45,0
23,2,11,2,2,0,1,0,0,40,0
33,2,9,2,3,5,0,0,0,40,0
24,3,13,4,0,3,1,0,0,20,0
31,2,10,2,2,0,1,0,0,40,0
65,2,13,0,9,1,1,6723,0,40,0
32,2,13,4,11,1,1,0,0,45,0
33,2,12,3,9,3,0,0,0,40,0
77,2,6,2,7,0,1,3818,0,30,0
45,2,10,2,5,0,1,0,0,40,1
35,2,7,4,6,1,1,0,0,50,0
65,2,14,2,9,0,1,5556,0,50,1
51,2,5,0,13,3,1,0,0,40,0
37,2,9,2,2,0,1,0,0,50,1
19,2,10,4,11,3,0,0,0,25,0
62,2,9,2,5,0,1,0,0,25,0
39,2,9,2,9,0,1,0,0,50,1
23,2,13,4,0,1,1,0,0,40,0
58,4,9,0,6,4,1,0,0,20,0
42,2,9,4,0,2,0,0,2339,40,0
61,4,16,2,9,0,1,0,0,55,1
22,5,10,4,0,1,1,0,0,20,0
27,2,8,4,6,3,1,0,0,50,0
49,2,9,0,12,4,1,0,0,40,0
44,1,9,0,13,3,1,0,0,25,0
22,2,9,4,6,1,0,0,0,48,0
22,2,10,4,11,3,0,0,0,40,0
35,2,11,3,9,4,0,0,0,44,0
46,2,9,2,2,0,1,7298,0,40,1
49,3,13,2,3,0,1,0,0,50,1
21,2,10,4,11,4,1,0,0,40,0
33,2,13,2,0,0,1,0,0,60,0
39,2,10,2,2,0,1,0,0,50,0
37,2,9,5,3,3,1,0,0,40,0
24,2,9,4,6,1,1,0,0,40,0
34,2,13,2,3,0,1,0,0,45,1
39,2,9,4,2,1,1,0,0,54,0
54,2,10,2,11,0,1,3137,0,50,0
72,6,9,2,7,0,1,0,0,55,0
38,2,10,2,7,0,1,0,0,40,0
39,5,13,4,3,1,0,0,0,40,0
28,2,9,5,8,3,0,0,0,40,0
24,2,10,4,5,3,1,0,0,45,0
49,4,15,2,9,0,1,0,0,85,1
24,2,9,2,6,5,0,0,0,24,0
30,2,9,4,6,1,1,0,0,40,0
36,2,11,2,12,0,1,0,0,50,0
19,2,4,4,2,3,1,0,0,40,0
42,2,7,4,6,1,0,0,0,40,0
46,2,12,2,0,5,0,0,0,56,0
28,2,9,2,3,0,1,0,0,40,1
36,2,9,0,6,4,0,0,0,40,0
56,2,9,6,2,4,1,0,0,40,0
35,4,10,2,2,0,1,0,0,60,0
40,2,14,2,9,0,1,0,0,60,0
50,1,10,2,10,0,1,7298,0,56,1
47,0,13,2,0,0,1,0,0,48,1
50,5,9,2,13,0,1,0,0,40,0
67,1,14,0,0,1,0,2009,0,40,0
52,2,9,0,2,2,1,0,0,55,1
28,2,9,2,6,3,1,0,0,40,0
59,1,13,2,9,0,1,0,0,50,1
33,2,9,2,2,0,1,0,0,50,0
33,5,10,4,7,3,1,0,0,40,0
35,2,10,2,2,0,1,0,0,40,0
27,1,9,4,10,3,1,0,0,38,0
65,3,13,2,3,0,1,9386,0,35,1
23,2,10,4,4,3,1,0,0,40,0
25,2,12,2,5,0,1,0,0,40,0
41,2,9,2,7,0,1,0,0,45,0
67,2,10,2,13,0,1,10605,0,10,1
32,2,9,0,2,3,1,0,0,40,0
50,2,14,2,11,0,1,0,0,40,0
27,2,14,4,9,1,1,0,0,45,0
20,2,10,4,11,3,1,0,0,8,0
31,5,9,0,0,1,1,0,0,40,0
45,3,13,2,3,0,1,0,0,45,1
61,2,6,2,13,0,1,0,0,40,0
61,2,9,2,10,0,1,0,0,40,0
30,2,13,4,2,1,1,0,0,70,0
34,2,9,2,3,0,1,0,0,45,1
58,2,8,2,7,5,0,0,0,24,0
28,1,9,5,13,3,1,0,0,45,0
36,2,11,2,0,5,0,0,0,40,0
22,2,10,2,5,0,1,0,0,28,0
33,4,7,4,4,4,1,0,0,40,0
36,2,10,2,3,0,1,0,0,50,1
28,2,13,2,9,0,1,0,1887,40,1
47,2,7,2,6,5,0,0,0,40,0
47,4,9,4,13,3,1,0,0,60,0
32,2,9,4,2,1,1,0,0,40,0
49,3,10,2,3,0,1,0,0,45,0
23,2,10,4,0,4,0,0,0,40,0
35,2,10,4,2,1,1,0,0,40,0
45,2,9,0,0,1,0,0,1590,40,0
55,2,10,0,0,1,0,0,0,38,0
30,2,10,2,2,0,1,0,0,40,0
34,4,13,2,11,0,1,0,0,55,0
38,2,14,2,9,0,1,0,0,40,0
60,2,9,2,2,0,1,15024,0,40,1
35,2,9,2,9,0,1,0,0,40,0
40,2,10,0,6,3,1,0,0,32,0
25,2,14,2,9,0,1,0,0,40,0
28,2,13,4,2,3,1,0,0,40,0
34,4,7,2,6,0,1,0,0,40,0
77,2,13,2,3,0,1,0,0,50,1
23,2,3,4,7,3,1,0,0,40,0
47,1,13,2,2,0,1,0,0,50,1
52,2,9,5,7,2,0,0,0,20,0
34,2,10,2,7,5,0,0,0,12,1
46,1,13,0,10,1,1,0,0,50,1
27,2,6,4,7,1,1,0,0,60,0
41,2,9,2,0,0,1,0,0,40,1
46,1,14,5,9,4,0,0,0,40,0
23,2,3,4,8,4,0,0,0,12,0
22,2,9,4,7,3,1,0,0,30,0
54,0,14,2,9,0,1,7298,0,35,1
22,2,6,4,13,3,1,0,0,25,0
32,2,13,4,9,1,1,0,0,55,0
35,2,10,2,3,0,1,0,0,58,0
42,2,11,0,12,4,0,0,0,40,0
36,2,9,2,13,0,1,0,2002,40,0
38,2,11,0,0,4,0,0,0,38,0
40,2,10,2,2,0,1,0,0,52,0
22,3,13,4,5,3,1,0,0,40,0
26,4,10,2,11,0,1,0,0,55,0
31,2,8,2,2,0,1,0,0,43,0
59,2,6,2,13,0,1,0,0,40,0
22,2,10,4,7,1,1,0,0,15,0
24,2,9,4,0,4,0,0,0,40,0
62,2,13,2,3,0,1,0,0,40,1
37,2,9,4,7,4,0,0,0,35,0
47,2,9,2,13,0,1,0,0,50,0
26,2,6,2,5,0,1,0,0,40,0
53,2,11,2,0,0,1,0,0,45,1
36,2,13,2,11,0,1,0,1902,40,1
51,2,10,2,3,0,1,0,0,40,0
21,2,10,4,2,3,1,0,0,40,0
40,2,12,5,12,4,0,1471,0,32,0
31,2,9,0,2,3,1,0,0,50,0
49,2,14,2,3,0,1,0,0,65,1
53,4,13,4,11,4,1,0,0,60,1
29,2,12,4,3,2,0,0,0,38,0
47,2,7,4,7,3,0,0,0,45,0
51,3,14,2,3,0,1,15024,0,50,1
37,4,10,0,11,4,0,0,0,40,0
40,2,9,5,7,1,0,0,0,40,0
26,2,12,4,12,1,1,0,0,50,0
26,5,14,4,9,1,0,0,0,40,0
50,2,9,0,7,4,0,0,0,25,0
47,3,10,2,11,0,1,0,0,45,1
21,2,9,4,2,1,1,0,0,40,0
42,2,9,2,11,0,1,0,0,50,0
48,4,15,0,9,4,1,14084,0,63,1
39,2,13,0,9,1,1,0,0,40,0
17,2,7,4,5,3,1,0,0,40,0
22,2,9,4,11,1,0,0,0,28,0
54,4,4,2,4,0,1,0,0,60,0
31,1,9,2,13,0,1,0,0,40,0
42,4,13,2,3,0,1,0,0,45,0
60,2,9,2,0,0,1,0,0,40,0
29,2,9,3,6,1,0,0,0,38,0
56,5,12,0,9,1,0,0,0,40,0
43,2,10,2,0,0,1,0,0,40,0
42,2,13,4,3,1,1,0,0,55,1
39,5,9,0,9,1,1,0,0,40,0
51,1,15,4,9,1,1,3325,0,40,0
35,2,9,2,13,0,1,15024,0,80,1
61,4,9,2,0,5,0,0,0,36,0
59,2,5,2,6,0,1,0,0,40,0
65,3,9,2,11,0,1,0,0,50,0
33,1,9,2,2,0,1,0,0,50,1
29,4,9,2,13,0,1,0,0,48,0
32,5,15,2,9,0,1,0,0,75,1
53,2,10,2,11,0,1,0,0,25,0
34,5,14,2,9,5,0,0,0,40,1
38,2,10,4,2,4,1,0,0,40,0
57,2,13,2,3,0,1,0,1977,40,1
46,5,15,4,9,1,0,0,1564,55,1
35,2,9,2,13,0,1,0,0,40,0
33,4,9,2,13,0,1,0,0,50,0
29,1,13,2,9,0,1,0,0,55,1
27,2,11,4,0,3,0,0,0,35,0
23,2,10,4,11,3,1,0,0,25,0
43,2,9,0,3,1,0,0,0,40,0
31,2,10,0,12,4,0,0,0,40,0
42,2,14,2,9,0,1,0,0,50,1
43,2,13,0,3,1,0,0,0,40,0
58,2,9,2,3,0,1,0,0,60,1
29,5,10,2,0,0,1,0,0,40,0
55,2,13,0,9,4,0,0,0,40,0
44,2,4,5,7,4,0,0,0,38,0
27,2,10,2,6,0,1,0,0,45,0
33,2,9,4,11,3,1,0,0,40,0
25,2,9,2,2,0,1,0,0,40,1
31,2,11,2,7,5,0,0,0,24,0
37,3,6,4,13,1,1,0,2559,50,1
39,3,10,0,2,1,1,3325,0,40,0
56,2,9,6,6,4,0,0,0,30,0
18,2,6,4,7,1,1,0,0,20,0
56,4,9,2,3,0,1,0,0,48,0
36,0,13,2,3,0,1,0,0,40,0
30,2,10,0,3,4,0,0,0,40,0
47,0,9,4,6,3,1,0,0,40,0
39,2,7,2,2,0,1,0,0,35,0
37,2,11,0,6,1,1,0,0,48,0
22,2,9,0,7,3,0,0,0,35,0
68,2,9,2,10,0,1,0,0,24,0
43,2,13,2,3,0,1,99999,0,50,1
19,2,9,4,2,3,1,0,0,40,0
37,2,13,4,12,1,0,0,0,40,0
34,3,10,2,11,0,1,0,0,60,1
51,2,9,2,2,0,1,0,0,40,0
38,1,10,4,7,1,1,0,0,12,0
29,1,11,4,10,1,1,0,1564,56,1
41,1,9,0,9,4,0,0,0,40,0
23,2,13,4,3,3,0,0,0,45,0
45,2,9,2,2,0,1,0,2051,40,0
51,2,12,0,9,1,0,0,0,40,0
39,4,10,2,2,0,1,0,0,40,0
25,1,11,4,10,3,1,0,0,30,0
29,2,11,4,0,1,0,0,0,40,0
40,1,9,4,0,3,0,0,0,40,0
23,2,10,4,5,1,1,0,0,40,0
38,2,13,2,3,0,1,7298,0,50,1
37,2,13,2,12,0,1,0,0,40,1
59,2,10,2,2,0,1,0,0,40,1
33,2,5,0,5,1,1,0,0,70,0
42,0,14,0,0,1,1,0,2001,60,0
44,4,10,2,4,0,1,0,0,45,0
36,2,9,2,13,0,1,0,0,70,0
49,2,13,2,9,5,0,0,0,50,1
23,2,10,4,0,3,1,0,0,15,0
41,2,11,2,6,0,1,0,0,40,0
37,2,13,5,7,1,1,0,0,70,0
47,1,9,6,3,4,0,0,0,40,0
67,2,13,6,3,1,1,0,2392,40,1
35,2,9,2,2,0,1,0,0,55,0
58,2,13,0,0,1,0,14084,0,40,1
33,2,8,0,6,3,1,0,0,40,0
26,2,11,2,0,0,1,0,2377,45,0
23,2,11,4,2,4,0,0,0,40,0
37,2,9,4,0,3,0,0,0,55,0
54,3,10,2,11,0,1,0,0,45,1
25,2,13,4,9,1,0,0,1876,40,0
32,2,11,2,2,0,1,0,0,45,0
22,2,10,4,0,1,0,0,0,30,0
37,2,9,2,6,0,1,0,0,40,1
32,4,13,2,3,0,1,0,0,50,1
34,2,13,2,11,5,0,0,0,40,1
52,2,14,0,9,4,1,15020,0,50,1
54,2,14,2,11,0,1,0,0,55,1
40,2,13,2,12,0,1,0,0,40,1
48,3,6,2,3,0,1,0,0,40,0
53,2,12,2,11,5,0,0,0,40,0
70,4,14,2,3,0,1,0,2246,8,1
47,1,13,2,0,5,0,7688,0,40,1
46,2,9,0,2,1,1,0,0,40,0
26,1,13,2,9,5,0,0,0,55,1
35,2,9,4,2,1,1,0,0,40,0
40,1,14,0,9,1,0,0,0,50,0
39,2,10,2,9,0,1,0,0,50,0
61,2,13,2,9,0,1,0,1902,40,1
42,1,14,2,9,0,1,0,0,50,1
47,5,10,2,7,0,1,0,0,38,0
22,2,10,4,11,3,1,0,0,20,0
45,2,13,0,0,1,0,0,0,40,0
37,2,9,2,5,0,1,0,0,40,0
41,2,14,2,0,5,0,0,0,50,1
40,4,10,0,3,2,1,0,1564,70,1
34,5,13,4,9,1,1,0,0,48,0
47,2,5,6,3,4,0,0,0,50,0
44,2,11,2,10,0,1,0,0,40,0
20,2,10,4,11,3,0,0,0,20,0
63,2,10,2,3,0,1,0,0,35,1
27,2,9,2,6,0,1,0,0,40,0
53,2,9,0,0,1,0,0,0,30,0
28,1,13,4,9,1,0,0,0,40,0
47,2,9,2,2,0,1,0,0,48,0
38,2,9,5,13,4,0,0,0,30,0
42,2,9,0,6,1,1,0,0,40,0
28,2,10,2,11,5,0,4064,0,25,0
47,1,14,0,9,4,1,0,0,45,1
36,2,13,2,11,0,1,0,0,50,1
18,2,9,4,3,3,0,0,0,15,0
42,2,10,0,12,1,0,0,0,40,0
23,2,9,4,5,3,1,0,0,35,0
32,4,9,2,2,0,1,0,0,50,0
39,3,15,2,9,0,1,0,0,31,1
17,2,8,4,0,3,0,0,0,30,0
34,2,13,2,3,0,1,0,1977,45,1
53,2,9,2,9,0,1,0,0,50,0
31,2,14,4,9,1,0,0,0,30,0
34,2,9,2,0,0,1,0,0,40,0
23,2,13,4,0,1,0,0,0,38,0
57,2,10,4,5,3,1,0,0,40,0
21,2,10,2,2,0,1,7298,0,60,1
36,2,9,0,13,4,1,0,0,40,0
49,2,13,0,9,1,0,0,0,50,0
29,2,13,4,12,1,1,0,0,40,0
52,4,11,2,2,0,1,0,0,40,0
29,2,14,4,3,1,1,0,0,45,0
22,2,9,4,2,3,1,0,0,40,0
60,2,10,2,2,0,1,15024,0,48,1
29,2,13,2,0,0,1,0,0,40,0
62,2,10,0,0,1,0,0,0,40,0
52,2,9,2,3,0,1,0,0,40,0
24,2,13,4,9,3,1,0,0,40,0
24,2,11,2,0,5,0,0,0,40,0
36,2,10,0,7,4,0,0,0,30,0
32,4,9,0,11,3,1,0,1590,62,0
62,2,6,2,2,0,1,0,0,40,0
33,2,13,0,11,1,1,0,0,40,0
45,2,9,2,6,5,0,0,1740,40,0
58,2,13,2,3,0,1,0,0,45,1
33,2,13,4,0,3,0,0,0,10,0
42,2,9,4,5,1,1,0,0,50,0
24,2,7,4,11,3,0,0,0,20,0
32,2,9,2,0,0,1,0,0,40,0
45,2,9,2,9,0,1,0,0,8,0
38,2,12,2,12,0,1,0,0,56,1
40,1,15,5,9,3,0,0,0,40,0
59,2,9,2,11,0,1,0,0,40,0
36,2,9,0,2,1,1,0,0,40,0
34,2,10,2,3,0,1,0,0,40,1
60,2,3,6,11,1,0,0,0,40,0
40,2,9,0,6,3,0,0,0,40,0
38,2,11,2,9,5,0,7298,0,45,1
18,2,10,4,11,3,0,0,0,20,0
40,2,10,2,3,0,1,0,0,45,1
23,2,9,2,7,0,1,0,0,50,0
28,2,5,4,8,1,0,0,0,35,0
24,2,8,4,7,2,1,0,0,40,0
35,4,9,2,2,0,1,3103,0,40,1
31,2,10,4,0,1,0,0,0,40,0
27,2,13,2,12,0,1,0,0,30,0
27,2,10,4,7,3,0,0,0,40,0
53,2,14,0,9,1,0,0,0,40,0
31,5,16,2,9,0,1,0,1977,70,1
36,4,10,2,4,0,1,3456,0,8,0
55,2,6,2,3,0,1,0,0,45,0
25,2,5,2,6,0,1,0,0,40,0
24,1,14,4,9,1,1,10520,0,40,1
45,2,9,0,11,1,0,0,0,40,0
55,2,6,2,2,0,1,99999,0,40,1
47,2,9,2,12,0,1,0,0,84,1
62,1,9,2,13,0,1,0,0,40,0
28,2,13,2,3,5,0,0,0,40,1
22,2,12,4,0,1,0,0,0,15,0
27,2,10,4,7,1,1,0,0,25,0
24,2,11,4,3,3,1,0,0,35,0
28,2,13,2,3,5,0,0,0,50,1
36,2,9,6,7,1,0,0,0,40,0
25,2,9,4,3,1,1,0,0,50,0
41,1,14,0,9,4,0,0,0,60,0
38,2,10,4,11,4,0,0,0,40,0
33,1,9,0,13,1,0,0,0,35,0
30,2,9,3,2,2,1,0,0,40,0
65,2,4,2,6,0,1,0,0,40,0
54,2,9,0,13,1,1,0,0,40,0
45,0,10,2,3,0,1,7688,0,40,1
68,2,9,6,6,1,0,0,0,28,0
24,2,13,4,3,3,0,0,0,15,0
42,2,9,0,6,1,1,0,0,40,0
26,2,9,2,13,0,1,0,0,50,1
71,3,10,6,3,1,0,0,0,24,0
19,1,9,0,3,1,0,0,0,35,0
54,2,9,2,11,0,1,0,0,40,0
44,2,10,2,13,0,1,0,1887,60,1
50,2,13,2,11,0,1,0,0,45,1
50,3,9,2,3,0,1,0,0,60,1
31,2,9,3,6,4,0,0,0,40,0
21,5,10,4,3,1,0,0,0,38,0
39,2,13,2,11,0,1,0,0,50,1
38,2,10,2,9,0,1,0,0,40,1
47,2,11,2,7,0,1,0,0,40,0
27,2,10,4,7,3,0,0,0,40,0
23,2,10,4,9,1,1,0,0,25,0
54,5,13,2,3,0,1,0,0,40,1
29,2,10,4,3,1,0,0,0,40,0
31,3,13,2,3,0,1,0,0,50,1
19,2,10,4,5,2,1,0,0,25,0
51,1,12,2,9,0,1,0,0,60,0
74,0,10,6,13,1,0,0,0,18,0
24,2,9,2,7,0,1,2885,0,45,0
61,2,9,2,7,0,1,0,0,30,0
17,2,7,4,7,3,1,2176,0,20,0
47,3,14,2,3,0,1,15024,0,55,1
36,2,4,2,2,0,1,0,0,40,0
37,2,9,4,4,1,1,0,0,50,0
45,2,9,2,2,0,1,0,0,40,1
39,1,13,2,2,0,1,0,0,42,0
32,2,15,4,11,1,0,13550,0,50,1
37,1,9,2,10,0,1,0,0,54,1
39,2,10,0,2,4,1,0,0,40,0
30,4,11,4,2,1,1,0,0,40,0
22,2,9,3,7,3,0,0,0,3,0
54,1,9,6,0,4,0,0,0,40,0
49,2,9,0,11,3,0,0,0,40,0
22,2,12,4,0,1,0,0,0,40,0
46,1,14,2,3,0,1,0,1902,60,1
46,2,9,2,2,0,1,0,0,40,0
21,2,10,4,7,1,0,0,0,40,0
46,2,13,4,3,1,1,0,0,55,1
33,2,13,2,3,0,1,0,0,50,1
31,2,9,2,2,0,1,0,0,40,0
37,2,9,4,2,1,0,0,0,45,0
33,2,11,4,11,2,0,0,0,40,0
29,2,9,4,0,4,0,0,0,40,0
18,2,7,4,7,3,0,0,0,25,0
44,2,13,5,6,4,0,0,0,7,0
26,2,13,4,7,1,0,0,0,25,0
42,4,9,2,2,0,1,0,0,50,0
41,0,10,2,13,5,0,7298,0,40,1
54,2,9,2,13,0,1,5013,0,40,0
40,4,10,4,2,1,1,0,0,35,1
38,2,13,2,9,0,1,0,1887,40,1
38,2,14,4,3,4,0,0,0,35,0
51,2,13,0,9,1,1,0,0,45,0
54,2,13,2,3,0,1,0,0,40,1
36,2,10,0,11,1,1,0,0,40,0
33,2,10,5,9,4,0,0,0,37,0
68,2,13,2,9,0,1,0,0,55,1
31,2,8,0,13,3,1,0,0,40,0
45,2,10,2,11,0,1,0,0,60,1
52,0,10,2,7,0,1,0,0,50,0
34,2,9,4,2,1,1,0,0,40,0
28,2,10,4,0,3,1,0,0,40,0
41,5,9,2,0,0,1,3464,0,40,0
59,2,13,2,2,0,1,0,0,60,1
62,2,9,0,0,4,0,0,0,40,0
51,2,13,2,3,0,1,7688,0,40,1
49,2,9,0,7,1,1,0,0,40,0
23,2,10,4,5,1,1,0,0,25,0
50,4,16,2,9,0,1,0,0,23,0
44,2,9,2,11,0,1,0,0,24,0
18,2,10,4,7,3,1,0,0,16,0
46,2,13,2,11,0,1,0,1902,40,1
38,2,11,2,13,0,1,0,0,70,0
52,3,16,2,9,0,1,99999,0,65,1
28,2,6,0,7,1,0,0,0,40,0
49,2,5,3,7,1,0,0,0,16,0
39,2,10,0,0,1,0,0,0,40,0
51,2,9,0,2,1,1,0,0,38,0
52,2,6,2,7,5,0,0,0,35,0
28,2,10,4,0,4,0,0,0,45,0
37,2,9,2,5,0,1,0,0,40,0
60,2,9,2,7,5,0,99999,0,40,1
42,1,14,0,9,4,0,0,0,40,0
25,2,13,0,11,1,0,0,0,40,0
37,2,10,3,3,4,0,0,0,41,0
36,2,13,2,11,0,1,0,0,50,1
27,4,9,4,4,3,1,0,0,40,0
48,1,10,2,10,0,1,0,0,42,1
41,2,10,2,3,0,1,99999,0,50,1
40,4,15,2,9,0,1,0,0,55,1
40,0,9,2,0,0,1,0,0,40,0
51,2,11,0,12,4,0,0,0,48,0
32,2,9,2,13,0,1,7298,0,40,1
36,2,10,2,11,0,1,15024,0,40,1
33,2,6,0,7,4,0,0,0,45,0
26,2,5,2,2,0,1,0,0,35,0
36,2,9,4,0,2,0,2907,0,40,0
37,2,13,2,9,2,1,0,0,40,1
21,2,10,4,11,3,0,0,0,15,0
23,2,13,4,11,1,0,0,0,40,0
36,2,10,2,0,3,0,0,0,30,1
32,2,8,2,13,0,1,0,0,60,1
49,2,15,4,4,2,1,0,0,48,0
45,0,9,2,0,0,1,0,0,80,1
26,2,9,4,13,1,1,0,0,70,0
27,2,9,5,5,4,0,0,0,40,0
29,4,9,4,11,1,1,0,0,40,0
45,0,10,6,12,1,0,0,0,45,1
46,4,9,2,11,0,1,0,0,50,0
58,2,9,2,11,0,1,7688,0,40,1
25,2,3,2,7,0,1,0,0,40,0
50,2,6,5,0,1,0,0,0,47,0
48,2,9,0,0,1,0,0,0,30,0
32,2,10,2,13,0,1,0,0,55,0
46,2,9,0,2,1,1,0,0,55,0
37,2,9,4,6,1,1,0,0,40,0
62,1,9,0,2,1,1,0,0,40,0
35,2,14,2,3,0,1,0,0,45,0
26,2,13,4,11,1,1,0,0,40,0
19,2,9,4,7,3,1,0,0,30,0
66,2,5,5,7,1,0,0,0,30,0
43,2,10,2,11,0,1,7298,0,40,1
71,2,10,4,7,1,0,2964,0,60,0
49,2,10,2,6,0,1,0,0,60,0
44,2,10,2,13,0,1,0,0,50,1
44,3,10,2,11,0,1,0,0,45,1
40,2,10,2,0,0,1,0,0,40,0
30,2,9,4,6,2,1,0,0,40,0
32,2,10,2,12,5,0,0,0,32,1
54,2,14,2,9,0,1,0,0,45,1
24,2,9,4,7,1,1,0,0,35,0
27,2,9,4,5,1,1,0,0,40,0
53,2,10,4,0,2,0,0,0,40,0
40,2,9,2,7,5,0,0,0,12,0
49,3,9,2,2,0,1,0,0,40,0
53,0,10,6,0,1,0,0,0,40,0
32,2,9,2,6,0,1,5013,0,55,0
47,2,9,4,3,3,0,0,0,50,0
28,4,9,4,7,1,0,0,0,28,0
49,1,10,0,3,4,1,0,0,48,1
47,2,10,2,3,0,1,0,0,40,1
46,2,3,2,5,0,1,0,0,40,0
22,2,9,4,11,3,0,0,0,40,0
18,2,9,4,0,3,0,0,0,40,0
29,5,10,2,10,0,1,0,0,40,0
69,3,13,2,6,0,1,3818,0,30,0
18,2,7,4,7,3,0,0,1719,20,0
61,2,4,2,6,0,1,0,0,40,0
31,2,4,4,6,3,1,0,0,40,0
24,4,9,4,7,3,1,0,0,30,0
56,4,3,2,3,0,1,0,1887,67,1
53,2,6,0,2,1,1,0,0,40,0
56,2,13,4,9,1,0,2907,0,52,0
27,2,14,4,12,3,1,0,0,50,0
52,2,7,6,2,1,1,0,0,40,0
51,2,7,2,13,0,1,0,1628,40,0
39,2,10,0,11,4,0,0,0,40,0
31,0,12,2,12,0,1,0,0,45,0
53,0,10,2,12,0,1,4386,0,40,1
48,1,9,2,7,0,1,0,0,40,0
20,2,9,4,8,3,0,0,0,40,0
52,2,9,2,0,0,1,0,0,48,0
51,2,10,2,13,0,1,3908,0,40,0
35,2,9,2,5,0,1,0,0,40,0
34,2,11,2,0,5,0,0,0,18,0
50,2,9,2,2,0,1,0,0,40,0
30,4,9,0,2,1,1,0,0,40,0
71,0,6,2,0,0,1,0,0,40,0
60,2,7,2,6,5,0,0,0,30,0
37,2,10,2,2,0,1,0,0,40,0
38,2,13,2,3,0,1,0,0,55,1
17,2,7,4,7,2,0,0,0,12,0
50,2,9,2,3,0,1,0,0,50,1
35,5,14,4,0,1,1,0,0,40,0
27,2,10,4,0,4,0,0,0,40,0
48,1,11,2,2,0,1,0,0,40,0
26,1,13,2,0,0,1,0,0,41,0
44,2,9,0,2,1,1,0,0,40,1
37,1,10,4,2,1,1,0,0,40,0
45,3,16,2,9,0,1,0,0,60,1
40,1,13,4,10,1,0,0,0,40,0
32,2,12,4,0,1,0,0,0,40,0
24,2,13,4,9,1,1,0,0,40,0
31,2,9,4,4,1,1,0,0,38,0
43,2,13,2,2,0,1,0,0,40,1
49,2,9,2,2,0,1,0,0,44,0
21,2,9,4,2,2,1,0,0,40,0
45,4,5,2,4,0,1,0,0,40,0
24,2,9,0,5,1,1,0,0,30,0
81,2,4,2,5,0,1,0,0,25,0
67,3,9,2,3,0,1,0,0,40,1
34,2,9,2,11,0,1,0,0,65,1
27,2,10,4,6,1,0,0,0,40,0
53,2,10,2,11,0,1,0,0,45,1
25,2,13,4,0,3,0,0,0,40,0
28,2,9,4,6,3,0,0,0,40,0
39,4,9,2,11,0,1,0,0,40,0
23,2,10,4,0,3,0,0,0,16,0
39,2,9,2,5,0,1,0,0,40,1
31,2,9,4,6,1,1,0,0,40,0
32,1,10,0,7,1,0,0,0,30,0
27,2,6,4,2,1,1,0,0,30,0
38,2,10,2,3,0,1,0,0,40,1
55,2,9,2,13,0,1,0,0,40,0
32,2,9,0,7,4,0,0,0,40,0
37,1,9,2,10,0,1,0,0,48,1
34,2,13,2,3,0,1,0,0,50,1
44,3,10,2,3,0,1,0,0,50,1
38,2,6,4,7,1,1,0,0,40,0
18,2,9,4,0,1,0,0,0,25,0
27,2,9,4,3,1,0,0,0,37,0
40,2,10,2,9,0,1,7298,0,40,1
47,2,9,2,13,0,1,0,0,48,0
37,0,13,2,3,0,1,0,0,40,0
40,2,9,2,2,5,0,0,1628,45,0
58,4,9,2,6,0,1,0,0,40,0
39,2,12,2,3,0,1,0,0,50,1
51,4,14,4,3,1,1,10520,0,20,1
36,2,9,4,2,1,1,0,0,70,0
36,2,9,4,7,4,1,0,0,40,0
37,2,11,2,0,0,1,3471,0,40,0
28,1,16,0,9,1,0,0,0,40,0
21,2,9,4,5,1,1,0,0,40,0
69,2,9,0,0,1,0,0,0,25,0
35,2,13,2,3,0,1,15024,0,55,1
46,2,11,2,2,0,1,0,0,40,1
24,2,10,4,13,3,1,0,0,40,0
38,1,12,2,2,0,1,0,0,40,1
20,2,10,4,3,3,0,0,0,10,0
38,5,13,2,0,0,1,0,0,40,1
35,5,9,2,2,0,1,0,0,40,0
23,2,13,4,9,1,0,0,0,40,0
41,2,12,2,9,5,0,0,0,40,1
28,2,15,4,9,1,1,0,0,80,0
26,2,9,4,0,3,0,0,0,40,0
33,2,12,2,2,0,1,0,0,45,0
33,2,7,2,6,0,1,0,0,40,0
25,2,3,2,6,0,1,0,0,40,0
42,4,11,2,9,0,1,0,0,40,0
44,3,15,2,9,0,1,0,0,50,1
57,4,6,2,2,0,1,0,0,8,0
40,2,9,2,2,0,1,0,0,40,0
44,2,13,2,3,5,0,0,0,45,1
39,2,10,2,3,0,1,0,0,40,0
53,2,10,0,0,1,0,0,0,35,0
35,2,9,4,12,1,1,0,0,40,0
61,2,9,2,13,0,1,0,0,40,0
21,2,10,4,5,3,1,0,0,40,0
35,4,13,2,11,0,1,0,0,60,0
34,2,10,0,7,4,0,0,0,40,0
32,2,10,2,11,0,1,0,1740,47,0
37,4,6,2,7,5,0,2635,0,40,0
45,2,10,2,6,0,1,0,0,40,1
22,2,13,4,3,2,0,0,0,40,0
40,2,11,0,12,1,1,3325,0,40,0
49,4,10,4,7,1,1,0,0,20,0
64,1,9,2,2,0,1,0,0,99,0
29,2,12,4,6,4,1,0,0,45,0
34,2,10,0,5,4,0,0,0,40,0
35,2,9,0,2,1,0,0,0,40,0
19,2,10,4,11,3,0,0,0,14,0
54,2,9,2,3,0,1,0,0,40,1
80,1,2,6,4,1,1,1086,0,20,0
45,3,9,2,2,0,1,0,0,50,1
22,2,9,4,2,3,1,0,0,40,0
57,1,9,2,3,0,1,0,0,40,1
38,2,9,2,12,0,1,0,0,40,0
17,2,8,4,9,3,1,0,0,20,0
53,2,13,2,3,0,1,0,0,40,1
21,2,10,4,11,3,0,0,0,35,0
33,2,10,2,5,0,1,0,0,50,1
62,1,14,2,9,0,1,0,0,10,0
33,2,10,2,3,0,1,0,0,45,1
45,2,10,0,11,3,1,0,0,45,0
35,2,10,2,12,0,1,0,0,40,0
56,2,13,2,3,0,1,0,0,42,1
59,2,7,2,6,0,1,0,0,40,0
32,2,13,0,3,1,0,0,0,48,1
57,2,9,2,13,0,1,0,0,42,1
44,2,6,2,6,0,1,0,0,40,1
41,2,13,2,3,0,1,0,0,40,0
17,2,7,4,11,3,1,0,0,5,0
32,2,9,4,6,1,1,0,0,40,0
33,2,10,0,11,1,0,0,0,25,0
42,2,9,4,7,1,0,0,0,65,0
44,2,10,0,0,3,1,14344,0,40,1
76,3,5,2,9,0,1,0,0,40,0
33,2,13,4,9,1,0,0,0,40,0
20,2,10,4,13,2,1,0,0,40,0
28,2,9,4,13,1,1,0,0,60,0
60,5,9,2,10,0,1,0,0,40,1
38,3,9,4,3,1,1,0,0,50,0
23,4,13,4,0,3,1,0,2231,40,1
34,2,10,4,7,1,1,0,0,50,0
63,2,2,0,13,1,1,0,0,40,0
41,2,9,4,0,3,1,0,0,40,0
33,5,16,2,12,0,1,0,0,45,1
39,2,9,0,0,3,0,0,0,40,0
21,2,6,5,6,3,1,0,0,40,0
53,2,5,2,13,0,1,0,0,40,0
36,2,14,2,3,0,1,0,0,50,1
35,2,9,2,5,0,1,0,0,40,0
49,2,7,0,6,4,0,0,0,35,0
61,2,6,0,7,1,0,0,0,24,0
41,2,9,4,0,2,0,0,0,40,0
81,2,15,2,4,0,1,10605,0,2,1
44,2,14,2,0,0,1,3908,0,50,0
24,2,11,4,13,1,1,0,0,40,0
37,2,11,2,0,0,1,0,0,40,0
40,2,9,2,6,0,1,0,0,40,0
50,2,10,2,3,0,1,0,0,50,1
27,2,6,2,6,0,1,0,0,40,0
21,2,10,4,0,3,0,0,0,12,0
23,2,12,4,0,1,1,0,0,40,0
20,2,9,4,9,3,0,0,0,35,0
49,2,11,0,3,1,1,0,0,45,1
36,2,8,2,2,0,1,0,0,40,0
38,4,10,2,2,0,1,0,0,55,0
27,2,10,0,0,4,0,0,0,36,0
29,2,10,4,12,1,0,0,0,40,0
43,2,14,2,9,0,1,0,0,40,1
42,2,9,2,6,0,1,0,0,40,1
47,2,9,2,3,5,0,0,0,30,1
46,2,10,4,0,3,0,0,0,40,0
28,1,13,4,9,1,0,0,0,40,0
29,2,9,0,11,3,1,0,0,40,0
58,1,9,0,3,1,1,0,0,33,0
48,5,11,0,9,4,0,0,0,56,1
40,4,9,2,2,0,1,0,0,60,0
35,1,13,0,9,1,1,0,0,50,0
25,2,13,4,3,1,1,0,1590,60,0
39,2,9,5,6,1,1,2176,0,40,0
20,2,9,4,5,3,1,0,0,28,0
51,2,11,0,0,4,0,0,0,38,0
33,2,9,2,5,0,1,0,0,40,0
43,2,9,0,3,1,0,0,0,60,0
39,2,12,5,0,4,1,0,0,40,0
31,2,7,5,7,1,1,0,0,38,0
44,2,15,2,9,0,1,99999,0,65,1
44,2,10,5,2,4,0,0,0,55,0
36,2,13,4,13,1,1,0,0,40,0
37,2,10,2,3,0,1,0,0,60,0
47,2,10,0,2,4,1,0,0,40,1
27,2,9,4,6,3,1,0,0,40,0
25,2,9,4,2,4,1,0,0,40,0
44,2,10,2,6,0,1,0,0,40,0
34,2,14,4,7,4,0,0,0,28,0
17,2,10,4,0,3,0,0,0,6,0
43,4,9,0,7,4,1,0,0,45,0
31,2,9,2,13,5,0,5178,0,35,1
22,2,9,4,6,3,1,0,0,55,0
33,4,9,0,2,1,1,0,0,50,0
38,5,14,0,3,1,0,0,0,50,1
53,2,14,2,9,0,1,0,0,40,1
39,2,15,2,9,0,1,0,0,55,1
20,2,5,4,5,3,1,0,0,40,0
42,2,9,4,11,4,0,0,0,40,0
27,2,10,2,6,0,1,0,1651,40,0
36,2,14,2,9,0,1,7298,0,55,1
35,2,12,0,3,1,0,0,0,50,0
57,2,9,6,11,1,0,0,0,30,0
31,2,10,0,6,1,1,0,0,40,0
56,2,10,2,2,0,1,0,0,40,1
25,2,14,4,9,3,0,0,0,40,1
39,4,16,2,9,0,1,0,0,55,1
23,2,10,4,0,1,0,0,1721,40,0
36,5,9,4,3,4,1,0,0,90,0
28,2,13,4,11,2,0,0,0,45,0
27,2,10,4,7,1,0,0,0,25,0
24,1,13,4,9,1,0,0,0,40,0
46,1,14,2,3,0,1,0,0,40,1
45,2,9,2,7,0,1,0,1902,40,1
27,2,11,2,0,5,0,0,0,35,0
49,2,9,2,2,2,1,0,0,40,0
17,2,6,4,8,2,1,0,0,30,0
44,0,13,2,0,0,1,0,0,43,0
35,2,9,2,2,0,1,0,2377,40,0
64,2,7,6,6,1,0,0,0,40,0
38,2,13,2,11,0,1,0,0,40,1
32,2,11,0,2,3,1,0,0,46,0
34,2,10,0,0,4,1,0,0,40,0
28,2,9,4,0,1,0,0,0,40,0
54,0,10,0,0,1,0,0,0,40,0
20,2,9,4,6,1,1,0,0,50,0
23,2,10,4,0,1,0,0,0,40,0
61,2,14,2,9,0,1,0,0,50,0
52,2,14,2,2,0,1,0,0,45,1
45,2,13,0,11,1,1,0,0,50,0
22,2,10,4,9,3,1,0,0,15,0
20,2,5,4,7,4,1,0,0,30,0
41,2,9,0,5,4,0,0,0,40,0
55,2,7,6,5,4,0,0,0,40,0
22,2,13,4,9,1,1,0,0,50,0
55,2,9,0,0,4,1,0,0,25,0
29,2,9,0,6,4,0,0,0,40,0
47,4,9,2,13,0,1,0,0,45,1
38,2,10,0,11,4,0,0,0,38,0
46,2,11,2,2,0,1,0,0,42,0
50,2,14,2,9,5,0,0,0,40,0
31,2,9,2,2,0,1,0,0,40,0
51,0,9,2,7,0,1,0,0,40,1
59,2,16,4,9,1,1,0,0,50,0
29,2,10,4,5,4,1,0,0,37,0
51,2,7,2,6,0,1,0,0,40,0
41,2,13,0,7,4,0,0,0,40,0
17,2,6,4,11,1,0,0,0,15,0
38,2,14,2,9,0,1,0,0,40,1
40,2,10,2,9,0,1,0,0,40,1
48,4,10,2,13,0,1,0,0,40,0
43,2,7,5,11,4,0,0,0,40,0
29,2,13,4,11,3,1,0,0,40,0
50,2,7,2,6,0,1,0,0,40,0
37,2,9,2,0,0,1,0,0,42,0
33,2,9,2,5,0,1,3781,0,40,0
31,1,12,2,0,5,0,0,0,35,0
43,4,9,2,3,5,0,0,0,40,0
40,2,9,3,5,1,1,2174,0,60,0
24,2,11,4,0,1,1,0,0,30,1
31,2,9,0,2,4,1,0,0,55,0
22,2,13,4,7,3,1,0,0,10,0
34,4,13,2,2,0,1,0,0,40,0
40,1,14,4,9,1,0,0,0,40,0
51,5,6,2,2,0,1,0,0,40,0
35,2,9,2,6,0,1,0,0,40,0
63,2,9,4,7,1,0,0,0,50,0
37,2,15,2,9,0,1,0,0,50,1
33,2,14,2,3,0,1,0,0,40,1
35,4,9,2,13,0,1,0,0,65,1
33,2,9,0,2,1,1,0,0,45,0
33,2,9,2,13,0,1,0,1887,50,1
39,3,13,2,9,0,1,0,0,50,1
59,2,13,2,2,0,1,0,0,50,1
37,2,13,2,9,0,1,0,0,50,1
59,2,14,6,3,1,0,0,0,40,1
50,2,13,5,9,4,0,0,0,40,0
34,2,9,2,13,0,1,0,0,45,0
44,4,12,0,3,4,0,0,0,45,0
44,2,11,2,3,0,1,0,0,50,0
30,2,9,4,11,1,0,0,1980,40,0
39,3,13,2,9,0,1,0,0,30,0
23,2,9,4,11,1,0,0,0,35,0
38,2,10,2,6,0,1,0,0,40,0
39,2,9,4,2,4,1,0,0,40,0
25,2,9,4,6,2,1,0,0,40,0
18,2,7,4,7,3,1,0,0,16,0
43,2,9,0,6,1,1,0,0,45,0
29,2,10,4,7,1,0,0,0,30,0
54,2,13,2,13,0,1,0,0,40,0
24,2,9,4,0,4,0,0,0,45,0
30,2,4,5,13,1,1,0,0,35,0
18,2,10,4,7,3,0,0,0,12,0
38,5,13,2,10,0,1,0,0,60,0
74,2,11,6,8,1,0,0,0,40,0
24,2,10,4,0,1,0,0,0,40,0
40,1,9,2,0,5,0,0,0,40,0
37,2,9,2,2,0,1,0,0,40,0
53,2,8,2,7,0,1,0,0,40,0
54,2,10,4,7,1,0,0,0,40,0
27,2,9,4,0,3,0,0,0,35,0
66,2,9,6,11,2,0,0,0,8,0
38,2,13,2,2,0,1,0,0,40,0
36,2,9,4,2,3,1,0,0,40,0
30,2,6,2,2,0,1,0,0,40,0
36,3,10,2,3,0,1,0,0,60,1
30,2,9,4,10,1,1,0,0,40,0
35,2,13,2,11,0,1,0,0,40,0
62,4,9,4,7,4,0,0,0,6,0
57,3,13,0,3,1,1,0,0,50,1
26,2,10,2,5,0,1,0,0,40,1
18,2,10,0,7,3,1,0,0,15,0
34,3,13,4,9,1,0,0,0,62,1
31,2,16,2,9,0,1,0,1977,99,1
27,4,10,2,2,0,1,0,0,60,0
61,2,10,6,0,2,0,0,0,40,0
28,2,11,4,7,1,0,0,0,48,0
50,3,14,2,11,0,1,0,0,40,1
51,2,10,0,3,4,1,0,0,45,0
36,2,9,2,11,0,1,0,0,50,0
45,0,13,2,9,0,1,0,0,45,1
31,2,13,0,7,1,1,99999,0,70,1
20,2,9,4,10,3,1,0,0,40,0
38,2,5,2,4,0,1,0,0,54,0
33,2,11,4,7,1,1,0,0,40,0
27,2,9,4,5,2,1,0,0,48,0
26,2,9,4,5,3,1,0,0,40,0
48,2,14,2,3,0,1,0,0,40,1
22,3,9,4,0,4,0,0,0,40,0
41,2,13,4,2,1,1,0,0,40,0
30,2,14,4,9,1,1,0,0,40,0
28,2,10,2,11,0,1,0,0,50,0
48,1,4,2,13,0,1,0,1902,40,0
26,2,8,3,13,4,1,0,0,40,0
25,3,13,4,11,1,0,0,0,50,0
50,2,10,2,0,5,0,0,1902,38,1
37,2,10,5,5,1,1,0,0,35,0
20,4,6,4,6,3,1,0,0,40,0
53,3,15,2,9,0,1,7298,0,50,1
41,1,14,2,9,5,0,0,0,40,1
26,2,10,4,11,3,0,0,0,24,0
63,2,9,0,3,1,0,0,0,40,0
48,2,9,0,0,1,0,0,0,35,0
32,3,10,2,3,0,1,15024,0,50,1
39,2,10,4,12,4,0,0,0,40,0
35,2,10,2,11,5,0,0,0,40,1
60,1,10,2,7,0,1,0,0,60,0
17,2,6,4,7,3,0,0,1602,18,0
34,2,9,2,2,0,1,0,1848,50,1
27,2,15,4,9,3,1,0,0,40,0
37,1,9,2,7,5,0,0,0,25,0
49,2,10,0,0,1,0,0,0,38,0
40,2,13,3,11,1,1,0,0,40,1
41,1,10,2,0,0,1,0,0,40,1
36,1,13,4,9,1,1,0,0,50,0
31,5,10,4,7,3,0,0,0,40,0
68,2,10,6,2,1,1,0,0,10,0
29,2,11,4,6,1,1,0,0,40,0
77,4,10,6,0,1,0,0,1944,1,0
21,2,9,4,7,3,0,0,0,40,0
34,2,10,4,7,3,1,0,0,40,0
30,2,13,2,2,0,1,0,0,36,1
68,3,13,5,11,4,1,0,0,70,0
33,2,13,0,3,4,0,0,0,40,0
33,1,14,4,9,1,0,0,0,40,0
47,2,13,0,0,1,0,0,0,40,0
49,3,13,2,11,0,1,0,0,52,1
41,5,9,0,3,1,0,0,0,40,0
64,4,9,2,4,0,1,0,0,40,1
29,2,9,4,12,3,1,0,0,40,0
45,5,9,5,11,4,0,0,0,40,0
42,2,12,2,2,0,1,0,0,50,1
21,2,10,4,11,3,0,0,0,40,0
42,2,13,2,3,5,0,0,0,40,1
37,2,9,2,2,0,1,0,0,40,0
26,2,10,2,0,0,1,0,2051,40,0
35,5,13,4,0,1,0,4101,0,40,0
45,1,14,2,9,0,1,0,0,40,1
45,3,9,2,2,0,1,0,0,48,0
34,2,13,4,11,4,0,0,0,41,0
51,2,4,6,6,1,0,0,0,40,0
42,2,9,2,2,0,1,0,0,40,0
41,2,10,2,2,0,1,0,0,45,0
56,2,11,2,2,0,1,0,0,45,1
48,2,13,5,11,1,1,0,0,65,1
27,4,10,4,7,1,1,0,0,40,0
70,2,10,0,7,1,1,0,0,80,0
47,2,15,0,0,1,1,0,0,40,0
33,0,10,4,7,1,0,0,0,10,0
29,2,13,4,9,1,1,0,0,40,0
29,2,13,4,9,1,1,0,0,40,0
23,2,13,4,11,1,1,0,0,15,0
17,2,6,4,7,3,0,0,0,14,0
44,1,13,2,9,0,1,0,0,40,1
34,5,10,3,0,4,0,0,0,38,0
41,2,11,4,2,1,1,0,0,42,0
29,2,13,4,9,1,1,0,0,50,0
53,4,9,2,2,0,1,3103,0,72,0
47,2,10,4,0,1,0,0,0,40,1
45,0,10,2,9,0,1,0,0,40,1
21,2,9,4,11,3,1,0,0,44,0
31,2,10,2,2,0,1,0,1579,40,0
50,2,12,2,11,5,0,3942,0,40,0
65,3,10,2,11,0,1,0,0,35,1
56,2,9,2,11,5,0,0,0,15,0
27,2,13,4,9,1,0,0,0,40,0
39,0,9,4,3,4,0,0,0,45,0
39,2,9,2,2,0,1,0,0,40,0
43,2,9,5,0,4,0,0,0,40,0
52,2,9,2,13,0,1,0,0,85,1
23,2,13,4,11,3,1,0,0,40,0
40,5,14,4,3,1,0,0,0,35,0
42,2,9,0,2,4,1,0,0,45,0
37,0,13,2,9,5,0,0,0,48,1
70,2,9,0,10,1,0,0,0,32,0
29,2,13,4,9,1,0,0,1590,40,0
20,2,9,4,7,3,1,0,0,52,0
50,3,14,2,3,0,1,0,0,50,1
54,2,10,2,2,0,1,0,0,40,1
36,4,16,4,9,1,1,0,0,40,1
61,2,13,2,7,0,1,0,0,20,0
47,2,9,2,0,5,0,0,0,40,0
26,2,12,2,0,5,0,0,0,40,0
61,1,13,0,9,1,0,0,0,40,0
43,4,9,4,2,1,1,0,0,35,0
29,4,11,4,4,1,1,0,0,75,0
54,2,10,2,3,0,1,0,0,48,1
46,1,9,2,3,0,1,0,0,65,0
22,2,9,4,0,3,1,0,0,40,0
30,2,13,2,4,0,1,0,0,40,0
46,0,10,2,7,0,1,0,0,40,0
29,2,9,2,2,0,1,0,0,50,0
18,2,7,4,5,3,1,0,0,12,0
67,2,5,6,5,4,0,0,0,32,0
47,1,9,0,3,1,0,0,0,40,0
63,3,13,2,4,0,1,0,0,40,1
45,4,4,2,3,0,1,0,0,65,1
19,2,10,4,7,3,0,0,0,15,0
33,2,3,4,6,2,1,0,0,40,0
41,2,10,0,0,4,0,0,0,40,0
26,2,10,0,0,1,0,0,0,40,0
28,2,10,0,2,1,1,0,0,46,0
26,2,10,4,11,1,0,0,0,37,0
51,2,11,5,9,4,0,0,0,40,0
53,2,13,2,11,0,1,7688,0,48,1
36,2,10,2,0,0,1,0,0,40,0
28,1,15,2,9,0,1,0,0,40,0
53,1,9,0,3,1,1,0,0,40,0
55,2,10,0,11,1,0,0,0,50,0
66,4,3,2,13,0,1,0,0,50,0
37,2,10,2,7,5,0,0,0,40,0
57,2,9,0,13,1,1,0,0,45,0
29,0,9,4,7,4,1,0,0,40,0
29,2,11,2,9,0,1,0,0,40,0
45,2,9,2,3,0,1,0,0,40,1
25,2,10,2,0,5,0,3103,0,40,1
53,2,3,2,2,0,1,0,0,45,0
32,2,13,2,11,0,1,0,1848,50,1
53,4,6,2,2,0,1,0,0,50,1
40,2,10,2,0,0,1,0,0,55,1
29,2,10,4,11,1,1,0,0,60,0
51,3,6,2,4,0,1,0,0,60,1
46,2,13,0,9,4,0,0,0,40,0
23,2,9,2,6,0,1,0,1573,30,0
73,2,10,2,9,0,1,0,2174,50,1
54,2,9,4,9,1,1,0,0,40,0
56,2,9,0,9,1,0,0,0,48,0
29,2,10,2,7,0,1,0,0,40,0
30,1,10,4,0,3,0,0,0,10,0
60,2,10,2,2,0,1,0,0,55,0
20,2,9,4,2,3,1,0,0,25,0
25,2,9,2,5,0,1,0,0,40,0
50,2,13,0,7,1,1,0,0,40,0
26,2,9,0,3,4,0,0,0,40,0
30,2,10,2,0,0,1,0,0,40,0
44,2,9,2,6,0,1,0,0,45,0
43,0,9,2,0,5,0,0,1848,40,1
56,2,4,2,2,0,1,0,0,40,0
46,2,10,0,8,4,0,0,0,30,0
36,1,11,4,10,1,0,0,0,60,1
22,2,10,4,11,1,1,0,0,40,0
69,4,13,2,9,0,1,20051,0,45,1
52,2,9,0,0,1,0,0,0,40,0
41,2,9,0,8,2,0,0,0,40,0
45,2,14,5,12,4,0,0,0,36,0
41,1,13,2,10,0,1,0,0,50,0
24,2,13,4,7,1,1,0,0,32,0
21,2,10,4,7,3,0,0,0,30,0
41,2,10,0,6,1,1,0,0,40,0
39,2,6,4,7,4,0,0,0,25,0
21,2,10,4,7,1,0,0,0,30,0
60,2,9,6,7,1,0,0,0,44,0
18,2,10,4,0,3,0,0,0,20,0
21,2,10,4,0,1,0,0,0,40,0
31,0,12,2,11,0,1,0,0,40,0
53,2,9,0,7,1,0,0,0,40,0
69,2,4,0,11,1,0,0,0,40,0
35,5,10,0,3,1,0,0,0,40,0
55,2,3,2,2,0,1,0,0,50,0
18,2,7,4,7,3,1,0,0,40,0
44,2,10,2,3,0,1,0,0,40,1
34,2,9,2,0,0,1,0,0,40,0
66,2,9,6,8,4,0,0,0,25,0
62,1,4,2,2,0,1,2829,0,40,0
38,2,9,0,2,1,1,0,2205,40,0
27,2,10,2,9,0,1,0,0,50,1
42,2,4,0,2,4,1,0,0,40,0
59,4,9,2,3,0,1,0,1902,52,1
34,5,13,0,9,1,1,4865,0,55,0
49,0,10,2,2,0,1,0,0,40,0
33,4,10,4,4,1,1,0,0,70,0
45,2,14,2,9,0,1,0,1977,52,1
41,2,13,0,7,1,1,0,0,40,0
36,2,10,0,0,4,0,0,0,40,0
33,2,10,0,0,4,0,0,0,50,0
52,2,9,2,11,5,0,0,0,60,0
64,3,10,6,3,4,0,0,0,70,0
31,2,9,2,2,0,1,0,0,51,0
46,4,13,2,11,0,1,0,0,45,1
27,5,13,4,9,4,1,0,0,50,0
31,2,9,4,6,3,1,0,0,40,0
44,1,14,2,9,5,0,0,0,40,0
46,2,9,2,2,0,1,0,0,40,0
59,2,16,2,11,0,1,0,0,40,0
45,0,12,2,10,0,1,15024,0,72,1
47,5,13,2,9,5,0,0,0,40,0
45,2,9,0,3,4,0,0,0,30,0
52,2,9,0,7,1,1,0,0,40,0
20,2,9,4,5,3,1,0,0,35,0
47,2,9,2,5,0,1,0,0,40,0
41,2,7,2,2,0,1,0,0,40,0
55,2,10,2,9,0,1,0,0,40,1
21,2,10,4,0,3,0,0,0,20,0
20,2,9,4,7,3,1,0,0,30,0
42,4,9,2,2,0,1,0,0,35,0
42,2,9,2,11,0,1,0,0,40,0
42,3,13,2,3,0,1,7688,0,40,1
21,2,9,0,11,4,0,0,0,38,0
47,2,9,0,0,4,0,0,0,40,0
51,4,15,0,9,1,1,0,0,80,1
33,2,13,2,0,5,0,0,0,30,0
32,2,9,4,6,3,0,0,1602,20,0
53,2,10,2,2,0,1,0,0,47,1
51,0,14,6,11,4,1,0,0,50,1
57,5,8,0,7,4,0,0,0,40,0
35,2,9,4,7,1,1,0,0,40,0
41,2,9,6,13,1,0,13550,0,60,1
70,1,9,6,7,1,0,0,0,20,0
24,2,13,2,9,0,1,3908,0,40,0
43,2,10,2,13,0,1,3103,0,70,1
20,2,10,4,9,2,1,0,0,12,0
40,4,9,4,4,1,1,0,0,70,0
45,2,13,2,9,0,1,0,0,40,0
19,2,9,4,11,1,1,0,0,40,0
32,2,10,0,6,4,1,0,0,45,0
23,2,10,3,7,1,0,0,0,50,0
30,2,12,4,2,1,1,4787,0,50,1
35,2,13,4,9,1,1,0,0,45,0
45,1,13,2,11,0,1,0,0,40,1
36,2,9,2,5,0,1,0,0,40,0
22,2,10,4,11,1,1,0,0,10,0
19,2,10,4,5,3,1,0,0,16,0
17,2,7,4,0,3,0,0,0,15,0
50,2,9,2,0,0,1,0,0,32,0
21,2,10,4,9,3,1,0,0,40,0
44,4,10,2,3,0,1,0,0,50,1
26,2,14,4,3,1,0,594,0,35,0
27,2,10,4,12,1,0,0,0,30,0
48,2,11,2,2,0,1,0,0,40,0
19,2,10,4,0,3,1,0,0,30,0
19,2,5,4,5,3,1,0,0,25,0
17,2,7,4,0,3,1,0,0,15,0
57,2,6,0,0,1,1,0,0,64,0
29,1,9,4,10,1,1,0,0,40,0
62,2,10,0,0,1,1,0,1974,40,0
32,3,9,2,4,0,1,0,0,50,0
25,2,9,2,13,0,1,0,0,30,0
24,2,7,4,6,1,0,0,0,40,0
21,5,10,4,12,1,0,0,0,50,0
21,2,10,4,0,3,0,0,0,8,0
58,1,10,2,0,5,0,0,0,55,0
44,2,10,2,13,0,1,0,0,40,0
46,2,11,2,13,0,1,0,0,60,0
55,4,13,2,3,0,1,0,0,40,1
47,2,10,5,7,1,0,0,0,35,0
19,2,6,4,2,1,1,0,0,40,0
21,0,10,4,0,3,0,0,0,30,0
35,2,10,0,9,4,0,7443,0,40,0
39,2,12,4,2,3,1,0,0,40,0
45,2,13,2,3,0,1,7298,0,53,1
42,2,5,2,2,0,1,0,0,40,0
24,2,13,4,0,3,0,0,0,45,0
25,2,13,4,12,1,0,0,1564,30,1
32,5,13,2,9,0,1,0,0,45,1
28,2,13,4,12,1,0,0,0,35,0
61,1,4,2,0,0,1,2885,0,40,0
32,2,8,0,10,3,1,0,0,54,0
43,1,14,0,9,4,1,0,0,40,0
20,2,9,2,5,0,1,0,0,48,0
29,2,9,4,6,3,0,0,0,40,0
55,1,15,0,9,1,0,0,0,39,0
37,2,9,0,11,4,0,0,0,40,0
33,1,3,4,7,4,0,0,0,40,0
53,2,9,2,12,0,1,0,0,40,0
21,2,9,2,0,5,0,0,0,43,1
33,2,9,2,6,0,1,0,0,40,0
36,2,13,2,9,0,1,0,0,40,0
57,2,12,0,6,1,1,0,0,75,0
26,2,9,0,3,1,0,0,0,41,0
45,1,9,2,13,0,1,0,0,40,0
41,2,9,2,0,0,1,0,0,40,0
18,2,10,4,11,3,1,0,0,28,0
65,4,14,2,9,0,1,0,0,39,1
30,2,10,4,11,1,1,0,0,45,1
34,2,10,2,13,0,1,0,2179,40,0
36,2,3,4,7,1,1,0,0,40,0
67,4,6,2,4,0,1,2414,0,80,0
49,5,9,2,12,0,1,0,0,40,0
26,2,9,4,11,3,1,0,0,40,0
27,2,9,4,11,1,1,0,0,50,1
66,2,13,2,9,0,1,0,0,40,1
45,2,9,2,6,0,1,0,0,40,0
29,2,9,4,7,3,0,0,0,40,0
20,2,10,4,11,3,0,0,0,30,0
42,2,11,0,7,4,0,0,0,32,0
24,2,13,4,11,1,0,0,0,60,0
47,2,13,0,3,1,1,0,0,50,0
21,2,9,4,2,1,1,0,0,35,0
22,2,9,4,6,3,0,0,0,40,0
27,2,9,0,0,4,0,0,0,40,0
19,2,9,4,0,3,0,0,0,16,0
34,2,13,0,11,1,0,0,0,40,0
21,2,9,4,12,1,1,4865,0,40,0
34,2,14,2,3,0,1,0,0,40,1
43,4,14,0,7,4,0,0,0,30,0
29,2,12,4,12,3,1,0,0,40,0
30,2,9,2,0,3,0,0,0,40,0
44,4,9,2,4,0,1,0,0,50,0
28,5,15,4,9,4,1,0,0,40,0
63,2,9,6,3,4,1,0,0,50,1
42,4,9,2,11,0,1,0,0,12,0
46,2,13,2,11,0,1,0,0,48,0
30,2,10,4,0,2,0,0,0,20,0
36,2,9,2,3,0,1,0,0,40,0
30,2,9,2,5,0,1,0,0,40,0
39,2,11,2,2,0,1,0,0,40,0
23,5,9,4,7,3,1,0,0,40,0
49,2,14,2,3,0,1,0,0,40,1
54,2,10,2,12,0,1,0,1977,18,1
40,2,14,6,11,3,0,0,0,50,0
26,2,9,4,11,1,0,0,0,38,0
47,2,13,0,5,1,1,0,1564,51,1
26,2,10,2,0,5,0,0,0,42,0
45,2,13,2,3,0,1,7688,0,50,1
17,2,6,4,0,3,0,0,0,16,0
57,2,9,4,0,3,0,0,0,40,0
38,2,13,4,11,1,0,0,0,42,0
23,2,12,4,11,3,1,0,0,20,0
34,4,10,2,2,0,1,0,0,40,0
42,2,13,2,11,0,1,0,0,60,1
44,2,14,2,3,0,1,0,0,50,1
43,4,9,2,2,0,1,0,0,60,0
19,2,9,4,6,3,1,0,0,40,0
37,2,13,4,0,1,0,0,0,40,0
49,2,11,2,2,0,1,0,0,50,0
56,1,9,2,2,0,1,0,0,40,1
33,5,9,0,0,1,1,0,0,40,0
43,2,9,2,2,0,1,0,0,40,1
33,2,9,2,6,5,0,0,0,40,0
24,2,13,4,9,1,1,0,0,20,0
47,2,10,6,7,1,0,0,0,35,0
24,2,13,4,0,3,1,2202,0,30,0
47,4,12,2,3,0,1,0,0,25,0
62,2,13,2,9,0,1,0,0,50,1
53,0,13,2,0,0,1,0,0,40,1
28,2,9,2,2,0,1,0,0,35,0
53,2,9,2,2,0,1,0,0,40,0
51,2,8,5,13,1,1,0,0,40,0
33,2,9,2,6,0,1,0,0,40,0
50,4,10,2,2,0,1,0,0,35,0
23,2,7,4,13,3,0,0,0,38,0
47,2,3,4,6,3,1,0,0,20,0
53,5,13,2,3,0,1,0,0,45,1
17,2,7,4,0,3,1,0,0,7,0
42,1,13,4,9,1,1,0,0,50,0
25,2,13,4,9,1,1,0,1741,40,0
38,2,10,2,2,0,1,0,0,45,0
43,4,10,0,0,4,0,0,0,36,0
48,2,9,0,7,4,0,0,0,40,0
40,2,9,0,0,4,0,0,0,50,0
25,2,9,4,2,1,1,0,0,50,0
61,5,9,6,0,1,0,0,0,40,0
54,2,9,2,6,0,1,0,0,40,1
53,0,10,0,5,1,1,0,0,40,0
55,2,13,2,2,2,1,0,0,40,0
64,1,10,4,13,4,1,0,0,40,0
53,2,4,2,2,0,1,0,0,40,0
32,2,9,2,6,0,1,0,0,50,1
25,2,9,4,7,3,1,0,0,30,0
57,3,15,2,9,0,1,99999,0,60,1
30,2,9,4,11,1,0,0,1602,30,0
32,2,10,4,2,4,1,0,0,72,0
46,4,10,2,3,0,1,0,0,58,1
23,2,10,4,0,1,0,0,0,40,0
40,2,10,2,12,5,0,0,0,40,1
21,2,10,4,11,3,0,0,0,35,0
24,2,13,4,9,1,0,0,0,8,0
45,2,11,4,9,1,0,0,1564,40,1
46,5,13,2,9,0,1,0,0,10,1
29,2,11,4,13,3,1,0,0,60,0
27,2,5,2,4,0,1,0,0,40,0
39,2,10,2,11,0,1,0,0,40,0
48,2,9,6,6,4,0,0,0,36,0
41,2,10,2,3,3,1,0,0,40,1
20,2,9,4,5,3,1,0,0,40,0
26,2,13,4,12,1,1,0,0,40,0
51,2,10,0,2,1,1,0,0,42,1
44,2,13,4,9,1,0,0,0,45,0
25,2,9,4,7,3,1,0,0,40,0
38,2,12,2,7,0,1,0,0,40,0
61,2,10,4,3,1,1,0,0,38,1
26,2,9,0,0,3,0,0,0,40,0
44,2,9,2,13,0,1,0,0,40,0
58,5,16,4,3,1,0,0,0,43,1
42,2,9,2,3,0,1,0,0,50,1
24,2,9,2,7,0,1,0,0,40,0
48,2,6,2,4,0,1,0,0,40,0
35,2,9,4,3,4,0,0,0,40,0
51,1,13,2,9,0,1,0,1902,40,1
49,2,2,2,2,0,1,0,0,40,0
31,2,11,4,10,3,1,0,0,40,0
50,5,13,2,3,0,1,0,0,40,1
50,2,10,2,11,0,1,0,0,40,0
35,2,9,2,12,5,0,0,0,35,1
53,2,10,2,3,0,1,0,0,45,1
51,2,12,2,11,0,1,5178,0,45,1
32,2,9,2,2,0,1,0,0,40,1
23,2,10,4,0,3,1,0,0,20,0
67,2,9,0,2,1,1,0,0,40,0
48,2,4,0,7,1,1,0,0,40,0
43,5,10,0,3,4,1,0,0,40,0
25,2,9,4,7,3,0,0,0,6,0
49,2,9,0,0,1,0,0,0,40,0
42,2,10,0,2,3,1,0,0,30,0
32,2,10,2,3,0,1,0,0,50,0
27,2,13,4,3,1,0,0,0,40,0
43,0,10,4,0,2,1,2174,0,40,0
45,2,14,0,13,1,1,14344,0,48,1
38,2,9,2,2,0,1,0,0,50,1
51,5,14,2,9,0,1,0,1977,60,1
39,2,4,4,7,3,1,0,1602,35,0
59,2,10,6,0,1,0,0,0,35,0
32,2,13,2,5,0,1,0,0,40,0
47,2,9,0,6,4,0,0,0,30,0
45,2,9,2,2,0,1,0,0,40,1
32,2,10,2,12,0,1,0,0,50,0
33,2,9,2,2,0,1,0,0,50,0
36,2,10,2,3,0,1,0,0,60,0
63,2,9,6,0,4,0,0,0,40,0
51,4,10,2,7,0,1,0,0,99,0
62,2,10,2,13,0,1,0,0,60,0
20,2,10,4,0,3,0,0,0,40,0
41,2,9,0,5,4,0,0,0,60,0
51,2,9,2,13,0,1,0,0,84,1
23,2,10,4,7,1,0,0,0,28,0
35,4,5,2,2,0,1,0,0,40,0
29,2,9,2,9,0,1,0,0,40,0
32,2,10,4,6,2,0,0,2205,40,0
21,2,10,4,7,3,0,0,0,9,0
19,2,9,4,5,3,1,0,0,40,0
51,4,10,5,3,1,0,0,0,60,0
28,2,13,2,9,0,1,0,0,40,1
46,0,11,0,2,1,0,0,0,60,0
50,2,12,0,2,1,1,0,0,45,0
22,2,10,4,0,3,0,0,0,40,0
46,4,13,2,12,0,1,0,0,40,1
60,2,11,2,2,0,1,0,0,60,0
38,2,11,4,12,1,1,0,0,50,0
35,2,11,3,6,1,1,0,0,40,0
31,2,10,2,11,0,1,0,0,50,0
37,2,9,4,2,4,1,0,0,40,0
23,2,9,5,2,3,1,0,0,53,0
26,2,13,4,6,1,0,0,0,40,0
44,2,13,0,11,4,1,0,0,44,1
27,2,9,4,7,3,0,0,0,40,0
37,2,10,5,6,1,1,0,0,40,0
66,2,3,2,13,0,1,1173,0,12,0
60,2,10,2,2,0,1,0,0,32,1
21,2,3,4,2,3,1,0,0,40,0
25,2,8,4,5,4,1,0,0,43,0
32,2,9,2,3,0,1,3103,0,55,1
37,5,13,2,9,0,1,0,0,36,1
38,2,14,2,9,0,1,0,0,45,0
23,2,9,4,11,3,0,8614,0,15,1
24,2,9,4,5,1,1,0,0,40,0
27,1,10,2,0,3,0,0,0,40,0
55,5,11,6,9,4,0,6849,0,40,0
29,1,10,2,9,0,1,0,0,40,0
47,0,14,2,3,0,1,0,0,40,1
26,2,9,4,5,1,1,0,0,40,0
26,2,9,4,6,2,1,0,0,40,0
19,2,9,4,11,3,1,0,0,20,0
21,2,10,4,11,3,0,0,0,20,0
21,2,9,4,2,3,1,0,0,40,0
19,2,4,4,7,3,1,0,0,33,0
27,2,14,4,9,1,1,0,0,65,0
60,3,4,2,3,0,1,0,0,55,0
58,2,9,2,11,0,1,0,0,60,0
31,2,9,2,3,0,1,0,0,40,0
38,2,9,2,6,0,1,0,0,40,0
49,2,9,0,11,1,0,0,0,36,0
45,2,10,4,3,1,1,13550,0,60,1
41,4,15,2,3,0,1,15024,0,40,1
41,3,10,0,6,1,0,0,0,40,0
27,1,13,4,9,1,0,0,0,45,0
33,2,9,2,5,0,1,0,0,35,0
34,4,7,2,2,0,1,0,0,40,0
40,4,15,2,9,0,1,0,0,45,1
40,2,9,0,9,4,0,0,0,40,0
26,0,13,4,12,1,1,0,0,40,0
20,2,10,4,11,3,1,0,0,20,0
33,2,9,2,5,0,1,0,0,38,0
24,2,13,4,2,1,0,0,0,40,0
33,2,14,2,3,0,1,0,1977,50,1
59,2,9,5,7,1,0,0,0,37,0
52,4,4,2,13,0,1,0,0,40,0
52,1,9,2,0,0,1,0,1887,40,1
35,2,10,5,0,1,1,0,0,40,0
51,2,13,0,3,1,1,0,0,50,0
45,2,13,2,2,0,1,15024,0,40,1
38,0,9,2,0,0,1,0,0,40,0
42,4,10,2,9,0,1,0,0,40,0
45,5,14,2,0,0,1,0,0,40,0
48,2,12,2,6,0,1,0,0,40,0
37,2,9,0,7,1,0,0,0,30,0
46,2,13,2,11,5,0,0,0,16,1
25,2,4,2,4,0,1,0,0,50,1
36,2,6,0,2,4,0,0,0,40,0
37,0,9,2,0,0,1,0,0,50,1
55,3,13,2,11,0,1,0,0,60,1
41,5,10,2,0,0,1,0,0,40,0
41,4,9,2,2,0,1,0,0,50,1
66,2,1,6,8,2,0,0,0,40,0
24,2,13,4,0,1,1,0,0,40,0
24,2,10,4,0,1,0,0,0,40,0
32,2,6,4,2,2,1,0,0,45,0
47,2,9,0,3,4,0,0,0,40,1
43,2,3,2,6,0,1,0,0,40,0
53,2,14,2,3,5,0,0,0,50,1
33,2,9,4,0,3,1,0,0,35,0
30,2,13,2,0,5,0,0,0,40,0
19,2,4,4,7,1,1,0,0,60,1
21,2,9,4,7,2,0,0,0,35,0
30,4,4,4,2,3,1,0,0,40,0
30,2,13,4,12,1,1,0,0,60,0
51,4,10,2,9,5,0,0,2057,60,0
31,4,9,2,3,0,1,0,0,70,0
31,4,9,0,7,1,1,0,0,35,0
47,2,9,2,13,0,1,0,0,40,1
32,2,14,4,3,1,1,14084,0,40,1
45,2,9,2,2,0,1,0,0,40,0
39,2,13,4,11,1,1,0,1876,50,0
40,2,10,2,9,0,1,0,0,40,1
40,4,9,2,2,0,1,0,0,30,0
41,0,13,2,0,5,0,0,0,40,1
26,2,13,4,9,3,0,0,0,40,0
53,2,15,4,9,1,0,0,0,40,0
50,2,9,2,4,0,1,0,0,50,0
24,1,13,4,9,3,0,0,0,40,0
58,2,13,0,2,3,0,0,0,20,0
25,2,9,0,7,1,1,0,0,40,0
19,2,10,1,5,5,0,0,0,40,0
32,0,10,0,0,4,0,0,0,40,0
29,2,12,2,12,5,0,0,0,40,0
24,2,12,2,5,0,1,0,0,48,0
45,2,15,2,9,0,1,0,0,60,1
41,2,9,4,5,4,0,0,0,30,0
53,2,10,6,3,4,0,0,0,40,0
41,2,10,0,2,1,1,0,0,40,0
48,2,9,2,11,0,1,0,0,40,0
29,2,13,2,0,5,0,0,0,45,1
21,2,9,4,3,3,0,0,0,40,0
42,0,11,0,9,4,0,0,0,40,0
32,2,9,4,13,3,1,0,0,40,0
52,2,13,0,2,4,1,0,0,25,0
55,2,4,2,2,0,1,0,0,10,0
47,3,13,0,11,1,0,0,0,45,0
24,2,10,4,11,2,1,0,0,35,0
28,2,9,0,12,3,0,0,0,40,0
24,2,9,4,12,1,1,0,0,45,0
36,2,9,2,2,0,1,0,0,40,0
24,2,13,4,6,1,1,0,0,45,0
23,2,9,4,4,1,1,0,0,53,0
41,1,11,0,9,4,0,0,0,40,0
29,2,9,2,0,5,0,0,0,35,0
25,2,13,4,3,1,0,0,0,40,0
24,2,9,4,8,1,0,0,0,45,0
34,2,14,2,9,0,1,0,0,43,1
50,2,13,2,3,0,1,0,1902,40,1
19,2,8,4,6,2,1,0,0,40,0
50,5,13,0,3,1,0,0,0,40,0
41,2,2,2,11,0,1,0,0,50,0
38,2,9,4,11,1,0,0,0,33,0
60,1,14,0,9,1,0,0,0,25,0
52,2,9,0,6,1,0,0,0,40,0
29,2,13,4,9,1,0,14344,0,40,1
38,2,9,2,6,0,1,0,0,40,1
36,2,9,0,4,1,1,0,0,50,0
22,2,9,4,11,3,1,0,0,40,0
55,2,9,2,13,0,1,3411,0,40,0
24,2,14,4,12,1,1,0,0,50,0
22,2,8,4,7,1,1,0,0,35,0
31,2,10,2,9,5,0,3908,0,40,0
42,4,4,2,11,0,1,0,0,30,0
35,2,13,2,2,0,1,0,0,40,1
41,2,9,2,6,0,1,0,0,40,0
54,1,10,4,9,1,0,0,0,40,0
29,2,9,4,5,4,1,0,0,40,0
39,3,13,2,11,0,1,0,0,40,0
43,5,13,2,0,0,1,0,0,50,1
72,4,4,2,13,0,1,0,0,14,0
37,2,13,4,2,1,1,0,0,90,1
26,2,9,2,2,0,1,0,0,40,0
42,4,10,4,3,1,1,0,0,40,0
27,4,9,0,13,1,1,0,0,70,0
23,2,10,4,7,4,0,0,0,20,0
54,2,1,2,2,0,1,0,0,40,0
28,2,10,2,2,0,1,0,0,60,1
24,2,8,4,11,1,1,0,0,40,0
65,2,10,6,7,4,0,0,0,24,0
64,2,15,2,3,0,1,0,0,60,0
33,4,9,4,2,1,1,0,0,35,0
20,2,10,4,7,1,0,0,0,32,0
37,2,9,2,0,5,0,0,0,40,1
27,2,10,4,7,3,0,0,0,30,0
36,5,14,4,9,3,0,0,0,30,0
36,0,10,5,0,1,1,0,0,40,0
31,2,10,2,6,5,0,0,0,40,0
27,2,9,2,6,0,1,0,0,43,0
19,5,12,4,0,3,0,0,0,18,0
40,2,9,5,0,4,0,0,0,40,0
24,2,9,4,2,3,1,0,0,40,0
55,2,9,2,2,0,1,0,0,40,1
48,2,9,0,11,4,0,0,0,30,0
20,2,10,4,13,3,0,0,0,17,0
46,2,9,0,0,4,0,0,0,40,0
44,2,11,2,2,0,1,0,0,40,0
26,2,10,3,2,2,0,0,0,35,0
69,2,13,2,5,0,1,0,0,20,0
40,2,13,0,11,3,1,0,0,80,0
49,2,13,4,9,1,0,0,0,45,0
18,2,7,4,9,3,0,0,0,40,0
49,2,14,2,9,0,1,0,0,60,0
23,2,10,4,10,3,0,0,0,40,0
44,4,9,2,9,5,0,0,0,40,1
35,4,9,0,11,1,1,0,0,50,1
39,2,13,2,0,5,0,0,0,28,0
31,2,13,4,0,3,0,0,0,40,0
42,2,9,2,0,0,1,0,0,45,0
41,2,14,2,3,0,1,15024,0,70,1
49,2,6,2,2,0,1,0,0,40,0
17,2,5,4,7,4,1,0,0,20,0
26,2,9,4,7,4,0,0,0,20,0
58,5,10,6,9,1,0,0,0,20,0
58,2,13,0,3,4,0,0,0,35,0
33,2,9,4,11,3,0,0,0,20,0
29,2,9,2,0,5,0,2829,0,40,0
18,2,7,2,5,3,1,0,0,40,0
28,1,12,2,10,0,1,0,0,45,1
47,5,14,2,3,0,1,0,0,47,1
65,2,9,6,8,4,0,0,0,20,0
39,2,9,5,6,1,1,0,0,40,0
56,4,10,2,4,0,1,0,0,50,0
35,2,9,2,0,5,0,4386,0,35,1
52,2,9,2,13,0,1,0,0,40,0
32,2,13,4,12,1,1,0,0,40,0
55,3,9,2,3,0,1,0,0,80,0
56,3,10,2,3,0,1,15024,0,40,1
23,1,13,4,9,3,0,0,0,15,0
62,4,9,2,13,0,1,0,0,48,0
34,2,10,0,0,4,0,0,0,40,0
43,2,13,2,6,0,1,0,1887,40,1
51,2,10,0,0,1,0,0,0,63,0
27,2,9,2,3,3,1,0,0,40,0
54,2,9,2,9,0,1,0,0,40,0
31,3,10,2,3,5,0,0,0,70,0
69,4,10,2,3,0,1,0,0,35,0
67,2,5,0,0,2,0,0,0,20,0
42,2,10,2,9,5,0,0,0,36,0
19,2,9,4,7,3,1,0,0,15,0
39,2,13,2,11,5,0,0,0,30,0
24,2,3,4,5,2,1,0,0,40,0
40,5,11,2,6,0,1,0,0,38,1
35,2,6,4,7,3,1,0,0,40,0
48,2,12,2,6,0,1,0,0,50,0
41,3,13,6,9,4,0,0,0,40,0
52,1,14,2,9,0,1,0,0,40,1
55,3,10,2,11,0,1,0,0,40,0
57,2,14,2,3,0,1,0,0,45,1
29,2,15,2,9,0,1,0,0,50,1
44,2,12,2,11,0,1,0,0,40,1
63,4,15,2,9,0,1,0,0,30,0
35,1,9,2,10,0,1,7298,0,35,1
31,2,10,4,0,1,0,0,0,40,0
26,2,13,4,3,1,0,0,0,40,0
58,2,3,2,4,0,1,0,0,40,0
44,5,10,5,12,3,0,0,0,40,0
29,2,14,2,9,0,1,0,0,55,1
27,3,5,4,2,3,1,0,0,40,0
26,5,9,4,2,4,1,0,0,50,0
41,4,9,4,2,1,1,0,0,48,0
41,2,10,3,7,4,1,0,0,40,0
35,2,13,4,2,1,1,0,0,35,0
32,2,13,2,3,0,1,0,0,50,1
46,2,10,2,11,0,1,0,1887,40,1
40,2,9,2,3,0,1,0,0,45,1
59,1,10,2,9,5,0,0,0,24,0
21,2,9,4,7,2,0,0,0,35,0
26,2,13,2,0,0,1,0,0,40,1
42,2,12,2,11,0,1,0,0,55,1
30,2,14,2,3,0,1,0,0,50,1
37,2,10,2,3,0,1,0,0,57,0
40,5,7,0,13,4,0,0,0,52,0
25,4,9,2,2,0,1,7298,0,40,1
27,2,4,2,13,0,1,0,0,45,0
36,2,6,0,2,2,1,0,0,40,0
28,2,10,0,2,4,0,0,0,40,0
24,2,12,4,0,3,0,0,0,35,0
26,2,11,4,0,3,1,4416,0,28,0
68,4,10,2,7,0,1,0,0,30,0
19,2,9,4,2,2,1,0,0,35,0
56,5,10,0,0,1,0,0,0,35,0
19,2,12,4,3,1,0,0,0,50,0
23,1,13,4,9,1,0,0,0,40,0
37,2,9,0,0,1,0,0,0,40,0
25,2,9,4,2,1,1,0,0,35,0
61,2,12,0,9,3,1,0,0,40,0
29,2,9,2,6,0,1,0,0,40,0
39,2,9,2,2,0,1,0,0,50,1
51,0,13,6,0,1,0,0,0,40,0
24,2,5,4,7,1,0,0,0,37,0
26,2,6,2,13,0,1,0,0,35,0
42,2,13,2,11,0,1,0,0,70,1
53,2,10,0,0,1,0,0,0,40,0
32,2,9,4,0,1,0,0,0,40,0
28,2,14,4,3,1,1,0,0,30,0
37,2,13,5,3,4,0,0,0,40,0
20,2,10,4,7,3,0,0,0,20,0
41,2,13,2,9,0,1,0,0,40,1
37,2,10,2,9,0,1,4064,0,46,0
50,2,9,2,3,0,1,0,0,40,1
23,2,9,4,7,3,1,0,0,20,0
36,2,14,0,9,1,0,0,0,40,0
44,2,12,0,2,1,1,0,0,50,0
31,0,12,2,2,0,1,0,0,40,0
64,4,9,2,9,0,1,0,0,60,1
49,2,10,2,6,0,1,0,0,50,1
40,2,12,0,9,4,0,0,0,32,0
33,2,13,4,9,1,1,0,0,10,0
51,2,11,2,12,0,1,0,0,40,1
28,2,3,4,2,1,1,0,0,40,0
35,2,13,2,11,0,1,0,0,52,1
43,2,13,2,3,0,1,3103,0,40,1
44,2,10,4,7,1,1,0,0,55,0
28,3,13,2,5,0,1,15024,0,65,1
35,2,14,2,0,0,1,0,0,45,1
53,2,4,2,13,0,1,0,0,60,1
45,2,3,0,8,4,0,0,0,35,0
44,1,12,4,10,1,1,0,0,40,0
35,2,12,2,11,0,1,0,1887,45,1
55,2,9,6,2,4,1,0,0,51,0
28,1,12,6,9,4,1,0,0,40,0
47,5,13,2,7,0,1,0,0,40,0
22,2,9,4,7,2,0,0,0,15,0
21,2,9,4,11,2,0,0,0,19,0
32,2,14,4,3,1,0,0,0,45,1
24,2,9,4,2,3,1,0,0,40,0
39,2,13,2,9,5,0,0,0,36,1
53,0,15,2,0,0,1,0,0,45,1
54,4,9,2,11,0,1,0,0,60,0
23,2,10,4,0,4,0,0,0,40,0
36,1,10,2,2,0,1,0,0,40,0
28,2,10,4,11,1,1,0,0,40,0
24,2,10,3,4,4,0,0,0,40,0
55,2,9,0,0,1,0,0,0,40,0
18,2,9,4,0,3,0,0,0,16,0
31,2,10,0,7,4,0,0,0,48,0
39,2,9,4,0,4,0,0,0,40,0
36,2,13,2,3,0,1,0,0,50,1
39,4,13,5,2,3,1,0,0,35,0
32,2,13,4,9,1,0,0,0,45,0
40,1,13,2,9,0,1,0,2051,30,0
18,2,9,4,7,3,0,0,0,20,0
19,2,10,4,0,3,0,0,2001,40,0
22,5,13,4,9,3,0,0,0,43,0
36,2,9,4,2,1,1,0,0,40,0
42,2,10,0,11,1,1,0,0,50,1
52,2,9,0,0,4,0,0,1741,38,0
19,2,8,4,11,3,0,0,0,30,0
29,2,13,2,7,0,1,7298,0,42,1
30,5,13,2,9,0,1,0,0,40,0
38,4,14,4,9,1,1,0,0,40,1
47,3,4,2,9,0,1,0,0,45,0
29,2,9,2,4,0,1,0,0,97,0
60,4,10,2,11,0,1,0,0,50,0
39,2,9,2,3,0,1,0,0,80,1
47,0,10,0,0,1,0,0,0,25,0
61,0,10,0,0,1,0,0,0,40,0
29,2,7,4,11,1,1,4101,0,40,0
21,2,10,4,0,1,0,0,0,25,0
46,2,9,2,6,0,1,0,0,40,1
38,2,9,5,0,4,0,3887,0,45,0
32,2,13,0,3,1,0,0,0,50,1
33,2,9,2,3,0,1,4386,0,60,1
48,2,12,2,3,0,1,0,0,50,1
34,1,7,5,6,1,1,0,0,40,0
44,3,14,0,9,1,1,0,0,40,0
33,2,9,4,12,1,1,0,0,45,0
29,2,13,2,3,0,1,0,1628,47,0
55,2,16,2,3,0,1,0,0,40,1
40,2,13,2,9,0,1,15024,0,99,1
32,4,9,4,2,4,1,0,0,40,0
60,2,9,2,10,0,1,0,2042,34,0
28,2,11,2,5,5,0,0,0,30,0
29,2,9,4,13,3,1,0,0,40,0
41,5,11,2,3,0,1,0,0,40,0
36,2,9,6,7,4,0,0,0,24,0
42,2,13,2,9,0,1,99999,0,42,1
70,0,9,2,0,0,1,0,0,40,0
66,3,10,2,11,0,1,0,0,50,0
57,2,9,0,0,4,0,0,0,40,0
37,1,13,2,9,5,0,0,0,30,1
19,2,5,4,5,3,0,0,0,40,0
41,2,9,4,6,1,1,0,0,40,0
54,2,4,0,6,1,1,0,0,40,0
57,4,11,2,2,0,1,0,0,40,1
27,2,10,4,0,1,0,0,0,40,0
31,2,10,0,0,4,0,0,0,38,0
31,2,10,4,11,1,0,0,0,60,0
52,2,11,5,11,4,0,0,0,40,0
37,4,9,2,2,0,1,0,0,40,0
26,2,10,4,5,4,1,0,0,35,0
22,2,10,4,11,3,1,0,0,40,0
45,2,13,2,9,0,1,0,0,45,1
30,2,9,4,5,2,1,0,0,40,0
23,2,2,4,4,1,1,0,0,36,0
34,2,9,4,2,1,1,0,0,40,0
66,2,13,2,8,2,1,0,0,99,0
31,2,10,2,7,0,1,0,0,55,0
27,2,13,1,11,5,0,0,0,40,0
45,2,7,3,6,4,0,0,0,40,0
51,1,6,6,7,1,0,0,0,24,0
59,2,9,5,0,4,0,0,0,40,0
59,2,9,0,11,4,0,0,1762,30,0
28,2,10,2,0,0,1,0,0,50,1
48,2,10,2,3,0,1,0,0,60,1
33,4,13,5,9,3,1,0,0,35,0
48,2,9,2,6,0,1,3103,0,46,1
35,4,13,4,3,1,1,0,0,40,0
29,2,11,4,9,1,1,0,0,43,0
54,2,9,4,7,2,0,0,0,20,0
47,2,9,2,0,0,1,0,0,38,0
26,2,12,5,2,1,0,0,0,40,0
30,2,7,2,3,0,1,0,0,40,0
51,2,8,2,13,0,1,0,0,40,0
29,3,10,4,3,1,1,0,0,60,0
69,4,10,6,4,1,0,0,0,14,0
24,2,9,4,11,2,1,0,0,40,0
64,2,4,5,8,1,0,0,0,35,0
30,2,13,4,3,1,0,0,0,55,0
27,2,9,4,6,3,0,0,0,32,0
24,3,13,4,11,3,0,0,0,20,0
53,2,4,2,2,0,1,0,0,40,0
28,2,9,4,7,1,1,0,0,30,0
28,5,9,4,0,3,0,0,0,40,0
34,2,14,4,3,1,0,0,0,50,0
18,2,9,4,2,3,1,0,0,30,0
46,2,9,2,3,0,1,0,0,45,1
67,3,13,2,3,0,1,0,2392,75,1
51,2,9,2,7,0,1,0,0,40,1
39,2,9,4,6,4,1,0,0,40,0
20,2,9,4,5,2,1,0,0,45,0
68,2,14,2,3,0,1,0,2392,40,1
37,2,9,0,0,4,0,0,0,40,0
23,2,9,4,13,3,1,0,0,40,0
47,0,10,2,0,0,1,0,0,40,1
30,2,13,2,9,0,1,0,0,50,1
65,3,13,2,3,0,1,99999,0,65,1
25,2,13,4,3,3,1,0,0,40,0
23,2,3,4,2,1,1,0,0,40,0
33,2,9,2,3,0,1,0,0,50,0
30,2,9,0,0,4,0,0,0,62,0
49,2,14,0,11,4,0,0,0,20,0
36,5,10,0,3,1,0,0,0,39,0
37,2,9,0,7,1,1,0,0,40,0
26,2,13,2,3,0,1,0,0,55,0
29,2,11,4,12,3,1,0,1974,40,0
23,2,9,4,5,1,1,0,0,72,0
35,2,9,2,5,0,1,0,0,40,0
29,3,13,4,11,1,1,0,0,40,1
42,2,10,3,9,1,1,0,0,40,1
58,2,6,2,13,0,1,0,0,50,1
55,5,9,2,4,0,1,0,0,40,1
52,2,9,0,11,4,0,0,0,25,0
54,4,11,2,12,2,0,0,0,10,0
46,2,5,0,13,1,1,0,0,40,0
61,4,10,2,11,0,1,0,0,60,1
30,2,12,2,9,0,1,0,0,60,0
25,2,13,4,9,1,0,0,0,40,0
50,0,13,0,9,1,1,0,0,60,1
39,1,12,2,0,5,0,0,0,20,1
67,1,4,6,7,1,0,1086,0,15,0
35,2,13,0,12,4,1,7430,0,40,1
29,2,9,4,10,2,1,0,0,40,0
45,1,14,2,9,5,0,0,0,45,1
17,2,7,4,9,3,0,0,0,15,0
20,2,10,4,11,3,0,0,0,30,0
38,2,9,2,2,0,1,0,0,40,0
53,2,9,2,11,5,0,0,0,26,0
21,2,9,4,4,2,1,0,0,50,0
29,0,13,1,9,0,1,0,0,50,1
31,2,13,2,9,0,1,0,0,50,0
67,0,9,2,12,0,1,0,0,40,1
33,2,7,2,5,0,1,0,0,50,0
32,4,15,2,9,0,1,15024,0,40,1
57,2,3,2,4,0,1,0,0,45,0
28,2,13,4,11,4,1,0,0,65,0
61,2,5,0,11,1,1,0,0,25,0
25,1,13,4,2,3,1,0,0,25,0
33,2,9,2,6,0,1,0,0,40,0
18,2,10,4,7,3,0,0,0,15,0
20,2,9,4,11,3,0,0,0,40,0
58,0,9,2,12,0,1,0,0,40,0
38,2,3,2,6,0,1,0,0,48,0
21,2,9,2,0,0,1,0,0,40,0
54,2,13,6,11,4,0,0,0,40,0
54,2,9,2,3,0,1,0,0,45,0
50,2,10,2,3,0,1,0,0,40,0
34,2,9,2,5,0,1,0,0,70,0
90,2,10,4,7,3,1,0,0,10,0
60,4,16,0,11,1,1,0,0,20,0
37,2,9,2,13,0,1,0,0,40,0
43,4,14,0,9,1,0,0,0,20,0
54,2,14,4,9,1,1,0,0,40,1
60,2,9,0,0,1,0,0,0,40,0
49,2,9,0,3,4,0,0,0,40,0
36,2,9,2,2,0,1,0,0,50,0
27,2,7,2,5,0,1,0,0,40,0
42,2,9,4,11,3,0,0,0,40,0
24,2,9,2,2,0,1,2885,0,50,0
26,1,13,2,9,0,1,0,0,28,0
51,1,14,2,9,0,1,0,0,80,1
31,2,7,2,4,0,1,0,0,65,0
22,2,9,4,0,3,1,0,0,40,0
29,4,9,2,2,0,1,0,0,40,0
20,2,9,4,2,4,1,0,0,40,0
33,2,7,2,2,0,1,0,0,45,1
59,5,5,2,13,0,1,0,0,40,0
39,2,4,2,13,0,1,0,0,40,0
29,2,9,2,7,5,0,0,0,35,0
36,2,10,0,3,1,0,0,0,4,0
65,2,13,2,3,0,1,99999,0,40,1
56,4,13,2,9,0,1,0,0,45,0
43,0,9,2,4,0,1,7298,0,40,1
36,4,10,0,11,4,0,0,0,35,0
35,2,10,4,3,1,1,0,0,60,0
25,2,13,4,3,1,0,3325,0,40,0
38,3,15,2,9,0,1,0,0,45,1
29,5,9,2,10,0,1,0,0,42,0
34,2,10,2,11,0,1,0,0,25,0
22,2,10,4,2,1,1,0,0,40,0
23,0,12,4,3,4,0,0,0,32,0
28,2,11,2,0,0,1,2407,0,40,0
44,2,13,0,3,4,1,0,2547,50,1
69,3,9,2,11,0,1,0,0,30,0
34,2,9,2,2,0,1,0,0,30,0
31,0,10,4,12,1,1,0,0,40,0
21,2,10,4,2,3,1,0,1719,30,0
34,2,9,4,13,3,1,0,0,40,0
47,2,12,2,9,5,0,15024,0,40,1
41,2,13,2,11,0,1,15024,0,45,1
26,2,10,4,2,3,1,0,0,40,0
26,2,10,2,11,0,1,0,0,18,0
22,2,10,2,3,5,0,0,0,40,0
40,2,13,0,0,1,0,0,0,35,0
18,2,10,4,0,3,1,0,0,30,0
43,2,9,2,6,0,1,0,0,65,0
32,2,13,0,11,4,0,0,0,30,0
23,1,13,4,0,1,1,0,0,32,0
26,2,9,2,2,0,1,0,0,40,0
25,4,10,4,4,3,0,0,0,50,0
42,1,11,6,9,4,0,0,0,40,0
23,2,10,4,0,2,0,0,0,24,0
39,4,14,4,11,1,1,0,0,60,1
42,5,13,2,10,0,1,0,0,52,0
26,2,13,4,9,1,1,0,0,25,0
44,2,9,0,0,4,0,0,0,40,0
23,2,13,4,9,1,1,0,0,40,0
47,2,9,2,2,0,1,0,0,50,0
22,2,10,2,7,0,1,0,0,35,0
58,2,13,2,9,0,1,0,0,40,1
47,2,13,0,9,4,0,0,0,4,0
45,2,14,0,0,1,0,0,0,36,0
25,2,11,4,0,1,0,0,0,42,0
46,2,10,2,6,0,1,0,0,40,0
27,2,9,0,2,1,1,0,0,40,0
56,2,7,2,6,0,1,7298,0,40,1
47,2,9,4,0,2,0,0,0,40,0
41,2,13,5,11,1,0,0,0,40,0
38,2,9,2,10,3,1,0,0,45,0
35,4,9,2,2,0,1,0,0,40,0
20,5,10,4,0,3,1,0,0,15,0
31,2,10,2,11,0,1,0,0,40,0
47,2,9,5,9,2,0,14084,0,38,1
43,3,9,2,11,0,1,0,0,55,1
52,2,15,0,3,1,1,0,2559,60,1
29,2,8,2,13,0,1,0,0,40,1
30,2,9,2,2,0,1,0,0,45,0
34,2,9,2,2,0,1,0,0,40,0
53,2,9,0,6,4,1,0,0,32,0
26,2,9,2,7,3,0,0,0,30,0
34,2,13,4,3,2,1,0,0,40,0
31,2,9,0,13,1,1,0,0,40,0
49,3,10,2,13,0,1,0,0,50,1
29,2,9,4,5,1,1,0,0,40,0
37,2,7,4,13,1,1,0,0,60,1
35,2,9,5,2,1,1,0,0,50,0
23,5,13,4,9,1,0,0,0,32,0
54,3,10,2,11,0,1,0,1977,40,1
64,2,5,2,7,5,0,0,0,40,0
38,2,9,4,13,4,1,0,0,40,0
78,2,2,6,5,2,1,0,0,20,0
20,2,9,4,11,3,1,0,0,40,0
39,2,14,2,3,0,1,0,0,50,1
38,4,13,2,3,0,1,0,1902,65,1
21,2,10,4,9,2,0,0,0,20,0
51,1,13,2,9,5,0,0,0,40,1
46,2,16,2,3,0,1,15024,0,60,1
31,5,9,0,10,3,1,0,0,40,0
62,2,9,6,11,1,0,0,0,43,0
24,2,7,4,4,4,1,2463,0,40,0
67,0,9,6,7,4,1,0,0,40,0
29,2,13,2,3,5,0,15024,0,50,1
47,4,16,2,9,0,1,0,0,35,1
44,2,9,0,0,1,0,0,0,40,0
61,2,13,2,3,0,1,0,0,40,0
24,5,9,2,13,0,1,0,0,49,1
39,2,13,2,2,5,0,0,0,30,1
25,2,13,4,3,1,0,0,0,40,0
38,2,11,4,12,1,0,0,0,40,0
45,2,10,2,9,0,1,0,0,40,1
30,2,10,4,0,4,0,0,0,44,0
28,4,10,4,13,1,1,0,1762,40,0
67,4,9,6,4,1,1,0,0,65,0
41,2,12,2,12,0,1,0,0,40,0
35,2,7,5,2,4,1,0,0,40,0
31,2,5,2,4,5,0,0,0,42,0
54,2,13,2,3,0,1,0,0,45,1
40,2,6,2,2,0,1,0,0,50,0
38,2,9,2,10,0,1,0,0,40,0
49,3,16,2,9,0,1,15024,0,50,1
27,2,13,4,11,1,1,0,1876,50,0
29,2,9,2,2,0,1,0,0,40,0
31,2,9,2,13,0,1,0,0,37,0
30,2,13,4,3,1,0,0,0,45,0
57,2,3,5,6,2,0,0,0,40,0
44,2,10,2,2,0,1,0,0,40,0
33,2,13,2,10,0,1,0,0,40,0
18,2,9,4,7,3,1,0,0,20,0
35,2,10,2,2,0,1,0,0,40,1
30,2,5,2,4,0,1,0,0,40,0
48,2,9,6,2,1,0,0,0,60,1
34,5,10,2,10,0,1,0,0,40,0
50,0,9,2,3,0,1,0,0,40,1
60,1,10,2,10,0,1,0,0,40,0
30,2,9,2,13,0,1,0,0,40,1
38,2,10,0,9,3,0,0,0,40,0
27,2,10,4,0,1,0,0,0,40,0
29,2,9,4,12,3,1,0,0,40,0
55,2,10,2,2,0,1,0,0,40,1
38,2,10,4,11,1,1,0,0,50,0
49,2,10,2,13,0,1,0,0,40,1
79,2,9,2,9,0,1,0,0,7,0
49,2,10,0,7,1,0,0,0,40,0
39,2,9,4,7,1,1,0,0,40,0
34,2,13,2,9,5,0,99999,0,40,1
23,2,11,2,2,0,1,0,0,40,0
53,3,6,2,3,0,1,0,0,60,0
27,1,9,3,11,3,0,0,0,40,0
76,2,13,2,3,0,1,0,0,40,0
35,2,9,2,11,0,1,0,0,45,0
41,4,9,0,4,2,1,0,0,20,0
24,2,13,4,9,1,1,0,0,40,0
65,4,10,6,3,4,0,0,0,45,0
53,2,9,0,5,1,1,0,0,40,0
42,2,9,2,2,0,1,0,0,40,1
57,2,9,0,0,1,0,0,0,40,0
53,3,11,2,4,0,1,99999,0,75,1
50,2,14,2,12,0,1,0,0,40,0
24,2,7,4,13,3,1,0,0,39,0
19,2,10,4,11,3,0,0,0,15,0
21,2,10,4,11,3,1,0,0,45,0
34,2,13,2,11,0,1,0,0,60,1
51,2,10,0,3,4,0,0,0,40,0
51,2,14,2,11,0,1,0,0,40,1
27,2,9,2,2,0,1,0,0,70,0
50,2,3,3,7,4,0,0,0,34,0
46,2,10,0,13,3,1,3325,0,55,0
41,2,9,0,3,1,1,0,0,40,0
62,4,9,2,11,0,1,0,0,40,0
31,4,9,0,12,1,1,0,0,60,0
33,5,14,2,9,0,1,0,0,60,0
34,2,9,2,6,0,1,0,0,45,0
22,0,12,4,7,3,1,0,0,20,0
43,2,9,0,0,1,0,0,0,40,0
55,2,9,2,9,3,0,0,0,40,0
40,2,16,2,9,5,0,0,0,30,1
22,2,13,4,0,3,0,0,0,40,0
22,2,9,4,3,2,0,0,0,42,0
35,2,9,5,7,1,1,0,0,40,0
18,2,6,4,7,3,0,0,0,30,0
76,2,4,2,7,0,1,0,0,45,0
21,2,9,4,5,3,1,0,0,45,0
18,4,10,4,2,1,0,0,0,35,0
24,2,9,4,6,1,1,0,0,40,0
28,2,9,2,6,0,1,0,0,45,0
45,2,14,0,0,4,0,0,0,40,0
18,2,9,4,11,3,0,0,0,38,0
51,2,9,0,2,1,1,0,0,50,0
41,2,13,2,3,0,1,0,0,60,1
47,3,13,2,3,0,1,0,0,50,1
38,2,9,0,0,3,0,0,0,40,0
23,2,12,4,13,4,0,0,0,40,0
37,2,9,2,2,5,0,0,0,40,1
59,2,9,0,7,1,0,0,0,40,0
48,2,13,2,9,0,1,0,0,42,1
34,2,10,4,0,1,1,0,0,40,0
46,2,13,2,3,0,1,0,0,55,1
22,3,13,4,0,3,1,0,0,40,0
22,2,10,4,0,2,0,0,0,30,0
47,2,8,3,3,1,0,0,0,55,0
39,2,9,4,0,1,0,0,0,45,0
43,3,9,0,2,4,1,5455,0,50,0
40,1,13,0,9,4,0,0,0,40,0
25,2,10,4,13,1,0,0,0,45,0
49,2,9,5,9,4,0,0,625,40,0
42,4,10,2,3,0,1,0,0,55,1
38,2,13,2,4,0,1,0,0,50,0
23,2,9,4,11,2,0,0,0,25,0
37,2,13,2,5,0,1,0,0,40,1
21,2,9,4,6,1,1,0,0,35,0
32,2,14,4,3,1,1,0,0,48,0
36,2,10,2,2,0,1,0,0,40,0
71,2,13,0,11,1,0,0,1911,38,1
46,2,4,2,13,0,1,0,0,40,0
46,2,9,2,2,0,1,0,0,40,0
26,2,9,4,0,1,0,0,0,40,0
20,2,10,4,3,1,1,0,0,47,0
71,2,10,6,9,1,1,0,1429,40,0
49,2,10,0,9,1,1,0,0,45,1
34,2,12,2,12,0,1,0,2042,10,0
36,3,9,2,4,0,1,0,0,45,0
37,5,9,2,10,0,1,0,0,40,0
31,2,9,4,5,3,1,0,0,50,0
42,2,13,2,0,5,0,0,1887,40,1
28,2,9,2,11,3,0,0,0,40,0
27,2,13,4,3,1,0,0,0,55,0
56,2,9,4,2,1,1,0,0,40,0
36,2,12,0,11,1,0,0,0,40,1
29,2,13,2,11,0,1,3103,0,45,1
53,2,9,2,3,0,1,7688,0,48,1
46,1,10,0,6,3,0,0,0,40,0
51,2,13,2,3,0,1,0,0,60,1
46,2,10,6,0,1,0,0,0,60,0
51,3,10,2,3,0,1,0,0,40,1
40,2,13,4,9,1,0,0,0,60,1
44,2,10,2,2,0,1,0,0,60,1
50,2,10,0,0,4,0,0,0,40,0
29,2,5,4,8,4,0,0,0,24,0
42,2,14,2,9,0,1,0,0,55,1
29,2,10,4,0,1,1,0,0,60,0
34,2,10,0,9,1,1,0,0,15,0
30,2,11,4,10,1,1,0,0,40,0
42,4,11,2,3,0,1,0,0,60,0
29,2,9,2,2,0,1,0,0,48,0
31,4,13,4,12,1,1,0,0,40,0
46,2,9,0,8,4,0,0,0,28,0
23,2,13,4,11,1,1,0,0,25,0
26,1,13,4,10,3,1,0,0,40,0
48,2,13,0,9,1,1,0,2231,30,1
63,4,4,2,2,0,1,0,0,40,0
20,2,10,4,5,3,1,0,0,40,0
27,2,10,4,0,1,0,0,0,39,0
44,4,13,4,11,1,1,0,0,50,1
47,2,9,2,2,0,1,0,0,45,1
49,2,10,2,0,0,1,0,0,45,1
48,5,9,2,2,5,0,0,0,40,1
40,4,13,3,3,1,1,0,0,40,0
20,2,10,4,5,3,0,0,0,40,0
63,3,11,2,3,0,1,0,0,40,1
63,2,13,0,7,1,0,0,0,10,0
60,4,9,0,11,1,1,2597,0,55,0
38,1,9,2,2,0,1,0,0,50,1
38,2,9,2,2,0,1,0,0,40,0
19,2,9,4,0,3,1,0,2001,40,0
43,2,13,2,3,0,1,0,0,38,1
39,2,13,2,9,5,0,0,0,50,1
31,2,10,0,3,1,0,0,0,40,0
23,2,13,4,3,3,0,0,0,60,0
23,2,10,4,2,3,1,0,0,40,0
23,2,13,2,0,2,0,0,0,40,0
26,4,13,4,11,1,1,0,0,60,1
43,2,13,2,12,0,1,7298,0,40,1
30,2,11,4,5,3,1,0,0,45,0
22,2,9,4,7,3,0,0,0,40,0
38,2,14,2,3,0,1,0,0,60,1
42,2,9,2,6,0,1,0,0,40,0
74,3,9,2,3,0,1,0,0,30,1
57,2,10,2,13,0,1,0,0,84,0
50,2,12,2,2,0,1,0,1902,40,1
24,2,9,0,6,1,1,0,0,40,0
33,2,13,4,9,1,0,0,0,45,0
27,2,10,2,13,0,1,0,0,40,1
30,2,9,4,6,2,1,0,0,40,0
18,2,9,3,7,3,1,0,0,40,0
37,3,10,2,3,0,1,0,0,50,1
28,1,10,4,0,2,1,0,0,40,0
27,2,13,4,9,1,1,0,0,45,0
67,4,9,2,4,0,1,0,0,50,0
40,2,10,4,3,1,1,0,0,50,0
29,2,6,4,9,1,1,0,0,40,0
32,2,9,4,2,3,1,0,0,50,0
45,2,9,0,6,1,1,0,0,50,0
57,4,9,2,4,0,1,0,0,20,0
55,4,9,2,4,0,1,0,0,70,0
61,2,9,0,3,1,0,0,0,40,0
41,2,9,0,3,1,0,13550,0,60,1
44,2,9,0,13,1,1,0,0,20,0
39,2,9,0,2,1,1,0,0,60,0
72,2,6,2,11,0,1,0,0,15,0
29,2,13,4,11,1,1,6849,0,48,0
61,2,12,6,6,4,0,0,0,40,0
41,2,10,2,13,0,1,0,0,54,0
49,2,13,0,3,1,0,0,0,40,0
61,2,10,2,7,0,1,0,0,6,0
25,2,13,4,5,4,1,0,0,40,0
34,1,13,0,9,4,0,6497,0,40,0
36,2,10,0,9,4,0,0,0,45,0
53,2,13,2,9,0,1,0,0,55,1
39,2,9,4,3,1,1,0,0,40,0
38,2,9,2,0,0,1,0,0,55,0
18,2,5,4,5,3,1,0,0,16,0
36,2,13,2,9,0,1,7688,0,40,1
39,2,15,2,9,0,1,0,2415,67,1
25,2,7,4,0,1,0,0,0,40,0
47,1,14,2,3,0,1,0,1977,41,1
35,2,9,2,2,0,1,0,0,50,0
51,1,9,5,0,4,0,0,0,40,0
25,2,9,4,6,3,1,0,0,40,0
22,0,13,4,9,3,1,0,0,10,0
24,2,9,4,12,3,1,0,0,40,0
37,2,9,4,7,3,1,0,0,40,0
18,2,7,4,7,3,0,0,0,16,0
20,2,9,4,7,4,0,0,0,25,0
27,2,10,0,6,4,0,0,0,40,0
40,2,13,3,7,1,1,0,0,40,0
28,2,13,2,7,5,0,0,0,15,0
44,1,11,0,10,3,0,0,0,40,0
41,5,10,4,0,4,0,0,1504,40,0
32,1,13,4,10,1,0,0,0,48,0
42,3,11,2,7,0,1,3464,0,80,0
27,2,13,2,3,0,1,0,0,40,1
22,2,9,2,11,0,1,0,0,42,0
49,5,10,0,9,1,0,0,0,20,0
32,2,13,2,9,2,1,0,0,40,0
33,2,13,2,7,0,1,7688,0,38,1
41,4,10,6,4,4,1,0,0,40,0
42,2,13,2,13,0,1,0,0,48,1
45,2,10,0,7,1,0,0,0,40,0
39,2,6,2,6,0,1,0,0,40,0
27,1,13,4,9,1,0,0,0,40,0
59,4,13,2,4,0,1,0,0,30,0
31,4,10,2,2,0,1,0,0,40,0
18,5,7,4,0,3,0,0,0,5,0
50,4,15,2,9,0,1,0,2415,30,1
64,4,11,2,4,0,1,0,0,30,0
30,2,12,4,6,1,1,0,0,48,0
33,2,13,2,3,0,1,0,1902,60,1
48,2,9,4,7,1,1,0,0,40,0
47,1,9,2,3,0,1,0,0,40,0
52,2,9,2,9,5,0,0,0,40,1
28,2,13,2,9,0,1,0,0,40,1
51,3,12,2,11,0,1,0,0,38,1
37,2,10,0,12,4,0,0,0,40,0
32,2,9,2,2,0,1,0,0,48,0
29,2,9,0,6,4,0,0,0,40,0
43,1,14,4,3,1,0,10520,0,50,1
28,2,10,4,0,3,0,0,0,40,0
67,4,9,6,7,1,0,0,0,30,0
33,2,10,0,5,3,1,0,0,40,0
44,2,9,0,13,1,1,0,0,40,0
36,2,6,4,7,4,0,0,0,35,0
25,2,13,4,2,1,1,0,0,40,0
18,2,10,4,11,3,0,0,0,20,0
44,2,13,0,9,4,1,0,0,40,0
43,2,10,2,2,0,1,0,1902,40,1
29,2,13,4,11,1,0,0,0,60,0
34,1,10,2,3,0,1,0,0,40,0
38,2,13,2,7,0,1,0,0,35,0
50,2,10,2,2,0,1,0,0,40,0
38,1,9,2,10,0,1,0,0,40,1
36,2,13,2,11,0,1,0,1887,35,1
59,1,6,2,7,5,0,0,0,30,1
55,2,6,2,7,0,1,2580,0,40,0
44,2,9,0,11,1,0,0,0,40,0
48,2,7,2,6,0,1,0,0,40,0
39,1,13,2,3,0,1,0,0,40,1
44,0,12,0,3,1,0,2354,0,40,0
41,5,9,2,12,0,1,0,0,40,0
22,2,13,4,9,3,1,0,0,40,0
58,2,10,2,12,0,1,0,0,36,0
28,2,9,2,6,0,1,0,0,40,0
19,2,7,5,2,3,1,0,0,40,0
18,2,7,4,7,3,0,0,0,20,0
53,2,11,2,3,0,1,0,0,45,0
47,2,13,4,0,3,1,0,0,40,0
62,2,4,2,10,0,1,0,0,40,0
29,2,6,0,6,1,0,0,0,25,0
19,1,9,4,2,2,0,0,0,40,0
41,2,13,0,13,3,1,6497,0,40,0
60,4,10,2,4,0,1,0,0,15,0
47,4,13,2,11,0,1,0,0,60,0
41,2,13,2,3,0,1,0,0,40,1
41,4,9,2,4,0,1,7688,0,40,1
28,2,9,2,2,0,1,0,0,40,0
32,2,10,2,9,0,1,0,0,38,1
39,5,10,2,11,0,1,0,0,40,0
64,2,10,2,3,0,1,0,0,20,0
27,1,12,4,9,1,0,0,0,40,0
24,2,11,4,11,1,0,0,0,40,0
22,2,4,4,7,4,0,0,0,40,0
50,2,9,2,13,0,1,0,0,40,0
47,2,10,2,2,0,1,0,0,40,0
29,2,9,4,6,1,0,0,0,40,0
55,2,13,2,11,0,1,15024,0,50,1
21,2,10,4,11,3,0,0,0,40,0
28,2,9,0,11,2,1,0,0,50,0
28,2,9,4,2,3,1,0,0,45,0
17,2,6,4,11,2,1,0,0,30,0
43,1,13,4,9,1,0,0,0,40,1
41,1,13,4,9,4,0,0,0,40,0
50,2,4,2,2,0,1,0,0,40,0
45,2,16,2,3,0,1,0,0,60,0
25,1,13,4,0,2,0,0,0,40,0
39,0,11,2,9,0,1,0,0,50,0
49,2,9,2,11,0,1,5013,0,40,0
20,2,9,4,5,3,1,0,0,35,0
40,2,13,4,0,4,0,0,0,65,0
65,2,13,0,0,1,0,0,0,40,0
58,4,10,2,9,0,1,0,0,32,0
43,2,13,4,6,1,1,0,0,40,0
58,4,10,2,3,0,1,0,0,70,1
20,2,10,4,8,3,0,0,0,40,0
37,2,13,2,3,0,1,0,0,45,1
44,3,9,2,11,5,0,0,0,60,0
32,2,5,2,7,0,1,0,0,40,0
41,2,10,2,0,0,1,2829,0,40,0
41,4,9,2,2,0,1,99999,0,40,1
39,2,13,4,11,3,1,0,1092,40,0
46,2,12,6,12,4,0,6497,0,40,0
20,2,10,4,5,3,0,0,0,6,0
36,2,10,4,0,1,0,0,0,40,0
32,2,15,2,9,0,1,0,0,40,1
22,2,9,4,7,3,0,0,0,35,0
28,1,13,4,9,1,0,2202,0,50,0
23,1,9,4,7,3,1,0,0,40,0
50,3,10,2,3,0,1,0,0,99,1
33,2,13,2,9,5,0,0,0,40,1
35,1,14,2,9,0,1,0,0,40,0
28,2,9,2,0,5,0,0,0,15,0
23,2,9,4,2,3,1,0,0,40,0
36,2,10,2,9,0,1,0,0,20,1
46,2,10,2,3,0,1,15024,0,50,1
40,2,14,4,3,1,0,0,0,40,1
36,4,13,0,7,4,1,0,0,45,1
45,2,9,0,0,4,0,0,0,50,0
46,4,9,5,2,4,1,0,0,40,0
47,2,9,2,3,5,0,0,0,40,1
43,2,10,2,12,0,1,0,0,40,1
27,1,9,4,4,3,1,0,0,40,0
49,0,9,2,6,0,1,0,0,40,0
41,4,9,2,13,0,1,0,0,45,0
27,2,11,2,2,0,1,0,0,40,0
47,2,6,2,6,0,1,4064,0,40,0
50,2,9,2,2,0,1,0,0,40,0
56,2,13,2,0,0,1,0,0,40,1
62,2,11,2,12,0,1,0,0,40,1
24,2,9,4,7,3,1,0,1721,30,0
31,2,13,4,3,1,0,0,0,40,0
21,2,9,2,11,5,0,0,0,38,0
59,2,9,2,13,0,1,0,0,35,1
65,1,10,0,0,1,0,2964,0,35,0
37,5,12,2,3,0,1,0,0,45,0
54,3,13,2,3,0,1,7298,0,55,1
34,2,9,0,6,1,1,0,0,40,0
50,2,9,0,6,1,0,0,0,40,0
31,2,9,2,2,0,1,0,0,40,0
46,2,14,2,9,0,1,0,0,41,0
43,2,11,2,2,0,1,0,0,40,0
35,2,9,0,12,4,0,0,0,40,0
53,2,6,5,7,4,0,0,0,40,0
44,2,9,0,6,3,1,0,0,40,0
34,2,13,2,9,0,1,0,0,40,1
39,2,10,2,6,0,1,0,0,40,0
39,2,11,2,2,0,1,0,0,40,0
18,2,7,4,11,3,1,0,0,8,0
23,2,9,4,11,3,1,0,0,40,0
18,2,7,4,2,3,1,0,0,40,0
24,2,10,2,0,0,1,0,0,40,0
60,0,10,2,12,0,1,0,0,40,0
45,2,10,0,2,4,1,0,0,99,0
30,2,9,4,11,3,0,0,0,45,0
50,2,9,0,0,4,0,0,0,35,0
22,2,12,4,0,2,0,0,0,40,0
35,4,9,0,2,3,1,0,0,15,0
30,1,13,5,9,1,0,0,0,40,0
23,2,4,2,4,0,1,0,0,20,0
39,4,13,2,9,0,1,15024,0,50,1
20,2,10,4,0,3,1,0,0,35,0
48,2,10,0,9,4,0,0,0,20,0
38,2,13,2,0,5,0,0,0,50,1
22,2,9,4,11,3,0,0,0,40,0
26,2,13,4,11,3,1,0,0,40,0
46,2,15,2,9,0,1,99999,0,60,1
52,2,9,4,0,4,0,0,0,40,0
22,2,9,2,6,0,1,0,0,45,0
44,2,14,2,0,0,1,0,0,50,0
19,2,9,4,11,3,0,0,0,12,0
30,4,13,3,2,1,1,6849,0,60,0
38,2,13,2,9,5,0,0,0,40,1
50,2,14,2,9,0,1,0,1977,40,1
61,5,8,2,2,0,1,0,0,40,0
35,2,9,2,6,0,1,0,0,45,1
33,2,10,2,6,0,1,0,0,54,1
23,2,9,2,7,5,0,0,0,40,0
67,2,10,2,5,0,1,10566,0,15,0
41,2,13,6,3,4,1,0,0,20,0
74,0,9,6,7,1,1,0,0,17,0
34,2,13,2,9,5,0,0,1887,40,1
36,1,10,2,10,0,1,0,0,57,1
38,3,13,2,11,0,1,7688,0,40,1
25,2,13,4,11,1,0,0,0,45,0
35,2,7,4,2,1,1,0,0,40,0
26,2,9,4,7,1,0,0,0,16,0
36,2,9,4,7,4,0,0,0,30,0
19,2,10,4,11,3,0,0,0,34,0
19,2,9,4,2,1,0,0,0,40,0
41,2,9,2,6,0,1,0,0,48,0
31,2,13,2,11,0,1,15024,0,60,1
40,4,10,2,2,0,1,0,0,40,0
36,2,9,5,0,4,0,0,0,40,0
26,4,9,4,4,3,1,0,0,60,0
36,2,4,2,6,0,1,0,0,40,0
62,2,11,0,11,1,0,0,0,40,0
41,2,10,0,0,4,0,0,0,38,0
70,2,9,2,0,0,1,0,0,30,0
28,0,6,2,7,5,0,0,0,40,0
54,1,11,0,2,1,1,0,0,40,0
28,2,9,4,2,3,1,0,0,50,0
40,5,12,2,0,0,1,0,0,40,1
40,2,12,0,0,4,0,0,0,40,0
59,2,14,2,9,0,1,0,0,50,1
19,2,9,4,7,3,1,0,0,20,0
49,2,14,2,3,0,1,0,0,45,1
64,2,9,2,9,0,1,0,0,30,0
21,2,9,4,6,3,1,0,0,60,0
24,3,13,4,11,3,1,0,0,40,0
21,2,9,4,7,3,1,0,0,40,0
64,5,13,2,3,0,1,0,0,45,0
39,5,14,2,9,0,1,5013,0,56,0
33,2,10,2,6,0,1,0,0,50,0
17,2,7,4,7,3,0,0,0,20,0
42,2,6,4,13,4,1,0,0,40,1
32,2,13,2,11,0,1,0,1977,44,1
24,2,9,4,11,1,1,0,0,30,0
59,2,7,2,0,0,1,0,0,40,0
39,2,4,4,7,3,1,0,0,40,0
38,2,10,2,13,0,1,0,0,50,0
27,2,10,4,2,1,1,0,0,45,0
19,2,8,4,5,3,1,0,0,40,0
37,2,10,0,7,4,0,0,0,56,0
23,2,13,4,11,1,0,0,0,45,0
26,2,9,4,5,3,0,0,0,40,0
32,2,11,4,3,1,0,0,0,23,0
54,2,14,2,9,0,1,0,0,40,0
61,2,11,2,2,0,1,0,0,40,1
56,2,10,2,3,0,1,0,0,45,0
34,2,10,4,7,4,0,0,0,40,0
24,2,9,4,13,4,1,0,0,40,0
46,2,13,2,13,0,1,0,0,40,1
47,2,9,6,0,1,0,2174,0,40,0
28,2,10,4,2,4,1,0,0,48,0
46,2,10,2,12,0,1,0,0,40,1
57,4,9,2,2,0,1,0,0,50,1
36,2,13,4,0,1,0,0,0,32,0
29,2,10,4,11,4,0,0,0,25,0
70,2,10,6,11,1,0,0,0,34,0
23,2,9,2,0,5,0,3908,0,40,0
29,2,10,2,2,0,1,0,0,55,0
47,2,14,0,9,4,0,0,0,40,0
40,2,16,2,9,0,1,0,1977,45,1
61,2,11,2,12,0,1,0,0,40,1
19,2,3,4,4,1,1,0,0,36,0
39,2,11,5,0,3,0,594,0,40,0
64,3,9,2,2,0,1,2635,0,10,0
44,0,13,5,3,4,0,0,0,60,0
58,2,9,0,3,4,0,0,0,40,0
56,2,13,0,7,1,0,0,0,32,0
24,2,9,2,5,3,1,0,0,35,0
53,0,9,0,2,1,1,0,0,40,0
22,2,11,4,7,2,1,0,0,40,0
81,4,13,6,4,1,1,0,0,30,0
40,1,10,4,10,1,1,0,2444,40,1
25,2,13,4,11,3,0,0,0,40,0
57,2,9,2,5,0,1,0,0,40,0
28,2,10,2,0,0,1,0,0,40,1
31,1,9,0,9,4,1,0,0,33,0
56,1,10,0,0,1,0,0,0,35,0
42,2,10,0,6,1,0,0,0,40,0
22,2,9,4,2,3,0,0,0,40,0
39,2,13,2,2,0,1,0,0,52,0
46,2,9,0,10,1,1,0,0,40,0
49,2,9,2,11,0,1,0,0,60,1
33,2,10,3,11,4,1,0,1602,40,0
59,1,11,0,0,1,0,0,0,40,0
36,2,9,2,6,0,1,0,0,40,0
42,2,10,5,0,4,0,0,0,41,0
45,5,10,2,9,0,1,0,0,40,1
30,2,10,2,11,0,1,0,0,40,0
39,2,12,2,11,0,1,0,0,24,0
57,4,6,0,3,3,1,0,0,60,1
36,2,13,5,7,4,0,0,0,35,0
37,2,7,2,2,0,1,0,0,45,0
21,2,10,4,9,3,0,0,0,10,0
64,5,13,2,9,0,1,0,0,40,1
58,4,10,0,2,1,1,0,0,45,0
35,2,13,2,11,0,1,0,0,50,0
20,2,9,4,6,3,0,0,0,40,0
45,3,9,2,11,5,0,0,0,50,0
20,2,9,4,7,4,0,0,0,40,0
53,1,9,2,0,0,1,0,0,40,0
35,2,9,2,11,0,1,0,0,60,0
49,2,13,0,11,1,0,0,0,50,1
44,2,13,4,9,1,1,0,0,45,0
22,2,12,4,0,1,0,0,0,25,0
60,2,9,3,7,4,0,0,0,20,0
21,2,9,4,11,1,1,0,0,50,0
21,2,7,4,5,3,1,0,0,45,0
47,2,10,0,3,1,0,0,0,48,0
61,3,10,6,11,1,0,0,0,20,0
26,2,11,4,0,1,0,0,0,45,0
25,2,9,4,2,3,1,0,0,40,0
21,5,10,4,0,3,0,0,0,35,0
56,2,10,2,4,0,1,0,0,60,1
58,2,9,6,0,4,0,0,0,40,0
30,2,9,2,0,3,0,0,0,20,0
23,2,13,4,0,1,0,0,0,40,0
47,2,5,3,5,4,1,0,0,40,0
51,2,12,2,9,5,0,0,0,40,1
26,2,4,4,2,1,1,0,0,40,0
31,2,13,2,11,0,1,0,0,50,1
38,2,9,2,6,0,1,0,0,40,0
37,2,4,2,2,0,1,0,0,40,0
29,2,13,2,3,5,0,0,0,50,1
51,4,9,5,7,4,0,0,0,20,0
24,2,9,4,5,1,1,0,0,40,0
54,4,9,0,9,1,1,0,0,20,0
40,3,9,2,11,0,1,0,0,50,1
36,2,14,2,9,5,0,0,0,50,1
46,2,10,2,4,5,0,0,0,20,0
18,2,10,4,11,3,0,0,0,20,0
38,2,13,2,3,0,1,7688,0,40,1
56,2,10,2,9,0,1,0,0,40,1
44,5,9,2,9,5,0,0,0,40,1
35,2,10,2,11,0,1,0,0,40,0
27,2,9,0,13,2,1,0,0,40,0
44,2,9,4,7,4,0,0,0,38,0
18,2,10,4,6,3,0,0,0,20,0
34,2,9,2,2,0,1,0,0,40,0
29,2,13,2,9,5,0,0,0,46,1
50,2,14,2,2,0,1,0,0,40,1
18,2,10,4,11,3,0,0,0,15,0
38,2,6,2,13,0,1,3103,0,40,1
40,4,10,0,2,4,0,0,0,38,0
17,4,7,4,4,3,1,0,0,20,0
45,4,9,2,2,0,1,0,0,50,0
38,2,10,4,0,3,0,0,0,40,0
31,2,9,2,13,2,1,0,0,40,0
27,2,9,4,6,3,1,0,0,40,0
41,2,16,0,11,4,0,0,0,50,1
45,4,6,2,2,0,1,0,0,65,0
30,2,9,4,0,1,0,0,0,35,0
24,2,9,4,5,3,1,0,0,40,0
63,2,10,2,9,0,1,4386,0,40,1
56,4,9,0,7,1,1,0,0,50,0
49,4,9,2,3,0,1,3411,0,40,0
27,2,10,4,2,1,1,0,0,40,0
28,5,14,2,9,5,0,0,0,50,1
37,3,13,2,9,0,1,0,0,45,0
43,2,10,0,9,4,0,0,0,38,0
29,2,14,2,11,0,1,0,0,20,0
30,2,12,5,7,4,0,0,0,40,0
42,2,10,2,3,0,1,7298,0,52,1
43,2,10,2,2,0,1,0,0,40,0
28,2,13,2,11,0,1,0,0,45,1
30,2,13,4,9,1,1,0,0,50,0
27,2,13,4,12,1,1,0,0,40,0
61,1,14,2,3,0,1,7298,0,60,1
51,1,9,4,7,1,1,0,0,40,0
52,1,11,2,10,0,1,0,0,40,1
46,1,14,0,3,4,0,0,0,65,1
25,2,10,4,2,3,1,0,0,30,0
46,2,12,2,12,0,1,7298,0,40,1
36,2,10,2,3,0,1,0,0,10,0
47,2,9,2,2,0,1,0,0,50,1
44,2,10,0,3,1,1,0,0,50,0
52,2,9,2,11,5,0,0,0,40,0
25,2,9,2,6,0,1,0,0,45,0
36,2,13,2,3,5,0,0,0,40,1
51,4,10,2,3,0,1,0,0,99,1
40,2,10,0,13,1,0,0,0,40,0
63,2,9,2,11,0,1,0,0,21,0
73,2,2,2,13,0,1,0,1735,20,0
30,2,9,2,7,0,1,0,0,55,0
36,2,9,4,6,1,1,0,0,40,0
26,2,9,4,7,3,1,0,0,40,0
53,2,9,2,2,0,1,0,0,40,0
25,2,10,4,6,3,0,0,0,40,0
29,2,9,4,0,3,0,0,0,60,0
49,2,14,0,9,1,1,0,0,60,0
26,2,9,2,6,0,1,0,0,45,0
49,4,9,0,11,1,1,0,0,50,1
17,2,7,4,10,3,0,0,0,40,0
29,2,16,2,9,0,1,0,0,60,0
19,2,9,4,5,2,1,0,0,30,0
39,2,14,4,3,1,1,0,0,50,1
31,2,6,0,2,1,1,0,0,38,0
63,2,12,3,0,2,0,0,0,35,0
46,1,13,4,9,1,0,0,0,40,0
23,2,7,4,2,4,1,0,0,30,0
33,2,9,4,3,1,1,0,0,32,0
25,2,9,4,7,1,1,0,0,40,0
60,2,9,2,11,0,1,0,0,50,0
33,2,16,0,11,1,1,99999,0,60,1
65,2,10,2,10,0,1,0,0,16,0
76,2,3,4,5,1,1,0,0,20,0
53,1,14,0,9,4,0,0,0,50,0
35,2,14,2,11,0,1,0,0,40,1
41,2,10,0,11,3,1,2174,0,45,0
36,2,14,2,3,0,1,0,0,35,0
41,2,13,2,0,0,1,0,0,40,0
54,2,13,2,11,0,1,3103,0,40,1
32,2,9,4,0,3,1,0,0,38,0
32,2,13,4,3,1,0,0,0,46,1
48,4,11,2,3,5,0,0,0,25,1
38,2,9,2,13,0,1,0,0,60,0
22,2,9,4,7,1,1,0,0,20,0
33,2,10,2,11,0,1,0,0,40,0
48,4,13,2,9,0,1,0,0,40,0
43,2,9,2,11,2,0,0,0,44,0
26,2,11,4,0,1,0,0,1590,40,0
63,2,11,0,3,1,0,0,0,24,0
26,2,14,4,3,1,1,6849,0,50,0
42,5,12,0,7,1,0,0,0,40,0
33,2,9,2,0,5,0,0,1887,20,1
26,2,13,4,0,3,0,0,0,40,1
39,2,6,2,13,0,1,0,0,40,0
54,4,14,0,9,1,0,0,0,30,0
25,2,7,2,6,0,1,0,0,40,0
37,5,13,4,9,1,0,0,0,40,0
31,1,13,0,9,1,0,0,0,40,0
30,2,11,4,0,3,1,0,0,40,0
29,2,14,2,3,0,1,0,0,40,0
56,2,9,0,2,2,1,0,0,40,0
20,2,10,4,0,3,0,0,0,40,0
31,2,9,4,2,3,1,0,0,42,0
20,2,10,4,12,1,0,0,0,32,0
28,2,10,2,2,0,1,0,0,40,1
64,5,9,6,0,1,0,0,0,38,0
59,2,5,6,7,4,0,0,0,40,0
58,2,10,2,10,0,1,0,1902,40,1
19,1,10,4,0,3,0,0,1721,30,0
35,2,10,2,2,0,1,0,0,50,1
64,5,5,2,2,0,1,0,0,40,0
31,2,9,2,6,0,1,0,1573,40,0
25,2,12,2,0,5,0,0,0,40,0
27,2,6,2,5,0,1,0,0,40,0
28,2,13,2,3,0,1,3103,0,40,1
27,2,7,2,2,0,1,0,1740,40,0
37,4,13,2,3,0,1,7298,0,50,1
43,2,10,2,2,0,1,0,0,40,0
34,2,10,0,13,1,1,0,0,66,0
41,2,13,2,3,0,1,4386,0,50,1
47,1,13,2,9,0,1,0,0,50,1
45,2,9,4,11,1,1,0,0,40,0
45,3,11,0,11,4,0,0,0,30,0
57,2,10,5,11,1,0,0,0,40,0
39,2,10,0,0,4,0,114,0,45,0
53,5,9,2,10,0,1,0,0,40,0
59,2,14,2,3,0,1,0,0,40,1
19,1,10,4,6,1,1,0,0,40,0
40,2,10,4,3,4,0,0,0,40,0
54,2,9,6,13,1,1,0,0,45,0
28,2,15,4,9,1,1,0,0,60,0
26,5,13,4,9,3,1,0,0,38,0
47,5,10,0,9,4,1,0,0,20,0
17,2,7,4,7,3,0,0,0,15,0
37,2,9,0,11,4,0,0,0,40,0
31,2,10,2,11,0,1,0,0,40,1
24,2,13,4,3,3,0,0,0,37,0
31,2,10,2,3,0,1,0,0,40,1
40,4,9,0,3,1,1,0,0,50,0
65,2,13,2,13,0,1,0,0,20,0
46,2,10,2,10,0,1,0,0,40,1
57,5,16,0,9,4,0,0,0,50,0
39,1,9,2,10,0,1,15024,0,40,1
34,1,10,4,10,3,1,0,0,40,0
22,0,10,4,0,3,0,0,0,20,0
40,2,12,0,3,4,1,0,0,45,0
34,2,8,2,2,0,1,0,0,59,1
52,2,10,0,0,4,0,0,0,40,0
47,2,10,0,9,1,1,0,0,48,1
20,2,10,4,4,3,1,0,0,40,0
34,2,9,4,0,1,0,4865,0,40,0
41,0,10,2,0,5,0,0,0,40,1
22,2,10,4,0,3,0,0,0,40,0
24,2,10,2,2,0,1,0,0,50,0
38,3,13,2,11,0,1,15024,0,40,1
53,2,9,2,8,2,0,0,0,40,0
30,2,9,5,4,4,0,0,0,14,0
39,2,13,2,3,0,1,15024,0,40,1
55,2,9,2,2,0,1,0,1672,45,0
50,2,9,6,0,1,0,0,0,40,0
21,2,9,4,6,3,1,0,0,40,0
60,2,9,2,9,0,1,5013,0,40,0
43,2,10,2,2,0,1,0,0,60,0
22,2,9,4,7,3,0,0,0,40,0
20,2,10,4,9,3,0,0,0,10,0
38,2,10,4,0,3,0,0,0,40,0
38,4,12,2,11,0,1,0,0,60,0
48,1,13,2,9,0,1,0,0,40,0
25,2,10,4,0,3,0,0,0,40,0
52,1,10,0,3,1,0,0,0,38,0
27,1,9,2,5,0,1,0,0,40,0
51,2,9,0,2,1,1,0,0,40,0
60,2,9,6,6,1,0,0,0,40,0
60,2,9,2,12,0,1,0,0,40,0
68,2,16,2,9,0,1,20051,0,55,1
35,1,10,2,7,0,1,0,0,40,0
25,2,10,2,2,0,1,0,0,40,0
24,2,9,4,2,4,0,0,0,40,0
43,2,8,2,2,0,1,0,0,40,0
42,2,13,2,7,0,1,0,0,35,0
53,2,4,0,6,4,0,0,0,56,0
17,2,7,4,0,3,0,0,0,15,0
40,2,9,2,2,0,1,0,0,40,0
36,2,10,2,2,0,1,0,0,40,0
32,2,9,2,2,0,1,0,0,40,0
40,5,13,2,9,2,1,0,0,40,0
51,0,9,2,12,0,1,0,0,40,0
33,2,13,4,0,1,0,0,0,40,0
52,2,5,6,0,4,0,0,0,40,0
23,2,8,4,8,3,1,0,0,30,0
59,4,9,2,11,0,1,0,0,60,0
57,4,14,4,4,1,1,0,0,20,0
25,2,9,2,13,3,1,0,0,40,0
61,2,10,2,6,0,1,0,0,56,0
41,2,9,0,0,4,0,0,0,40,0
62,2,9,2,9,0,1,0,0,40,1
34,4,9,2,4,0,1,0,0,40,0
18,2,7,4,7,3,1,0,0,20,0
42,2,14,2,9,0,1,0,0,40,1
59,2,10,2,2,0,1,0,0,40,1
49,3,10,0,11,1,1,0,0,25,0
30,2,13,2,0,5,0,0,0,40,0
46,3,14,2,3,5,0,0,0,50,1
24,2,13,4,9,3,1,0,0,20,0
35,2,9,2,11,0,1,0,0,45,0
36,4,9,2,13,0,1,0,0,50,0
37,2,12,2,7,5,0,0,0,25,0
31,2,9,2,6,0,1,0,0,40,1
32,2,13,2,11,0,1,0,0,40,0
37,2,9,0,2,4,1,0,0,38,0
28,2,13,5,3,1,0,0,0,50,1
41,1,13,2,9,0,1,0,0,35,0
30,2,9,4,7,4,0,0,0,40,0
22,5,10,2,0,5,0,0,0,20,0
17,2,7,4,6,3,1,0,0,12,0
59,2,4,5,7,3,0,0,0,38,0
32,2,9,4,7,3,1,0,0,38,0
38,2,11,2,2,0,1,0,0,40,0
30,2,10,4,7,3,0,0,0,40,0
29,2,9,0,6,4,1,0,0,40,0
28,2,13,4,11,3,1,0,0,2,0
31,2,15,4,9,1,1,0,0,50,0
30,2,13,2,9,5,0,0,0,40,1
73,2,9,2,4,0,1,0,0,40,0
19,2,10,4,11,3,0,0,0,25,0
37,2,9,2,6,0,1,0,0,40,0
50,5,9,2,7,5,0,0,0,30,0
30,4,9,2,9,0,1,0,1977,15,1
33,2,9,2,11,0,1,0,0,40,1
39,2,9,2,4,0,1,0,0,65,0
21,2,9,4,5,1,1,3325,0,60,0
21,0,10,4,12,3,1,0,0,20,0
27,2,9,4,0,1,1,0,0,45,0
26,2,10,4,11,1,1,0,0,35,0
30,2,14,2,9,0,1,0,0,47,1
49,2,10,4,8,1,0,0,0,90,0
56,0,14,0,9,1,1,0,0,48,0
53,2,5,3,6,4,1,0,0,75,0
22,2,10,4,0,3,0,0,0,20,0
23,2,13,4,12,1,0,0,0,45,0
60,2,9,2,2,0,1,0,0,40,0
29,2,9,2,2,0,1,0,0,40,0
27,2,13,4,12,3,1,0,0,50,0
50,2,9,2,0,0,1,7298,0,45,1
27,2,9,5,2,3,1,0,0,40,0
56,2,5,2,2,0,1,0,0,40,0
23,2,10,4,11,3,1,0,0,36,0
19,2,10,4,11,3,1,0,0,30,0
49,1,13,4,9,1,0,0,0,50,0
42,2,9,0,7,4,1,0,0,35,0
54,3,10,2,11,0,1,0,0,54,1
42,1,10,2,0,5,0,0,0,40,0
53,2,8,2,5,2,1,0,0,40,0
30,0,10,5,9,1,0,0,0,40,0
41,4,14,2,3,0,1,7298,0,70,1
66,2,13,6,7,1,1,0,0,12,0
41,5,9,0,2,4,1,0,0,40,0
18,2,7,4,3,3,0,0,0,25,0
52,2,14,4,9,1,1,0,0,40,0
49,2,14,2,11,0,1,0,0,40,1
78,4,9,2,4,0,1,3471,0,50,0
48,2,13,2,11,0,1,0,1902,37,1
40,2,9,0,7,4,0,0,0,36,0
25,2,7,2,2,0,1,0,0,40,0
56,2,9,0,0,2,0,0,0,35,0
49,4,10,2,2,0,1,0,0,40,0
30,4,9,2,4,0,1,0,0,75,0
34,2,9,2,12,0,1,0,0,40,1
25,2,9,2,7,5,0,0,0,25,0
22,2,10,4,12,2,0,0,0,32,0
26,2,9,4,2,2,1,0,0,40,0
25,2,13,4,3,3,1,0,0,40,0
59,2,6,0,0,1,0,0,0,40,0
34,2,10,5,11,1,1,0,0,45,0
32,2,9,2,6,0,1,0,0,40,0
40,2,9,2,13,0,1,2829,0,50,0
27,2,10,4,6,3,1,0,0,40,0
30,2,10,2,5,0,1,0,0,32,0
42,2,10,2,2,0,1,0,1887,40,1
48,2,14,2,3,0,1,0,0,40,1
64,2,9,2,3,0,1,0,0,16,0
23,5,13,2,12,0,1,0,0,38,0
37,2,9,0,7,1,0,0,0,20,0
39,2,10,2,2,0,1,0,0,40,1
36,5,11,3,10,3,0,0,0,40,0
64,2,1,2,5,0,1,0,0,40,0
35,2,9,4,4,1,1,0,0,40,0
22,2,9,2,7,0,1,0,0,40,0
30,2,8,2,2,0,1,3908,0,40,0
33,2,9,2,11,0,1,0,0,20,0
29,1,14,4,9,2,0,1506,0,40,0
19,2,10,4,11,3,1,0,0,40,0
45,2,12,6,12,4,1,0,0,40,1
44,2,10,2,9,0,1,0,0,45,0
30,2,9,4,4,3,1,0,0,60,0
35,2,9,2,2,0,1,0,1740,40,0
34,2,14,2,3,0,1,0,1902,50,1
67,2,7,6,0,4,0,0,0,20,0
29,2,12,2,2,0,1,0,0,43,0
39,3,12,2,9,0,1,15024,0,50,1
33,2,12,2,3,0,1,0,0,50,0
64,3,13,2,3,0,1,0,0,50,0
39,2,12,2,0,0,1,0,0,40,0
54,2,9,2,2,0,1,0,0,40,0
38,2,9,2,12,0,1,0,0,40,1
48,1,14,4,9,1,0,0,0,52,0
23,2,10,4,0,3,0,0,0,40,0
43,2,9,2,0,5,0,0,0,25,1
47,2,13,2,3,5,0,0,0,40,1
29,2,13,4,3,1,0,0,2258,45,1
34,2,13,2,9,0,1,0,0,45,1
38,2,9,4,9,1,1,0,0,40,1
45,2,13,2,3,0,1,0,0,60,1
30,2,9,0,2,1,0,0,0,40,0
22,2,9,4,7,1,1,0,0,80,0
25,2,10,5,0,2,0,0,0,40,0
33,2,10,4,7,1,1,0,0,34,0
42,2,13,2,3,0,1,0,0,40,1
21,2,10,4,7,1,1,2907,0,40,0
47,2,11,2,3,0,1,15024,0,50,1
46,2,15,2,9,0,1,0,0,40,1
28,2,9,2,2,0,1,0,0,45,0
37,2,13,4,2,1,1,0,0,40,0
58,1,13,2,9,5,0,0,0,40,1
31,4,9,0,7,4,0,0,0,40,0
44,2,13,0,0,4,0,0,0,40,0
44,2,9,4,3,1,0,0,0,40,0
18,2,9,4,7,3,0,0,0,20,0
21,2,10,4,11,3,0,0,0,20,0
55,1,10,2,9,0,1,0,0,40,1
47,2,10,6,3,1,0,0,0,45,0
44,2,9,2,13,0,1,0,0,45,0
18,2,10,4,11,3,0,0,0,10,0
47,1,11,0,0,1,0,0,0,40,0
31,1,9,4,0,1,0,0,0,40,0
18,2,5,4,11,3,0,0,0,32,0
41,2,9,2,0,0,1,0,0,40,1
67,2,9,6,11,1,0,991,0,18,0
40,2,13,2,2,0,1,0,0,50,1
38,2,9,2,6,5,0,0,0,40,0
27,2,9,2,13,0,1,0,1902,45,0
50,2,14,0,3,1,0,0,0,35,0
28,2,12,0,0,1,0,0,0,40,0
60,2,9,0,10,1,1,0,0,40,0
38,2,10,0,3,4,0,0,0,40,0
39,2,9,0,3,4,0,0,0,40,0
69,2,11,6,0,4,0,0,0,40,0
57,3,13,2,3,0,1,0,1977,40,1
42,3,10,2,3,0,1,0,0,60,0
19,5,10,4,7,3,1,0,0,10,0
25,2,9,4,4,1,1,0,0,36,0
28,2,9,4,13,3,1,2597,0,40,0
28,2,9,0,5,1,0,0,0,40,0
27,5,13,4,9,1,1,0,0,40,0
17,2,7,4,11,3,0,0,0,18,0
52,2,2,2,6,0,1,0,0,40,0
22,2,9,2,12,0,1,0,0,40,0
42,4,10,2,4,0,1,0,0,60,0
57,2,3,0,7,1,0,0,0,37,0
34,5,14,2,6,0,1,0,1848,40,1
27,2,9,0,12,1,0,0,0,45,0
50,1,14,2,3,0,1,0,0,45,1
31,2,14,2,9,0,1,0,0,50,0
28,0,12,2,0,0,1,0,0,40,0
34,2,9,2,2,0,1,0,0,50,0
44,2,10,6,11,1,0,0,0,25,0
22,2,11,4,7,1,0,0,0,30,0
25,2,9,4,5,2,1,0,0,45,0
20,2,10,4,7,3,1,0,0,16,0
45,0,14,2,11,0,1,0,0,50,1
19,2,7,4,11,3,1,0,0,25,0
41,2,9,2,4,0,1,0,0,40,0
23,2,13,4,9,3,0,0,0,40,0
31,2,9,4,7,4,1,0,0,18,0
28,2,6,4,13,1,1,0,0,45,0
28,2,13,2,3,0,1,0,1902,57,1
65,4,12,6,9,1,0,0,0,50,1
69,2,10,2,9,0,1,0,0,40,1
27,2,9,2,0,0,1,0,0,40,0
35,4,9,3,7,1,0,0,0,40,0
19,2,9,2,2,0,1,0,0,40,0
37,2,12,2,3,0,1,0,0,65,1
30,2,9,0,13,1,1,0,0,55,0
28,3,14,2,11,0,1,5178,0,40,1
35,2,9,4,3,1,1,0,0,60,0
51,2,13,2,5,0,1,0,0,40,0
32,4,9,0,3,4,0,0,0,40,0
35,2,5,2,2,0,1,0,0,40,0
64,2,9,2,13,0,1,0,0,16,0
25,2,13,4,3,3,0,0,0,40,0
43,1,14,4,12,1,0,8614,0,47,1
45,4,8,0,2,2,1,0,0,35,0
33,2,13,4,11,1,1,0,0,50,1
21,2,10,4,11,3,1,0,0,15,0
55,2,9,2,2,0,1,0,0,40,1
28,3,13,4,11,1,1,0,0,50,0
49,1,14,6,9,4,0,0,323,20,0
56,2,5,0,0,1,1,0,0,40,0
35,4,7,2,9,0,1,0,0,4,0
18,2,7,4,0,3,0,0,0,15,0
23,5,11,2,10,0,1,0,0,40,0
53,2,5,2,5,0,1,0,0,41,1
23,2,12,4,9,1,0,0,0,50,0
32,2,10,4,7,3,0,0,0,15,0
45,2,14,2,12,0,1,0,0,50,1
47,2,4,2,2,0,1,0,0,40,1
43,2,10,2,2,0,1,0,0,40,0
34,2,9,2,2,0,1,0,0,40,0
22,5,10,4,7,3,0,0,0,15,0
44,3,10,2,3,0,1,7688,0,45,1
47,2,10,2,9,0,1,0,0,40,1
20,2,6,4,11,1,1,0,0,40,0
36,2,6,4,4,3,1,0,0,60,0
25,0,9,4,0,2,0,0,0,40,0
49,2,8,4,13,1,1,0,0,35,0
35,2,13,2,3,0,1,0,0,60,1
63,4,14,5,9,1,1,0,0,40,1
63,2,9,2,0,0,1,0,0,40,0
32,2,12,2,5,0,1,0,0,40,0
38,2,7,2,2,0,1,0,0,40,0
26,2,10,4,7,3,0,0,0,45,0
52,4,8,2,3,0,1,0,0,50,1
22,2,10,4,12,3,1,0,0,40,0
41,2,10,2,12,0,1,0,0,40,1
34,2,7,3,2,1,1,0,0,55,0
20,2,6,4,11,1,0,0,0,30,0
36,2,9,4,2,4,1,1506,0,40,0
53,2,12,2,11,0,1,0,0,80,1
40,2,9,2,2,0,1,0,0,45,0
44,2,13,2,13,0,1,0,0,52,1
61,2,9,4,0,1,0,0,0,34,0
40,2,14,4,0,3,0,0,0,40,0
43,2,9,6,6,1,0,0,0,40,0
60,4,5,2,13,0,1,0,0,70,0
70,1,14,4,9,4,0,7896,0,50,1
19,2,10,4,7,3,0,0,0,20,0
45,2,9,4,13,1,1,0,0,40,0
31,3,13,2,11,0,1,3908,0,50,0
28,2,9,0,13,1,1,0,0,50,0
26,2,10,4,11,1,0,0,0,40,0
29,2,9,2,5,0,1,0,0,40,0
62,2,13,2,11,0,1,0,0,40,0
28,3,9,2,2,0,1,0,0,50,0
38,5,14,2,3,0,1,7298,0,60,1
58,2,10,2,11,0,1,0,0,40,1
36,2,9,2,2,0,1,0,0,44,0
26,2,11,0,2,3,1,0,0,40,0
44,4,9,2,3,0,1,0,0,40,0
42,2,9,2,3,5,0,0,0,40,0
42,2,9,2,6,0,1,0,0,40,0
39,4,9,4,3,1,1,0,0,50,0
61,5,7,6,7,4,0,0,0,32,1
57,2,9,4,3,1,0,0,0,45,0
20,2,5,2,6,0,1,0,0,40,0
28,2,9,3,7,1,0,0,0,40,0
58,0,10,2,12,0,1,0,1485,40,1
53,2,9,2,2,0,1,0,0,40,0
32,0,15,2,9,0,1,0,0,40,1
42,2,9,4,3,4,0,0,0,25,0
44,2,13,4,3,1,0,0,0,5,0
33,2,9,0,7,4,0,0,0,40,0
59,1,6,6,7,1,0,0,0,25,0
26,4,10,4,7,1,0,0,0,48,0
31,1,10,2,7,0,1,0,0,40,0
53,2,9,0,11,1,0,2597,0,40,0
32,2,12,4,0,1,0,0,0,45,0
19,2,10,4,5,3,1,0,0,35,0
33,2,3,2,4,0,1,0,0,40,0
47,2,9,2,2,0,1,0,0,40,0
41,2,9,2,13,5,0,0,0,20,0
51,2,9,2,6,0,1,0,0,40,1
50,3,13,2,11,0,1,0,0,60,1
51,1,16,0,9,1,0,0,0,45,1
32,2,6,3,7,1,0,0,0,37,0
46,2,11,5,9,1,1,0,0,40,0
41,2,10,2,3,0,1,0,0,60,0
35,2,13,2,13,0,1,0,0,40,0
26,2,9,5,3,3,0,0,0,40,0
22,2,7,4,11,4,0,0,0,25,0
28,2,6,4,2,1,1,0,0,40,0
40,5,11,2,7,0,1,0,0,30,0
30,2,15,6,7,1,1,0,0,35,0
18,2,9,4,0,3,0,0,0,20,0
33,1,12,2,2,0,1,0,0,50,0
37,4,15,2,9,0,1,15024,0,60,1
59,4,9,2,4,0,1,0,0,40,1
33,2,10,2,9,5,0,0,0,40,0
32,2,9,4,3,1,1,0,0,40,0
37,4,7,2,13,0,1,0,0,40,0
37,2,9,0,7,1,0,0,0,40,0
26,2,3,5,2,1,1,0,0,35,0
18,2,9,4,11,3,1,0,0,20,0
17,2,6,4,7,3,1,0,0,30,0
25,1,13,4,9,1,1,0,0,30,0
31,2,9,0,9,1,0,0,0,40,0
45,2,12,4,3,1,0,0,0,40,0
18,2,9,2,5,0,1,0,0,40,0
46,1,13,2,9,0,1,0,0,60,0
42,2,13,2,11,0,1,0,1887,40,1
32,2,9,4,2,3,1,0,0,38,0
27,2,15,4,9,3,1,0,0,40,0
24,4,10,4,4,3,1,0,0,60,0
35,5,10,4,0,3,0,0,0,38,0
34,4,9,4,4,1,1,0,0,40,0
31,0,9,2,0,5,0,0,0,40,1
29,2,13,2,12,0,1,0,0,40,1
23,1,10,4,10,3,1,0,0,40,1
69,2,13,0,5,1,1,0,0,40,0
41,4,10,2,2,0,1,0,0,40,0
59,2,9,6,0,4,0,0,0,60,0
28,2,9,2,2,0,1,0,0,40,0
17,2,6,4,7,3,0,0,0,25,0
71,2,9,6,0,4,0,0,0,25,0
20,2,10,4,11,3,0,0,0,20,0
35,2,10,2,2,0,1,0,0,60,0
24,2,5,3,11,1,0,0,0,35,0
49,2,14,2,3,0,1,15024,0,80,1
33,2,6,2,6,0,1,0,0,40,0
60,2,3,2,13,0,1,0,0,40,0
40,2,12,0,3,1,0,0,0,40,1
41,5,13,2,4,0,1,0,0,40,1
64,2,10,2,0,0,1,0,0,40,0
37,2,9,4,10,1,1,0,0,40,0
38,2,6,0,2,1,1,0,0,40,0
41,4,10,2,4,0,1,5013,0,70,0
62,2,9,2,6,0,1,0,0,50,0
45,5,9,0,13,1,1,0,0,48,0
23,2,10,3,5,4,1,0,0,40,0
27,2,9,4,7,1,0,0,0,42,0
42,1,13,2,9,5,0,0,0,40,1
49,2,14,2,3,0,1,15024,0,50,1
31,2,3,2,5,0,1,0,0,40,0
61,4,9,2,13,0,1,0,0,40,0
32,2,13,2,11,0,1,0,0,40,1
43,5,10,0,0,1,1,0,0,50,1
38,2,10,3,9,3,0,0,0,40,0
24,2,12,4,3,3,1,0,0,40,0
23,2,10,0,0,2,0,0,0,20,0
20,2,9,4,2,3,1,0,0,40,0
37,2,10,3,9,1,0,0,0,30,0
43,2,15,5,12,1,1,0,0,50,1
34,2,9,4,2,1,1,0,0,48,0
18,2,7,4,11,3,1,0,0,13,0
26,2,13,4,2,1,1,0,0,40,0
26,2,9,4,8,2,0,0,1602,15,0
34,1,10,0,0,4,0,0,0,35,0
28,2,9,4,5,2,1,0,0,20,0
39,0,13,2,10,0,1,0,1887,60,1
37,0,10,4,2,1,1,0,0,40,0
43,2,10,0,0,3,0,0,0,40,0
37,2,9,0,12,4,1,0,0,40,0
33,2,14,4,3,1,1,0,0,40,1
28,2,9,0,7,4,0,0,0,20,0
30,2,10,4,5,1,1,0,0,40,0
56,2,7,0,6,1,0,0,0,40,0
26,2,10,1,10,0,1,0,0,40,0
45,2,11,0,7,1,0,0,0,8,0
30,0,13,4,9,1,1,0,0,40,0
20,2,14,4,3,3,1,0,0,25,0
55,2,9,0,2,1,1,0,0,45,0
18,2,10,4,11,3,0,0,0,40,0
34,2,9,0,7,3,1,0,0,40,0
26,2,7,2,0,0,1,0,0,40,1
47,4,13,2,11,0,1,0,0,40,0
20,2,10,4,3,3,0,0,0,30,0
51,2,6,2,2,0,1,0,0,40,0
18,4,7,4,7,3,0,594,0,4,0
36,2,13,2,9,0,1,0,0,45,0
27,5,14,4,9,1,1,0,0,40,0
29,2,10,2,0,5,0,7298,0,50,1
24,2,10,2,6,0,1,0,0,40,0
36,2,5,4,5,3,1,0,0,40,0
61,4,13,2,13,0,1,0,0,60,0
36,2,13,2,9,0,1,0,0,50,1
37,4,9,2,13,0,1,0,0,55,0
62,2,13,2,3,0,1,0,0,35,1
42,2,9,2,2,0,1,0,0,50,1
64,2,16,2,9,0,1,0,0,60,1
20,2,5,4,6,4,0,0,0,40,0
52,2,14,2,3,0,1,0,0,40,0
23,3,13,0,11,1,0,0,0,43,0
17,2,6,4,0,3,0,0,0,4,0
37,4,9,2,6,0,1,0,0,40,0
47,5,9,2,10,0,1,0,0,40,0
44,2,9,2,12,0,1,0,0,45,1
56,2,10,2,2,0,1,0,0,45,0
29,2,11,4,0,1,1,0,0,70,0
44,4,13,0,2,3,1,0,0,40,0
35,1,13,2,9,0,1,0,0,50,0
36,2,9,2,6,0,1,0,0,50,1
46,2,13,4,11,1,1,0,1504,40,0
38,5,10,2,10,0,1,7688,0,40,1
44,2,13,2,12,5,0,0,0,20,1
31,2,3,2,2,0,1,0,0,40,0
21,2,11,4,10,1,1,0,0,40,0
46,2,14,2,9,0,1,0,1977,50,1
61,2,5,6,3,1,1,0,0,65,0
32,1,13,4,9,1,1,0,0,35,0
34,2,7,2,6,0,1,0,0,40,0
40,2,13,2,4,0,1,0,0,40,0
26,4,11,0,7,4,0,0,0,55,0
17,2,8,4,7,3,1,0,0,16,0
52,4,14,2,4,0,1,0,0,45,0
38,1,14,5,9,4,0,0,0,40,0
49,4,3,2,2,0,1,0,0,35,0
23,3,9,2,11,0,1,0,1977,40,1
37,2,9,4,6,4,1,1506,0,40,0
27,2,9,2,2,0,1,0,0,40,0
18,2,9,4,7,3,0,0,0,20,0
21,1,8,4,5,4,0,0,0,20,0
74,4,9,2,11,0,1,0,2149,20,0
49,1,16,2,9,0,1,0,0,45,1
20,2,10,4,7,3,0,0,0,40,0
21,2,9,4,9,4,0,0,0,55,0
48,2,9,0,0,4,0,0,0,45,0
20,2,10,4,5,3,1,0,0,20,0
38,2,10,0,0,4,0,0,0,40,0
18,2,7,4,0,3,0,0,0,20,0
33,2,14,2,3,0,1,7298,0,45,1
40,2,13,2,9,0,1,0,0,40,1
26,2,8,2,8,5,0,0,0,40,0
28,2,9,4,7,1,0,0,0,46,0
45,4,10,4,11,3,0,0,0,35,0
70,2,4,2,7,0,1,0,0,25,0
55,2,9,2,3,0,1,0,0,40,0
63,2,9,2,11,0,1,0,0,35,0
28,2,11,4,3,3,0,0,0,40,0
32,2,13,4,3,1,1,0,0,55,1
19,0,10,4,5,3,1,0,0,20,0
30,2,10,0,2,1,1,0,0,40,0
20,2,8,4,6,3,1,0,0,40,0
39,2,14,0,9,3,0,1506,0,40,0
58,3,10,6,11,1,0,0,0,20,1
28,2,9,4,5,3,0,0,0,40,0
34,2,9,4,12,3,1,0,0,40,0
34,3,10,2,3,0,1,0,0,45,1
30,2,10,4,3,3,0,0,0,40,0
49,2,9,4,5,3,1,0,0,80,0
36,1,9,0,0,4,0,0,0,40,0
65,2,9,2,2,0,1,2290,0,40,0
22,2,9,4,7,1,1,0,0,25,0
25,2,10,2,2,0,1,0,0,40,0
27,1,14,4,9,3,1,0,0,52,0
34,2,9,3,6,4,0,0,0,40,0
27,5,15,2,9,0,1,0,0,60,0
49,2,7,0,3,1,0,0,0,38,0
34,1,13,2,9,0,1,0,0,45,1
63,2,4,3,7,4,0,0,0,40,0
30,1,9,5,7,4,1,0,0,40,1
28,2,13,4,9,1,1,0,0,47,0
27,2,15,4,9,3,0,0,0,40,0
22,2,9,4,5,3,1,0,0,40,0
41,2,9,4,6,3,0,1831,0,40,0
61,2,13,0,11,1,1,4787,0,48,1
39,4,16,4,9,1,1,4787,0,40,1
27,1,13,3,9,1,0,0,0,50,0
57,1,11,2,10,0,1,0,0,40,1
29,2,13,4,11,1,1,0,0,45,0
55,3,9,2,3,0,1,0,1977,45,1
81,2,4,6,6,4,0,1264,0,40,0
39,2,9,2,7,2,0,0,0,40,0
59,2,12,2,2,0,1,7298,0,20,1
33,2,9,2,12,5,0,0,1902,40,1
38,0,9,4,13,1,1,6849,0,50,0
44,2,6,4,11,4,0,0,0,35,0
46,4,14,4,3,1,1,0,0,25,0
35,2,9,4,2,4,0,114,0,40,0
44,0,13,2,0,0,1,0,1977,40,1
55,2,6,3,2,1,1,0,0,50,0
52,2,13,2,3,0,1,0,1887,40,1
17,2,6,4,11,4,0,0,0,12,0
48,2,7,0,0,1,1,0,0,40,0
18,2,9,4,7,3,0,0,0,20,0
33,2,13,4,5,2,0,0,0,40,0
22,2,10,4,0,3,1,0,0,50,0
31,2,13,4,11,1,1,4101,0,50,0
30,2,10,4,0,1,0,0,0,40,0
19,1,9,4,10,3,0,0,0,36,0
19,2,9,4,6,3,1,0,0,43,0
42,2,9,4,6,3,0,0,0,40,0
28,2,9,4,9,2,0,0,0,40,0
36,2,9,2,6,0,1,0,0,50,0
29,2,9,5,6,1,1,0,0,40,0
37,0,9,0,12,4,0,0,0,40,0
61,2,3,2,13,0,1,2290,0,40,0
35,2,10,4,6,1,0,0,0,30,0
35,2,14,2,2,0,1,0,0,40,0
49,5,9,6,3,1,0,0,0,40,0
32,2,13,4,9,1,1,0,1876,50,0
33,1,12,2,5,0,1,0,0,40,0
18,2,7,4,5,1,1,0,0,25,0
44,2,11,6,3,4,0,0,0,30,0
39,2,10,0,4,4,0,0,0,45,0
41,2,15,0,9,4,0,0,0,38,0
27,2,13,0,9,1,1,0,0,50,0
17,2,7,4,11,3,0,0,0,35,0
26,2,13,4,0,3,0,0,0,40,0
39,2,9,4,2,1,1,0,0,40,0
20,2,10,4,7,2,0,4416,0,25,0
23,2,9,4,4,3,1,0,0,40,0
37,2,12,4,12,1,1,0,0,46,0
29,2,9,2,6,5,0,0,0,40,0
23,2,3,4,5,1,1,0,0,55,0
44,4,9,2,3,0,1,0,0,66,0
51,1,14,2,9,5,0,0,0,70,1
50,2,9,2,2,0,1,0,0,60,1
18,3,9,4,4,3,0,0,0,8,0
22,2,11,4,3,1,1,0,0,40,0
34,2,10,2,5,0,1,0,0,40,0
31,0,12,2,12,0,1,0,0,40,0
68,5,14,6,9,1,0,0,0,5,0
48,2,10,2,13,0,1,0,0,45,1
61,2,3,0,13,1,1,0,1876,56,0
22,2,8,4,5,1,1,0,0,40,0
43,3,13,2,11,0,1,0,0,45,1
27,5,14,4,9,1,1,0,0,40,0
28,2,9,4,7,3,1,0,0,30,0
48,0,10,4,0,1,1,0,0,30,0
49,2,10,2,2,0,1,0,0,40,0
33,2,9,2,2,0,1,0,0,40,0
26,2,11,4,0,3,0,0,0,40,0
51,2,9,2,2,0,1,0,0,40,0
35,2,13,0,7,3,0,0,0,40,0
52,1,10,2,0,5,0,0,0,72,0
44,2,10,2,9,0,1,0,0,40,1
57,4,9,2,2,0,1,3137,0,40,0
38,2,10,0,3,1,1,0,0,50,0
44,2,10,0,0,4,0,0,0,40,0
49,4,9,2,11,0,1,0,0,40,0
53,2,9,2,2,5,0,0,0,45,1
35,2,12,2,0,0,1,0,0,40,1
26,2,13,4,9,1,1,0,0,50,0
79,0,16,6,3,1,1,0,0,6,1
33,2,9,0,0,2,0,0,0,40,0
40,2,13,0,3,1,1,0,0,55,1
19,2,10,4,5,1,0,0,0,35,0
42,0,10,2,0,0,1,0,0,40,1
33,1,10,2,0,5,0,0,0,40,0
48,2,13,2,3,0,1,0,0,48,1
51,2,12,4,0,1,0,0,0,40,0
21,2,4,4,4,3,0,0,0,38,0
31,2,9,2,2,0,1,0,0,40,0
21,2,10,4,12,3,0,0,0,4,0
64,4,9,2,13,0,1,0,0,50,0
26,2,13,4,3,1,0,0,0,50,0
43,2,13,2,3,0,1,0,0,45,1
20,2,10,4,11,3,0,0,0,30,0
34,2,13,2,3,0,1,0,0,40,1
48,2,10,5,11,4,0,0,0,35,0
33,2,13,4,3,1,0,0,0,55,1
54,2,9,2,13,0,1,7688,0,60,1
50,2,14,2,9,0,1,0,0,50,1
20,2,10,4,9,3,1,0,0,40,0
29,2,9,2,13,0,1,0,0,40,0
23,5,8,4,3,1,1,0,0,40,0
32,2,10,2,0,5,0,0,0,40,1
23,5,10,4,10,3,1,0,0,60,0
57,2,10,2,2,0,1,0,0,40,0
45,2,16,2,9,0,1,0,0,50,1
52,2,13,2,3,0,1,0,0,40,1
38,2,13,2,9,0,1,0,0,40,1
32,1,13,0,9,1,1,0,0,40,0
29,2,13,4,11,3,1,0,0,40,0
36,2,9,2,2,0,1,0,0,40,0
23,2,9,4,12,3,1,0,0,50,0
29,2,10,0,5,1,1,0,0,45,0
58,2,16,2,9,0,1,0,0,50,1
37,2,13,2,3,5,0,0,0,37,1
25,2,13,4,3,1,1,0,0,35,0
28,2,13,2,3,0,1,0,0,42,1
43,1,11,4,0,1,0,0,0,35,0
41,1,10,0,3,1,0,0,0,40,0
18,2,6,4,13,1,1,0,0,56,0
40,2,9,0,7,1,0,0,0,35,0
52,0,9,2,12,0,1,0,0,40,0
35,2,7,5,13,1,1,3674,0,40,0
43,1,14,6,9,4,0,0,0,40,0
51,2,14,2,9,0,1,7688,0,45,1
35,2,9,5,0,4,0,0,0,32,0
23,2,10,2,2,2,1,0,0,40,0
38,2,9,2,2,0,1,0,0,40,0
50,2,3,2,6,5,0,0,0,35,0
41,2,10,0,0,1,0,0,0,24,0
48,4,10,2,2,0,1,7688,0,40,1
61,2,9,2,12,0,1,0,0,40,1
29,2,4,2,13,0,1,0,0,40,0
39,2,9,0,8,4,0,0,0,22,0
43,2,13,2,3,0,1,15024,0,50,1
54,2,1,2,2,0,1,0,0,40,0
25,2,13,4,0,1,0,0,0,40,0
38,2,9,2,6,0,1,0,0,48,1
56,2,9,2,3,0,1,0,0,40,1
57,2,13,6,9,4,1,10520,0,40,1
33,2,9,2,11,0,1,0,0,44,1
31,2,12,2,2,0,1,0,0,40,0
36,2,7,2,2,0,1,0,0,50,0
62,2,9,2,7,0,1,0,0,20,0
25,2,10,2,7,5,0,0,0,60,0
50,2,4,2,11,0,1,0,0,49,0
21,2,9,4,0,3,0,0,0,40,0
34,2,9,4,5,1,1,0,0,40,0
45,2,4,2,6,0,1,0,0,40,0
21,2,9,4,7,2,1,0,0,40,0
29,2,9,0,11,1,1,0,0,34,0
21,2,9,4,6,3,0,0,0,40,0
56,2,9,6,7,4,0,0,0,40,0
31,2,9,2,2,0,1,0,0,55,0
44,2,9,2,4,0,1,0,0,70,0
54,2,14,2,7,0,1,0,0,40,0
27,2,15,4,9,1,0,0,0,45,0
37,2,9,2,6,0,1,0,0,40,0
28,2,9,2,3,0,1,4386,0,45,1
33,2,9,4,6,1,1,0,0,40,0
34,5,14,4,9,4,0,0,0,40,0
26,2,9,4,2,2,1,2597,0,40,0
47,2,3,2,6,0,1,0,0,40,0
35,4,7,2,2,0,1,0,0,36,0
59,2,4,5,6,1,1,0,0,40,0
34,1,14,4,9,1,0,0,0,40,0
25,2,13,4,0,1,0,0,0,40,0
60,2,4,0,0,1,0,0,0,35,0
49,2,9,2,11,0,1,0,0,15,0
62,2,4,2,7,0,1,0,0,40,0
24,2,9,4,3,3,0,0,0,50,0
37,2,10,2,6,0,1,0,0,50,1
42,2,10,2,6,5,0,0,0,48,1
20,2,9,4,5,3,1,0,0,45,0
44,1,11,4,2,1,1,0,0,44,0
27,2,9,2,6,0,1,0,0,40,0
21,2,11,4,0,1,0,0,0,40,0
40,0,13,4,0,1,1,0,0,40,0
39,2,11,0,7,1,0,0,0,40,0
24,0,9,4,0,1,0,0,0,40,0
49,2,9,0,11,1,0,0,0,32,0
22,2,10,3,0,3,0,0,0,39,0
28,2,9,2,13,0,1,0,1848,40,1
33,2,9,0,2,1,0,0,0,40,0
18,2,10,4,11,3,0,0,0,20,0
45,2,6,0,7,4,0,0,0,40,0
42,2,10,0,3,1,0,0,1741,50,0
50,2,9,3,13,1,1,0,0,45,0
74,1,4,6,7,1,0,0,0,35,0
19,2,3,4,4,1,1,0,0,36,0
37,1,9,4,7,1,1,0,0,40,0
37,2,15,2,3,0,1,0,0,40,1
23,5,11,4,12,1,0,0,0,40,0
31,5,10,4,12,1,1,0,0,13,0
35,2,11,0,9,4,0,0,0,40,0
50,4,9,2,3,0,1,0,1887,40,1
25,2,9,2,13,0,1,0,0,45,0
40,2,7,2,6,0,1,0,0,30,0
17,2,7,4,11,3,0,0,0,30,0
21,2,10,4,7,3,0,0,0,25,0
40,2,9,3,5,1,1,0,1669,40,0
53,2,9,2,2,0,1,0,0,40,0
30,2,13,4,11,3,1,0,0,18,0
25,2,13,4,3,1,1,4101,0,35,0
26,2,9,4,3,3,0,0,0,40,0
28,5,10,5,3,3,1,0,2339,40,0
46,2,13,2,4,0,1,0,0,40,0
47,2,9,4,12,2,1,0,0,50,0
28,2,5,4,6,4,1,0,0,40,0
44,2,10,0,0,2,0,0,0,40,0
58,2,9,2,2,0,1,0,0,40,0
40,5,14,2,9,0,1,0,0,35,1
19,2,10,4,11,3,0,0,0,25,0
24,2,13,4,11,1,1,0,0,45,0
30,1,13,2,10,0,1,0,0,45,1
42,2,3,3,4,1,1,0,0,35,0
23,2,9,5,0,2,1,0,0,46,0
49,2,9,0,5,1,0,0,0,40,0
33,2,10,0,0,1,0,0,0,40,0
42,5,10,0,12,1,1,0,0,40,0
25,2,9,4,5,2,0,0,0,43,0
17,2,7,4,11,3,0,0,0,16,0
47,2,13,2,3,0,1,0,0,45,1
33,2,9,2,10,0,1,2635,0,16,0
32,2,13,4,0,1,1,0,0,40,0
34,2,9,4,0,1,0,0,0,40,0
45,2,11,0,0,1,0,0,0,40,0
44,3,13,2,11,0,1,0,0,40,1
47,2,12,2,2,0,1,0,0,40,0
53,2,9,2,13,0,1,0,0,60,1
43,0,14,2,10,0,1,0,0,35,1
27,2,10,2,11,5,0,0,0,42,1
29,2,9,4,2,3,1,0,0,40,0
26,2,9,2,11,0,1,5013,0,38,0
30,2,10,4,11,1,1,0,0,45,0
30,2,9,4,6,3,1,0,0,40,0
25,1,12,4,0,3,0,0,0,38,0
23,2,13,4,9,1,0,0,0,40,0
28,2,9,2,13,0,1,0,0,50,0
44,2,11,4,8,1,1,594,0,25,0
33,5,13,2,9,0,1,0,0,15,0
35,2,13,2,9,0,1,0,0,48,1
74,2,15,2,9,0,1,99999,0,50,1
24,2,10,3,0,3,0,0,0,45,0
32,2,9,2,13,0,1,0,0,80,1
61,2,2,2,6,0,1,0,0,60,1
19,2,10,4,7,2,0,0,0,35,0
51,2,5,2,13,0,1,0,0,45,0
35,2,9,4,6,1,0,0,0,40,0
21,2,10,4,11,3,1,0,0,10,0
22,2,13,4,9,3,1,0,0,18,0
21,2,10,4,2,1,1,0,0,50,0
44,1,13,2,9,0,1,0,0,50,0
41,2,10,2,3,0,1,0,0,40,0
38,2,9,0,6,2,0,0,0,40,0
47,3,9,2,2,0,1,0,0,40,1
28,2,13,2,9,0,1,0,0,40,0
32,2,9,4,5,3,0,0,0,40,0
37,1,9,2,10,0,1,0,0,40,0
42,2,16,2,9,0,1,0,0,40,1
57,2,14,4,3,1,1,0,0,40,0
55,2,9,2,3,0,1,0,0,55,0
31,2,10,2,6,0,1,0,0,40,0
46,5,9,4,13,1,1,0,0,40,0
30,2,13,4,6,1,1,0,0,25,0
60,2,4,2,2,0,1,0,0,40,0
27,2,10,4,2,1,1,0,1876,45,0
56,2,10,2,6,0,1,0,0,40,0
52,2,2,2,4,0,1,0,0,40,0
32,2,13,4,7,4,1,0,0,40,0
48,2,6,0,6,4,0,0,1594,32,0
28,2,4,4,6,1,1,0,0,45,0
35,2,11,2,0,0,1,15024,0,40,1
34,2,5,2,6,5,0,0,0,40,0
37,2,12,4,0,1,0,0,0,40,0
51,3,9,2,11,0,1,0,0,50,0
39,2,9,0,6,3,1,0,0,50,0
61,2,4,2,13,0,1,0,0,31,0
29,2,11,2,0,0,1,0,0,40,0
23,2,9,4,7,3,1,0,0,12,0
40,0,13,0,9,1,0,0,1741,40,0
39,2,11,0,0,4,0,0,0,40,0
22,2,9,5,11,4,0,0,0,40,0
39,2,13,2,9,5,0,7688,0,20,1
47,2,10,0,7,4,0,0,0,40,0
50,2,10,2,13,0,1,0,0,60,1
66,3,9,2,13,0,1,0,0,50,1
47,4,10,2,2,0,1,0,0,30,0
38,2,10,2,2,0,1,0,0,48,1
23,2,13,4,0,1,0,0,0,5,0
42,2,10,0,2,1,1,0,0,38,0
20,2,9,4,5,3,1,0,0,48,0
33,2,11,2,2,0,1,0,0,40,0
45,2,3,2,2,0,1,0,0,40,0
45,5,13,2,9,0,1,0,0,40,1
25,2,9,4,11,3,0,0,0,40,0
50,5,9,2,9,0,1,0,0,52,0
44,4,9,2,4,0,1,0,0,40,0
26,2,13,4,3,1,0,0,0,40,0
45,2,10,2,3,0,1,0,0,50,0
34,2,9,0,5,1,1,0,0,40,0
33,5,9,4,0,1,0,0,0,40,0
42,4,10,2,3,0,1,0,0,40,1
23,2,10,4,0,3,1,0,0,40,0
48,0,13,2,9,0,1,0,0,44,1
40,2,9,2,2,0,1,0,0,40,0
20,1,10,4,0,3,0,0,0,10,0
44,2,10,4,11,3,1,0,0,50,0
63,2,10,2,10,0,1,0,0,40,0
59,2,10,2,3,0,1,0,1848,45,1
39,2,13,2,5,5,0,0,0,40,1
71,2,9,2,11,0,1,0,0,50,0
41,1,14,2,9,0,1,0,0,50,0
26,4,13,2,3,0,1,0,0,20,0
62,4,9,2,2,0,1,10566,0,40,0
38,2,9,2,5,0,1,0,0,40,0
46,3,9,2,11,0,1,0,0,50,1
57,2,9,2,3,0,1,0,0,60,0
60,5,16,2,9,0,1,7688,0,60,1
53,5,16,2,9,0,1,0,0,50,1
33,2,10,4,2,1,1,0,0,40,0
46,1,13,2,9,5,0,0,0,70,0
35,1,13,4,9,1,0,0,1876,45,0
26,2,9,2,11,0,1,0,0,50,1
25,2,4,2,2,0,1,0,0,60,0
23,2,13,4,11,1,1,0,0,48,0
28,1,14,4,9,1,1,0,0,35,0
20,2,10,4,12,3,0,0,0,24,0
32,2,9,2,6,0,1,0,0,40,0
51,2,9,6,11,1,0,0,0,40,0
34,2,14,4,3,1,0,0,0,50,1
32,2,14,2,9,0,1,0,0,40,1
30,1,14,2,9,0,1,0,1887,45,1
23,2,9,0,11,1,1,0,0,96,0
68,2,9,6,3,1,0,0,0,10,1
23,2,13,4,3,1,1,0,0,40,0
26,2,10,4,7,1,1,0,0,40,0
17,2,7,4,11,3,1,0,0,15,0
52,2,10,2,3,0,1,3103,0,55,1
42,2,10,2,12,5,0,0,0,40,1
29,2,9,2,2,0,1,0,0,40,0
69,5,9,2,7,0,1,0,0,20,0
27,5,10,2,2,0,1,0,0,40,0
22,2,10,4,0,1,0,0,0,35,0
23,2,12,4,0,1,0,0,0,20,0
25,2,13,2,11,0,1,0,0,50,1
23,2,10,4,7,1,0,0,0,28,0
34,2,9,2,12,5,0,0,0,32,0
52,2,3,2,2,0,1,0,0,40,0
61,4,9,6,9,4,0,0,0,16,0
29,2,14,2,3,0,1,0,0,45,0
19,2,9,4,6,1,1,0,0,40,0
47,4,10,2,7,0,1,0,0,40,0
28,2,9,2,2,0,1,0,0,44,1
35,2,10,3,4,3,1,0,0,40,0
45,2,9,2,13,0,1,0,0,50,0
41,3,10,2,3,0,1,0,2415,55,1
56,2,9,5,2,1,0,0,0,40,0
39,2,10,2,12,0,1,0,0,50,0
24,1,9,4,10,1,1,0,0,40,0
41,4,10,2,6,0,1,3103,0,40,1
54,2,9,2,13,0,1,0,0,70,0
35,2,13,2,3,0,1,0,0,50,1
54,5,14,4,9,4,0,0,0,37,0
30,2,6,0,7,4,0,0,0,40,0
51,5,10,0,9,1,0,0,0,40,0
54,2,10,2,10,0,1,0,0,40,1
17,2,7,4,11,3,0,0,0,8,0
40,4,9,2,13,0,1,0,0,75,1
54,4,9,2,2,0,1,0,0,40,0
32,4,10,5,7,4,0,0,0,40,0
42,5,10,2,10,0,1,0,0,40,1
61,2,9,2,2,0,1,0,0,55,0
19,2,9,2,7,5,0,0,0,16,0
33,2,9,2,7,5,0,0,0,30,0
51,3,10,2,11,0,1,0,0,50,1
30,2,9,0,7,4,0,0,0,40,0
29,2,9,4,3,4,0,0,0,40,0
40,2,7,2,4,0,1,0,0,40,0
27,1,9,2,3,0,1,0,0,80,1
23,2,10,4,0,2,1,0,0,22,0
41,2,14,2,7,5,0,0,0,50,1
43,5,11,2,10,0,1,0,0,40,0
26,2,10,2,6,5,0,0,0,40,0
47,2,10,4,2,1,1,0,0,40,1
27,2,14,2,0,5,0,0,0,20,1
30,2,12,2,7,5,0,0,0,25,1
55,2,10,0,0,4,0,4650,0,20,0
23,2,13,4,3,1,1,0,0,30,0
37,1,10,3,0,4,0,0,0,27,0
25,2,9,2,11,0,1,0,0,52,0
40,1,14,2,3,0,1,0,0,55,1
21,5,10,4,7,3,1,0,0,20,0
34,2,13,4,11,3,0,0,0,35,0
27,2,11,4,9,1,0,0,1876,36,0
47,2,14,0,12,1,1,0,0,40,0
25,2,10,4,0,3,1,0,1590,40,0
25,4,10,4,7,1,0,0,0,22,0
57,2,9,6,9,1,0,0,0,57,0
23,2,10,4,11,3,0,0,0,40,0
32,2,9,0,2,4,1,0,0,40,0
27,1,12,4,9,3,0,0,0,37,0
34,2,9,5,11,4,0,0,0,20,0
42,2,10,2,2,0,1,0,0,40,0
23,0,12,4,0,3,1,0,0,20,0
29,2,9,4,5,1,1,0,0,40,0
36,4,13,2,3,0,1,2407,0,40,0
18,2,8,4,11,3,1,594,0,14,0
64,2,10,4,0,1,0,0,0,40,0
58,2,12,0,9,1,1,0,0,36,0
36,5,13,4,0,1,0,0,0,40,0
45,2,15,2,3,0,1,0,0,40,1
30,2,13,2,0,0,1,0,0,40,1
40,2,10,0,13,1,1,0,0,48,1
66,2,9,6,11,1,0,0,0,40,1
34,2,9,0,0,4,0,0,0,35,0
20,2,9,4,5,3,1,0,0,40,0
34,2,10,2,2,0,1,0,0,40,0
57,2,4,6,7,1,0,0,0,10,0
56,0,13,2,0,0,1,0,0,40,1
43,2,13,3,9,1,1,3325,0,40,0
27,2,13,2,3,0,1,0,0,45,0
36,2,10,2,11,0,1,0,0,48,0
23,2,10,4,5,3,1,0,0,22,0
35,2,10,0,11,1,1,0,1741,50,0
59,2,9,2,11,0,1,0,0,60,0
26,2,13,2,11,5,0,0,0,40,1
41,5,12,2,10,0,1,0,0,40,0
19,2,7,4,7,2,0,0,0,15,0
29,1,14,2,9,5,0,0,0,40,1
33,2,13,2,9,0,1,0,0,40,0
52,2,10,2,0,0,1,0,0,40,1
30,4,11,2,4,0,1,0,0,60,0
63,2,4,2,11,0,1,0,0,40,0
63,2,13,2,9,0,1,15024,0,45,1
31,2,9,2,13,0,1,0,0,50,0
23,2,9,4,2,3,1,0,0,40,0
25,2,13,4,11,3,1,0,0,40,1
23,2,10,0,0,3,0,0,0,40,0
52,2,14,0,9,4,0,0,0,40,0
21,2,10,4,7,3,0,0,0,25,0
52,3,13,2,3,0,1,0,0,60,0
34,2,13,4,9,1,1,2463,0,50,0
30,2,7,2,2,0,1,0,0,40,0
32,2,9,0,0,1,0,0,0,40,0
59,2,14,2,3,0,1,0,0,40,1
24,2,9,4,0,1,1,0,0,40,0
65,2,11,2,0,5,0,0,0,40,0
42,2,9,0,8,4,0,0,0,60,0
47,2,14,2,3,0,1,0,0,50,1
30,2,13,4,3,4,0,0,0,45,1
60,1,9,2,7,0,1,0,0,40,0
66,2,10,2,10,0,1,0,0,40,0
36,2,10,4,3,1,0,0,0,50,0
29,2,9,2,2,0,1,0,0,40,0
37,2,9,4,13,1,1,0,0,50,0
46,4,9,2,9,0,1,0,0,60,0
35,2,9,0,12,4,0,0,0,40,0
32,2,13,4,9,3,1,0,0,40,0
26,2,9,2,2,0,1,0,0,48,0
42,1,10,2,2,0,1,0,0,40,0
45,2,5,4,7,1,1,0,0,20,0
50,2,10,0,7,4,1,0,0,40,0
21,2,10,4,7,3,0,0,0,20,0
38,2,13,4,3,1,1,13550,0,40,1
39,2,13,4,0,3,0,0,0,40,0
19,5,9,4,10,3,1,0,0,40,0
42,2,13,4,9,1,1,0,0,32,0
38,2,10,2,6,0,1,0,0,40,0
45,2,7,0,2,1,1,0,0,40,0
35,2,10,2,5,0,1,0,2042,40,0
18,2,8,4,7,3,1,0,0,20,0
31,2,12,4,2,3,1,0,0,50,0
39,2,13,2,11,0,1,7298,0,55,1
31,2,9,4,11,1,0,0,0,40,0
35,2,13,2,9,0,1,0,0,60,0
19,2,9,4,11,1,0,0,0,20,0
32,2,12,0,9,4,0,0,0,35,0
42,5,13,4,9,4,1,0,1876,38,0
30,1,10,5,5,1,1,0,0,40,0
30,2,7,0,7,4,0,0,0,32,0
20,2,10,4,11,3,1,0,0,15,0
41,2,9,2,3,0,1,0,0,55,0
42,2,9,2,6,5,0,0,0,40,0
43,4,10,2,4,0,1,0,0,60,1
34,2,11,2,11,0,1,0,0,40,0
37,2,10,2,3,0,1,0,1887,60,1
27,2,10,4,0,3,0,0,0,40,0
28,2,9,2,2,0,1,3411,0,40,0
51,2,13,0,3,1,1,10520,0,40,1
27,2,13,4,9,1,1,0,0,55,0
26,2,10,2,6,0,1,0,0,40,0
45,2,10,0,11,1,1,0,0,40,0
49,1,14,2,3,0,1,0,0,47,1
41,4,12,2,2,0,1,0,0,60,1
33,2,9,4,2,1,1,0,0,40,0
58,2,9,6,12,4,0,0,0,38,0
52,4,10,2,2,0,1,0,0,40,0
37,2,9,2,11,0,1,0,0,50,0
20,2,10,4,7,3,0,2907,0,35,0
24,2,13,4,11,2,1,0,0,40,0
23,2,10,4,9,1,1,0,0,20,0
40,3,12,0,11,4,0,1506,0,40,0
46,2,9,2,6,0,1,0,0,50,1
41,5,14,4,9,3,0,0,0,35,0
49,3,10,2,3,0,1,0,0,50,1
40,2,9,0,2,1,1,0,0,40,0
56,2,11,2,11,0,1,15024,0,40,1
33,2,10,0,0,1,0,0,0,40,0
59,3,15,2,3,0,1,99999,0,84,1
22,2,9,2,2,0,1,0,0,30,0
53,4,10,2,13,0,1,0,0,72,0
34,2,14,4,9,1,0,0,0,40,1
51,2,13,4,0,4,1,0,0,20,0
44,4,3,2,2,0,1,0,0,40,0
19,2,10,4,2,3,0,0,0,20,0
67,3,4,2,2,0,1,0,0,48,0
88,4,15,2,3,0,1,0,0,40,0
36,1,9,4,13,1,1,0,0,40,0
38,1,10,2,10,0,1,0,0,60,1
23,2,13,4,3,3,1,0,0,24,0
28,2,10,4,9,1,0,3325,0,50,0
40,2,9,5,7,2,0,0,0,25,0
32,1,13,2,9,0,1,0,0,45,0
45,5,11,2,9,0,1,0,0,40,1
32,4,13,4,2,1,0,0,0,35,0
53,2,9,2,2,0,1,0,0,46,1
31,3,9,2,13,0,1,0,1977,40,1
69,5,9,2,10,0,1,0,0,40,0
18,2,9,4,11,3,0,0,0,25,0
36,2,11,0,12,1,1,0,0,40,0
23,2,9,4,7,2,0,0,0,40,0
27,2,9,4,7,2,0,0,0,30,0
38,2,10,0,3,1,0,0,0,40,0
46,2,10,2,6,0,1,0,0,50,1
22,2,13,4,9,1,1,0,0,40,0
50,2,6,2,2,0,1,0,0,40,1
24,1,10,4,10,1,1,0,0,40,0
48,2,14,0,3,1,1,0,0,40,0
32,2,13,4,3,1,0,0,0,40,0
51,2,9,2,6,0,1,0,0,50,0
26,2,10,2,6,0,1,0,0,40,0
37,4,13,2,11,0,1,0,0,20,1
43,2,14,2,3,0,1,0,1902,40,1
23,0,10,4,0,3,0,0,0,25,0
23,2,10,4,7,1,1,0,0,20,0
46,2,14,0,3,1,0,0,0,45,0
36,2,8,2,6,0,1,0,0,42,0
52,2,6,2,13,0,1,0,0,45,0
47,3,10,2,4,0,1,0,0,40,0
42,4,15,2,9,0,1,0,0,40,1
65,2,5,6,8,4,0,0,0,24,0
66,4,9,2,2,5,0,0,0,15,0
25,2,7,2,2,0,1,0,0,40,0
41,2,8,0,6,1,0,0,0,40,0
60,3,9,2,7,0,1,0,0,40,0
46,4,9,2,4,0,1,0,1672,50,0
33,2,9,2,6,0,1,0,0,40,0
38,2,9,0,7,1,0,0,0,40,0
23,4,9,4,4,1,1,0,0,25,0
47,2,9,2,5,0,1,4064,0,60,0
54,2,13,2,0,0,1,0,0,40,1
51,2,9,0,2,1,1,0,0,40,0
23,2,10,4,2,1,1,0,0,40,0
25,2,9,4,6,3,1,0,0,40,0
19,2,10,4,7,3,1,0,0,30,0
30,4,9,2,11,0,1,0,0,50,0
19,2,10,4,0,3,0,0,0,10,0
21,1,10,4,0,3,1,0,0,40,0
37,5,11,0,10,4,1,0,0,40,0
35,0,9,2,0,0,1,0,0,40,0
18,2,9,4,11,1,0,0,0,20,0
22,2,10,4,0,3,0,0,0,35,0
26,2,10,2,2,0,1,0,0,40,0
29,2,10,0,7,4,0,0,0,21,0
39,2,9,2,6,0,1,0,0,42,1
65,4,10,2,3,0,1,0,2174,10,1
90,2,14,4,3,1,1,0,0,50,1
26,5,13,2,2,0,1,0,0,40,0
38,2,13,2,12,0,1,0,1977,40,1
53,2,11,4,3,1,1,0,0,35,0
42,3,15,2,9,0,1,0,1977,50,1
54,1,10,2,3,0,1,0,0,40,0
42,4,13,2,9,0,1,0,0,52,1
44,2,9,2,2,0,1,0,0,40,0
31,2,13,4,12,1,0,0,0,42,0
50,4,12,2,2,0,1,0,0,50,0
39,2,10,2,6,0,1,0,0,40,0
29,2,7,4,7,4,0,0,0,40,0
30,5,14,2,9,0,1,0,0,17,0
37,2,13,2,3,0,1,0,0,40,0
40,2,9,0,12,1,0,0,0,40,0
18,2,9,4,0,3,0,0,0,10,0
44,0,13,0,3,1,0,0,0,40,0
31,3,13,2,3,0,1,0,0,40,0
22,2,9,4,0,1,0,0,0,10,0
62,2,9,6,4,4,0,0,0,40,0
64,2,14,2,9,0,1,0,0,40,1
65,0,9,0,0,1,0,0,0,40,0
56,2,5,2,2,0,1,2580,0,40,0
64,2,13,0,0,1,0,0,0,40,0
25,2,13,4,9,1,0,0,0,30,0
46,2,14,2,3,0,1,0,0,40,1
21,2,9,4,2,3,1,0,0,35,0
30,3,10,4,3,1,0,0,0,60,0
38,2,13,2,0,0,1,0,0,45,1
49,2,14,2,10,0,1,15024,0,78,1
19,2,9,4,7,3,0,0,0,52,0
17,3,7,4,9,3,1,0,0,20,0
65,2,14,2,9,0,1,0,0,50,1
46,2,13,0,6,2,1,0,2258,50,0
30,2,13,0,11,1,1,27828,0,40,1
21,2,9,4,2,1,1,0,0,40,0
42,2,9,2,2,0,1,0,0,85,0
28,2,10,4,6,3,0,0,0,40,0
26,2,6,0,7,1,0,0,0,40,0
34,2,9,4,6,1,1,4416,0,30,0
28,2,9,4,7,4,0,0,0,40,0
35,2,10,0,12,1,1,0,0,50,0
28,0,10,4,12,4,0,0,0,40,0
52,2,4,2,6,0,1,0,0,40,0
38,2,9,0,2,4,1,0,0,40,0
36,2,13,2,9,0,1,0,0,40,1
36,2,9,0,0,4,0,0,0,35,0
31,4,9,4,2,1,1,0,0,45,0
32,2,5,2,13,0,1,0,0,50,0
20,2,9,2,0,2,0,0,0,40,0
57,2,14,0,9,1,1,0,0,30,0
35,2,10,2,11,0,1,7298,0,48,1
52,5,9,2,10,0,1,0,0,40,1
32,2,10,4,11,1,0,0,0,40,0
39,2,13,2,9,0,1,0,0,43,1
42,2,11,5,9,4,0,0,0,40,0
55,2,4,2,7,0,1,0,0,40,0
25,2,13,4,11,1,0,0,0,40,0
22,2,9,2,2,0,1,0,0,40,0
19,2,10,4,11,3,0,0,0,15,0
29,1,13,4,12,1,0,0,0,40,0
22,2,13,4,4,3,1,0,0,40,0
38,3,13,2,9,0,1,0,0,50,1
28,2,10,2,4,0,1,0,0,40,0
43,2,14,2,3,0,1,0,0,50,1
38,4,9,2,2,0,1,4064,0,40,0
53,2,9,0,2,2,1,0,0,40,0
41,2,11,5,7,1,1,0,0,40,0
19,2,10,4,7,3,1,0,0,14,0
34,4,9,2,4,0,1,0,0,60,0
34,2,10,2,0,0,1,0,0,50,0
48,2,12,2,13,0,1,0,0,44,0
25,2,9,4,12,2,0,0,0,35,0
50,2,14,2,3,0,1,15024,0,50,1
41,2,12,2,3,0,1,0,0,50,1
34,2,13,2,12,0,1,0,0,40,0
31,2,6,4,13,3,1,0,0,99,0
45,1,10,0,0,4,0,0,0,40,0
30,2,9,0,13,3,1,0,0,40,0
22,2,9,4,7,1,0,0,0,40,0
51,1,10,2,10,0,1,0,0,40,1
26,4,11,4,7,1,0,0,0,35,0
23,2,5,4,7,4,0,0,0,30,0
56,2,9,2,3,5,0,0,0,40,1
27,2,9,4,0,1,0,0,0,40,0
66,2,4,2,13,0,1,0,0,40,0
20,2,9,4,0,2,1,0,0,24,0
62,1,10,2,6,0,1,0,0,40,0
54,2,10,4,12,1,1,0,0,40,0
26,2,13,4,9,1,1,0,0,70,0
20,2,9,4,9,2,0,0,0,40,0
45,3,10,5,0,1,1,0,0,40,0
55,4,14,2,11,0,1,3103,0,55,1
25,2,10,2,6,0,1,0,0,40,0
68,4,9,6,2,1,0,0,0,35,0
38,2,12,2,2,0,1,0,0,45,0
29,0,9,0,0,1,1,0,0,45,0
31,2,9,4,0,2,1,0,0,40,0
27,0,9,2,7,0,1,0,0,40,0
41,2,4,2,4,0,1,0,0,36,0
18,2,9,4,5,3,1,0,0,20,0
49,2,13,2,3,0,1,0,0,40,1
46,2,9,0,2,1,1,0,1741,40,0
23,2,5,2,6,0,1,0,0,40,0
36,2,9,0,13,1,1,8614,0,45,1
40,2,13,0,10,1,1,0,0,45,0
28,2,9,2,13,0,1,4064,0,45,0
21,2,10,4,7,3,0,0,0,40,0
40,2,9,0,2,1,1,0,0,45,0
39,2,9,2,5,0,1,0,0,72,0
30,2,10,2,3,0,1,15024,0,60,1
35,2,12,2,9,0,1,0,0,45,0
30,2,13,2,11,0,1,0,0,40,1
62,2,9,2,3,0,1,0,0,50,0
30,2,13,2,0,0,1,0,0,40,1
27,4,11,4,2,3,1,0,0,40,0
36,2,9,0,6,1,1,4101,0,40,0
33,2,13,2,9,0,1,0,0,25,1
54,2,9,2,9,0,1,0,1887,40,1
22,2,13,4,11,1,0,0,0,40,0
23,2,9,2,11,5,0,0,0,35,0
33,2,11,4,2,1,1,0,0,40,0
34,2,12,0,2,1,1,0,0,50,0
20,2,10,4,7,3,0,0,0,25,0
24,2,9,4,6,3,1,0,0,30,0
40,2,11,0,9,4,0,0,0,40,1
47,2,9,0,0,1,0,0,0,40,0
51,2,13,2,3,0,1,0,0,55,1
17,2,6,4,7,3,0,0,0,10,0
45,5,14,4,0,1,1,0,0,38,0
20,2,10,4,6,2,1,0,0,40,0
52,2,7,5,6,4,1,0,0,40,0
20,2,2,4,4,1,1,0,0,30,0
22,2,10,4,0,3,1,0,0,40,0
32,2,14,2,11,5,0,0,0,45,1
57,4,10,2,2,0,1,3137,0,40,0
59,2,9,2,2,0,1,0,0,50,0
36,2,10,2,5,0,1,0,0,80,0
18,2,7,4,7,2,1,0,0,20,0
48,3,16,2,3,0,1,0,0,40,1
50,2,9,2,5,0,1,0,0,40,1
25,2,15,4,9,1,1,0,0,65,0
41,2,8,2,2,0,1,0,0,40,0
37,2,9,4,6,4,0,0,0,40,0
43,2,9,0,6,1,0,0,0,40,0
45,2,9,2,11,0,1,0,0,50,1
29,2,9,5,2,1,1,0,0,40,0
20,2,9,4,5,3,1,0,0,43,0
68,2,9,2,0,0,1,0,0,24,0
24,2,10,2,5,0,1,0,0,30,0
36,2,14,4,3,1,1,0,0,15,0
56,2,9,2,7,5,0,0,0,10,0
27,2,11,4,5,1,1,0,0,40,0
34,1,9,2,10,0,1,0,0,40,0
29,2,9,0,11,4,0,0,0,25,0
60,1,11,6,0,1,0,0,0,40,0
41,2,2,2,13,0,1,0,0,40,0
43,2,11,0,6,1,1,0,0,40,0
51,2,9,5,2,1,1,0,0,60,0
42,4,10,2,2,0,1,0,0,45,0
24,2,13,4,3,3,0,0,0,50,0
32,2,6,5,7,4,0,0,0,42,0
26,2,12,0,9,4,0,0,0,45,0
35,4,15,2,9,0,1,0,0,50,1
28,2,12,4,11,3,1,0,0,20,0
49,2,14,2,11,0,1,0,0,50,1
53,2,3,2,7,2,0,0,0,24,0
28,2,9,2,3,0,1,0,0,50,0
47,1,14,2,9,0,1,0,0,60,1
23,2,9,4,0,1,0,0,0,40,0
55,4,6,2,2,0,1,0,0,18,0
28,2,13,4,0,1,0,0,0,40,0
26,2,10,4,2,3,1,0,0,50,0
45,2,10,2,2,0,1,0,1848,40,1
25,2,9,2,13,0,1,0,0,40,0
22,4,9,2,2,0,1,0,0,60,0
61,2,9,6,0,4,0,0,0,40,0
42,2,13,2,11,0,1,0,0,40,1
20,2,3,4,2,2,1,0,0,40,0
30,2,9,2,6,2,1,0,2057,48,0
35,3,12,2,11,0,1,0,1887,45,1
49,5,16,2,3,0,1,0,0,50,1
30,5,14,5,2,1,1,99999,0,40,1
19,2,10,4,11,3,0,0,0,20,0
62,4,13,2,2,0,1,0,0,55,1
58,1,14,2,9,0,1,7688,0,45,1
23,2,9,4,2,3,1,0,0,37,0
43,1,10,0,0,1,0,0,0,40,0
31,2,13,4,11,1,1,0,0,40,0
29,2,9,5,10,1,1,0,0,55,0
40,2,13,4,11,1,1,0,0,53,0
27,2,9,2,13,0,1,0,1887,40,1
39,2,10,2,6,0,1,0,0,40,1
37,2,9,2,6,0,1,0,0,60,1
44,3,10,2,11,0,1,0,0,70,1
38,2,13,2,3,0,1,0,1848,54,1
58,2,9,2,3,0,1,15024,0,60,1
45,5,14,2,9,0,1,0,0,60,1
31,4,10,2,11,0,1,0,0,48,0
30,2,10,2,13,0,1,0,0,80,1
23,2,10,4,5,3,0,0,0,25,0
46,2,10,2,2,5,0,7298,0,40,1
42,4,9,2,3,0,1,0,0,50,0
55,2,9,0,9,4,0,0,0,40,0
74,4,15,0,9,2,1,0,0,40,0
37,2,10,2,2,0,1,0,0,40,0
32,2,10,4,6,3,0,0,0,40,0
49,2,14,0,11,1,1,4787,0,45,1
33,5,14,4,9,1,1,0,0,60,0
32,5,9,2,10,0,1,0,0,40,0
39,2,9,0,7,1,1,0,0,40,0
60,1,9,2,7,0,1,0,0,40,0
47,2,13,2,11,0,1,0,0,55,1
23,2,10,2,5,0,1,0,0,40,0
33,2,13,2,9,0,1,0,0,40,0
18,4,7,4,4,3,1,0,0,24,0
22,2,13,4,0,3,1,0,0,20,0
53,4,9,2,3,0,1,0,0,45,1
23,2,1,4,7,3,0,0,0,15,0
33,2,13,4,9,4,1,0,0,40,0
34,2,9,2,2,0,1,0,1573,40,0
35,2,11,2,2,0,1,0,0,40,1
37,0,10,5,3,1,1,8614,0,55,1
32,2,13,4,9,1,1,6849,0,40,0
20,2,9,4,2,1,1,0,0,40,0
37,2,12,4,3,1,0,0,0,50,1
33,2,14,4,3,1,1,0,0,50,1
46,1,14,2,9,0,1,0,0,56,0
52,2,4,4,7,3,0,0,0,7,0
47,2,7,4,5,3,1,0,0,40,0
27,2,13,4,11,1,1,0,0,45,0
46,2,13,0,9,1,1,0,0,45,1
57,1,4,0,3,4,0,0,0,40,0
70,2,10,6,3,1,0,0,0,12,0
72,4,10,2,4,0,1,0,0,74,0
43,2,9,2,6,0,1,0,0,40,0
50,2,9,0,2,1,1,0,0,40,1
24,2,9,4,13,1,0,0,0,50,0
75,3,10,2,11,0,1,0,0,50,0
36,2,10,4,2,1,1,0,0,40,0
37,2,9,0,10,4,0,0,0,40,0
42,2,13,2,3,0,1,0,0,40,0
67,5,9,2,3,0,1,3456,0,35,0
28,1,13,2,10,0,1,0,0,42,1
18,3,7,4,4,3,1,0,0,50,0
43,1,9,0,12,1,0,0,0,40,0
41,2,9,2,2,0,1,0,0,45,0
44,2,9,2,3,5,0,3103,0,40,1
47,1,9,2,3,0,1,0,0,40,1
41,1,10,2,10,0,1,0,0,64,1
62,4,9,2,3,0,1,0,0,60,0
43,2,13,2,9,0,1,0,0,35,0
25,2,9,4,0,3,0,0,0,40,0
48,1,13,3,0,4,0,0,0,40,0
26,2,7,2,3,0,1,3411,0,40,0
26,2,9,4,0,3,0,0,0,40,0
27,2,10,4,3,1,0,0,0,50,0
70,4,11,2,4,0,1,0,0,40,0
29,1,9,2,7,5,0,2635,0,40,0
32,2,15,4,9,1,1,0,0,60,0
36,2,9,2,2,0,1,0,0,60,0
17,2,6,4,11,3,0,0,0,20,0
34,2,9,0,0,3,1,0,0,40,0
34,2,9,2,11,0,1,0,0,45,1
31,2,9,4,7,4,0,0,0,40,0
40,2,9,6,11,1,0,0,0,40,0
53,2,9,0,13,1,1,0,0,40,0
28,2,9,4,0,1,0,0,0,40,0
35,4,9,2,2,2,1,0,0,35,0
54,2,9,2,2,0,1,0,0,45,0
39,2,12,6,0,4,0,0,0,45,0
27,4,9,2,2,0,1,0,0,40,0
50,2,13,2,11,0,1,0,0,40,0
51,2,9,2,12,0,1,0,0,40,0
59,2,9,6,9,1,0,0,0,18,0
39,2,6,2,2,0,1,0,0,40,0
59,2,9,2,2,0,1,0,0,40,0
21,2,12,4,5,3,1,0,0,15,0
26,2,6,0,6,3,1,0,0,35,0
57,2,9,2,3,0,1,0,0,45,1
47,1,14,2,9,0,1,0,1887,50,1
50,2,7,2,6,0,1,0,0,40,0
39,2,14,4,9,1,1,0,0,60,0
58,3,9,2,3,0,1,0,0,45,0
39,4,9,2,2,0,1,0,0,60,0
24,2,13,4,12,1,1,0,0,20,0
50,4,14,2,11,0,1,7688,0,45,1
31,2,9,0,7,4,1,0,0,40,0
36,2,11,4,4,3,1,0,0,40,0
49,1,9,2,10,0,1,0,0,40,0
57,4,16,2,9,0,1,0,1887,70,1
50,2,4,2,6,0,1,0,0,40,0
34,2,14,2,3,5,0,15024,0,45,1
19,2,5,4,4,2,1,0,0,16,0
58,2,9,2,0,0,1,0,0,40,0
22,2,6,4,2,1,1,0,0,30,0
30,2,13,2,11,0,1,0,0,50,1
41,2,13,3,3,1,0,13550,0,60,1
49,2,9,2,13,0,1,0,0,50,1
32,2,13,4,0,1,0,0,0,48,0
21,2,10,4,11,3,0,0,0,47,0
31,2,6,2,6,0,1,0,0,40,0
39,2,10,0,11,4,0,0,0,38,0
28,2,4,2,11,2,1,0,0,40,0
46,2,15,0,9,4,0,0,0,40,0
31,2,9,0,7,4,0,0,0,40,0
51,2,10,2,6,0,1,7298,0,40,1
39,2,10,4,0,3,0,0,0,20,0
55,4,10,2,2,0,1,0,0,50,0
23,2,10,4,11,1,0,0,0,30,0
27,2,9,4,6,4,1,0,0,40,0
45,4,10,0,3,1,1,0,0,48,0
32,2,9,4,13,1,1,0,0,60,0
52,2,13,0,3,1,1,0,0,40,1
40,1,14,2,9,0,1,0,1902,48,1
47,2,10,0,7,4,0,0,0,40,0
62,2,9,6,2,4,1,0,0,40,0
22,2,10,4,7,3,1,0,0,36,0
52,2,10,0,12,1,0,0,0,36,0
19,2,10,4,2,1,1,0,0,45,0
22,2,10,4,0,3,1,0,0,30,0
47,4,9,1,2,0,1,0,0,90,0
30,2,7,4,5,2,1,0,0,40,0
20,2,11,4,7,3,1,0,0,40,0
25,1,9,2,2,0,1,0,0,38,0
19,2,9,4,11,1,0,0,0,30,0
21,5,10,4,7,3,0,0,0,11,0
18,2,7,4,7,3,0,0,0,4,0
21,2,10,4,0,1,0,0,0,45,0
27,3,9,2,2,0,1,0,1740,40,0
28,2,9,4,0,1,1,0,0,40,0
51,2,9,2,11,0,1,0,0,50,0
24,2,10,4,11,3,1,0,0,43,0
30,2,9,2,2,0,1,0,0,35,1
35,2,10,2,6,0,1,0,0,40,0
19,2,10,4,7,1,0,0,0,40,0
33,2,11,2,2,0,1,0,0,40,1
40,4,9,2,2,0,1,0,0,50,1
24,2,10,4,2,4,1,0,0,40,0
38,2,9,2,3,5,0,7688,0,40,1
39,2,13,0,3,4,0,0,0,48,0
56,2,10,2,9,0,1,0,0,40,1
30,2,7,3,5,4,0,0,0,40,0
33,2,13,4,3,1,1,0,0,40,0
27,2,2,3,8,1,0,0,0,40,0
51,2,9,2,2,0,1,0,0,42,0
68,2,15,6,9,4,0,0,0,16,0
56,4,10,3,4,1,0,27828,0,20,1
28,2,13,2,12,0,1,0,0,40,0
45,2,13,2,0,0,1,0,0,40,0
51,4,9,4,4,1,1,8614,0,40,1
39,2,13,2,12,0,1,0,0,50,0
34,2,9,5,7,1,1,0,0,40,0
33,2,9,0,3,1,1,0,0,60,0
41,2,10,2,0,5,0,0,0,35,0
43,2,13,5,9,4,0,0,0,40,0
45,4,13,2,11,0,1,5178,0,48,1
56,2,9,4,0,1,0,0,0,38,0
49,2,9,2,13,0,1,0,0,40,0
47,1,13,2,9,0,1,7298,0,40,1
52,2,13,3,3,1,0,0,0,42,0
37,2,9,2,11,0,1,0,0,50,0
44,2,10,2,11,0,1,0,0,40,0
33,2,10,2,7,5,0,0,0,26,0
39,2,6,5,7,3,0,0,0,12,0
41,0,10,2,9,0,1,0,0,44,1
42,4,9,2,11,0,1,0,0,60,0
41,2,10,2,11,0,1,0,0,60,0
52,2,14,0,9,1,0,0,0,40,1
23,2,10,4,3,3,0,0,0,40,0
23,2,10,4,0,3,1,0,0,30,0
28,2,15,2,9,0,1,0,0,65,0
46,4,11,2,3,0,1,0,0,60,0
34,2,7,2,13,0,1,0,0,50,0
64,2,9,2,11,0,1,0,0,65,1
29,2,4,0,2,4,0,0,0,55,0
37,2,7,2,2,0,1,5013,0,40,0
51,5,11,0,12,1,1,0,2444,39,1
34,2,9,2,6,0,1,0,0,40,1
56,3,11,2,11,0,1,0,0,54,1
39,2,13,4,3,1,0,0,1974,40,0
39,4,13,2,4,5,0,0,0,50,0
47,1,10,2,10,0,1,0,0,44,0
27,5,10,0,0,4,1,0,0,40,0
58,2,9,0,6,1,1,3325,0,30,0
42,2,13,2,0,5,0,0,0,40,1
19,2,9,4,5,3,1,0,0,28,0
25,4,9,4,7,4,0,0,0,30,0
26,3,9,4,4,1,1,0,0,50,0
44,2,9,0,11,3,1,0,0,38,0
25,3,13,4,0,3,0,0,0,40,0
48,2,16,2,9,0,1,0,1902,50,1
38,2,9,2,2,0,1,0,1672,50,0
31,2,10,5,12,4,0,0,0,40,0
23,2,10,4,3,1,1,0,0,45,0
23,1,10,5,3,4,1,0,0,40,0
22,2,9,4,5,4,1,0,0,35,0
31,2,9,0,6,1,1,0,0,40,0
19,2,10,4,5,1,1,0,0,30,0
36,4,13,0,9,1,0,0,0,40,1
44,2,13,0,0,3,1,5455,0,40,0
34,3,13,0,11,4,0,0,0,40,0
17,2,7,4,7,3,0,0,0,12,0
42,2,9,2,11,0,1,0,0,40,1
40,2,9,2,9,0,1,0,0,50,0
46,2,13,2,11,0,1,0,1977,40,1
43,2,9,2,2,0,1,0,0,40,1
44,2,12,4,12,1,1,0,0,40,0
29,2,11,4,12,1,0,0,0,40,0
45,2,9,3,7,4,0,0,0,60,1
57,4,12,3,4,4,1,0,0,40,0
49,5,13,2,3,0,1,0,0,45,1
42,1,14,2,9,0,1,0,0,55,0
18,2,10,4,11,3,0,0,0,21,0
29,2,9,4,13,3,1,0,0,40,0
32,2,12,0,0,4,0,0,0,40,0
35,2,8,2,13,0,1,0,0,40,0
47,1,9,2,7,0,1,0,0,40,0
37,5,10,0,0,3,0,0,0,40,0
43,2,10,2,3,0,1,0,0,40,1
40,2,10,4,11,1,0,0,0,44,0
35,2,10,3,2,1,1,0,0,40,0
55,1,13,6,9,1,0,0,0,40,1
37,2,12,0,2,1,1,0,0,40,0
30,2,9,0,0,1,0,0,0,40,0
31,2,10,2,4,0,1,7298,0,50,1
26,2,8,2,2,0,1,0,0,40,0
61,4,9,2,2,0,1,0,0,35,0
37,2,9,0,6,1,1,0,0,40,0
19,4,9,4,2,3,1,0,0,40,0
57,3,13,2,3,0,1,0,0,20,0
39,2,10,0,6,1,1,0,0,40,0
29,2,13,4,11,3,0,0,0,40,0
39,2,9,4,7,1,0,0,0,40,0
58,2,8,2,2,0,1,0,0,40,0
47,2,6,2,6,0,1,0,0,40,1
42,2,13,2,9,5,0,0,0,55,0
19,2,9,4,11,1,1,4101,0,48,0
43,2,9,2,2,0,1,0,0,40,1
24,5,10,4,0,3,0,0,0,40,0
24,2,8,4,7,3,0,0,0,38,0
33,2,10,2,2,0,1,0,0,40,0
26,2,14,2,11,5,0,0,0,40,0
46,2,9,2,6,0,1,0,0,40,0
32,2,13,2,3,0,1,0,0,40,1
33,2,13,2,3,0,1,0,0,50,1
49,4,9,4,2,1,1,0,0,30,0
59,4,9,0,7,3,0,0,0,24,0
18,2,9,4,5,4,1,0,0,25,0
81,2,13,2,0,0,1,0,0,4,1
31,2,9,2,2,0,1,0,0,40,1
57,2,4,2,2,0,1,3103,0,40,1
46,5,10,2,3,0,1,7688,0,38,1
21,2,10,4,9,3,0,1055,0,32,0
54,2,9,2,11,0,1,0,0,50,1
43,5,9,4,2,4,1,0,0,40,0
31,2,13,4,12,1,1,3325,0,60,0
46,4,9,2,4,0,1,0,1672,50,0
26,2,9,4,6,3,1,0,0,40,0
49,2,12,5,0,1,0,2597,0,40,0
38,2,13,4,3,1,1,2202,0,45,0
32,2,9,2,11,5,0,0,0,40,1
39,0,13,2,0,5,0,0,0,40,0
33,2,4,2,0,0,1,0,0,45,0
27,2,9,4,4,2,1,0,0,40,0
40,2,10,4,11,1,0,0,0,40,0
44,2,9,4,7,4,1,0,0,20,0
44,1,14,2,9,5,0,4386,0,40,1
29,2,13,4,12,1,0,0,0,40,0
41,1,10,2,3,0,1,0,0,40,0
34,2,11,2,2,0,1,0,0,50,0
32,2,9,4,2,1,1,4787,0,40,1
20,2,10,4,12,1,0,0,0,10,0
32,2,9,4,7,3,1,2907,0,35,0
30,2,7,2,5,0,1,0,0,50,0
35,2,10,4,11,1,1,0,0,40,0
43,2,14,2,9,0,1,0,1902,40,1
53,3,7,6,3,1,0,0,0,30,0
25,2,12,4,5,3,1,0,0,20,0
30,2,10,0,5,1,1,0,0,50,0
36,5,14,4,9,1,0,0,0,40,0
52,4,6,2,3,5,0,0,0,40,0
34,2,9,4,6,1,1,0,0,40,0
39,4,9,2,4,0,1,0,0,60,1
49,1,7,0,7,3,0,0,0,60,0
37,2,9,4,2,1,1,0,0,40,0
47,2,3,2,7,0,1,0,0,40,0
25,2,13,5,3,1,1,0,0,40,0
57,2,11,2,9,0,1,0,1902,45,0
61,2,7,0,7,4,0,0,0,36,0
57,3,13,2,3,0,1,0,2415,40,1
33,2,10,2,0,0,1,4064,0,40,0
62,4,10,2,11,0,1,0,0,25,0
52,2,11,2,2,0,1,0,0,40,0
24,2,9,0,11,1,0,0,0,38,0
69,4,10,2,7,5,0,0,0,15,0
55,2,9,2,2,0,1,0,0,40,1
44,2,10,0,5,3,1,0,0,40,0
59,2,9,3,8,1,0,0,0,36,0
32,1,14,2,9,0,1,0,0,48,0
44,1,13,0,9,3,0,0,0,60,0
65,2,5,6,11,1,0,0,0,38,0
17,2,7,4,5,3,1,0,0,17,0
64,2,9,0,5,1,0,0,0,38,0
33,1,10,2,0,0,1,3103,0,45,1
26,2,10,5,11,2,1,0,0,30,0
46,5,9,4,7,4,0,0,0,40,0
22,2,9,4,6,3,1,0,0,40,0
46,2,10,4,6,1,0,0,0,45,0
32,2,10,4,12,1,0,0,0,40,0
59,2,8,6,6,2,0,0,0,48,0
71,2,13,2,9,0,1,9386,0,50,1
27,2,9,2,3,0,1,0,0,40,0
30,2,10,0,3,1,1,8614,0,50,1
48,2,9,5,6,4,0,0,0,40,0
48,2,10,0,13,1,1,3325,0,53,0
39,4,12,2,2,0,1,0,0,35,1
50,2,10,3,13,4,1,0,0,40,0
26,2,14,4,3,3,0,0,0,40,0
21,2,9,4,6,3,1,0,0,50,0
19,2,11,4,0,3,0,0,0,40,0
42,2,12,2,9,0,1,0,0,50,0
46,5,9,2,12,0,1,0,0,40,0
24,2,7,2,6,0,1,0,0,60,0
22,2,10,4,11,3,0,0,0,20,0
27,2,13,4,0,1,1,0,0,40,0
65,1,9,6,7,4,0,0,0,25,0
33,1,13,4,9,1,1,0,0,60,0
38,4,9,2,2,0,1,0,0,50,0
40,2,9,2,12,0,1,0,0,40,0
18,2,8,4,11,3,0,0,0,25,0
37,2,11,2,0,0,1,7298,0,40,1
19,2,10,4,11,3,1,0,0,35,0
27,2,13,2,2,0,1,0,0,40,0
50,2,9,2,3,0,1,7688,0,50,1
32,2,13,0,3,4,0,0,0,40,0
22,2,13,4,7,3,1,0,0,35,0
46,1,10,2,2,0,1,0,0,40,1
34,2,2,4,7,2,0,0,0,40,0
38,2,4,2,4,0,1,0,0,40,0
21,2,10,4,0,3,1,0,0,40,0
24,2,13,4,3,2,0,0,0,60,1
36,2,13,2,3,0,1,0,0,50,1
41,4,11,2,4,0,1,0,0,70,1
36,2,6,5,5,4,1,0,0,40,0
35,4,9,2,4,0,1,0,0,99,0
42,5,9,0,0,1,1,0,0,40,0
62,4,10,6,9,4,1,0,0,20,0
22,2,9,2,8,5,0,0,0,40,0
30,2,5,4,4,2,1,0,0,40,0
41,2,13,2,2,0,1,0,0,50,1
43,2,14,4,7,1,0,0,0,30,0
56,4,10,2,4,0,1,0,0,50,0
55,2,13,2,11,0,1,0,0,40,0
47,4,12,6,9,4,0,0,0,35,0
32,2,10,2,3,0,1,0,0,40,1
66,4,9,2,4,0,1,1409,0,40,0
26,2,14,4,3,1,1,0,0,32,0
44,4,13,2,11,0,1,0,0,50,0
33,2,9,2,6,0,1,0,0,40,0
39,2,9,4,4,4,1,0,0,40,0
48,3,13,2,3,0,1,0,0,60,1
72,2,13,0,11,1,1,0,0,30,0
44,2,16,2,9,0,1,0,0,55,1
31,4,9,2,4,0,1,0,0,91,0
37,0,10,2,0,0,1,7688,0,40,1
45,2,13,2,9,0,1,0,0,50,1
34,2,10,2,3,0,1,0,0,55,1
52,2,11,2,12,0,1,5013,0,40,0
41,2,9,2,13,0,1,0,0,40,1
47,2,10,0,0,1,0,0,0,36,0
53,2,13,2,3,0,1,0,1902,40,1
26,4,13,4,9,3,1,0,0,30,0
61,2,9,6,3,1,0,0,0,40,0
62,3,9,0,3,1,1,0,0,40,0
42,2,11,2,2,0,1,0,0,40,0
52,1,14,2,3,0,1,7298,0,60,1
53,2,9,2,10,0,1,0,0,40,0
38,2,13,2,11,0,1,15024,0,60,1
42,2,13,2,3,0,1,0,0,40,1
49,1,14,6,9,4,0,0,0,16,0
38,2,13,2,9,0,1,0,0,50,1
37,2,10,0,6,1,1,0,0,40,0
75,4,9,2,4,0,1,0,0,15,0
34,2,9,2,3,0,1,0,0,40,1
46,1,14,2,9,0,1,0,1977,42,1
44,2,7,0,6,4,0,0,0,46,0
53,2,9,0,6,3,1,0,0,40,0
27,2,9,2,2,0,1,0,0,40,0
59,2,9,0,9,4,0,0,0,60,0
22,2,9,4,0,2,1,0,0,40,0
47,4,10,2,12,0,1,0,0,40,1
38,2,14,2,3,0,1,7688,0,60,1
20,1,9,4,5,3,1,0,0,40,0
30,2,10,4,6,1,0,0,0,40,0
47,0,13,0,12,4,0,0,0,50,0
37,4,9,2,11,0,1,0,1902,45,1
66,4,9,2,4,0,1,2653,0,40,0
41,1,14,0,9,4,0,0,0,55,0
26,2,13,4,3,3,0,0,0,40,0
55,4,9,2,2,0,1,0,2057,60,0
48,2,9,2,2,0,1,7688,0,70,1
46,5,6,2,4,0,1,0,0,38,0
48,1,14,2,3,0,1,0,0,40,1
69,4,5,2,4,0,1,0,0,25,0
47,2,9,2,13,0,1,0,0,40,0
23,2,6,4,11,3,0,0,0,20,0
88,4,7,2,4,0,1,6418,0,40,1
26,1,13,4,9,3,1,1055,0,40,0
28,2,4,2,5,0,1,0,0,50,0
60,2,13,2,9,0,1,0,0,50,1
58,2,13,0,0,1,1,3325,0,40,0
28,2,9,5,10,2,1,0,0,40,0
60,4,9,2,11,0,1,0,0,50,0
54,2,10,2,3,0,1,0,0,44,1
29,2,12,4,11,3,0,0,0,32,0
33,2,9,0,0,3,0,0,0,65,0
36,2,10,0,2,4,0,0,0,40,0
36,2,11,0,2,1,1,0,0,40,0
33,2,10,2,7,0,1,0,0,50,0
40,2,13,2,11,0,1,0,0,50,1
62,2,13,2,11,0,1,0,0,60,1
47,3,13,2,3,0,1,0,1902,45,1
62,2,10,2,0,0,1,0,0,60,1
60,2,9,2,3,0,1,0,0,45,1
36,4,10,2,2,0,1,0,0,60,0
53,2,9,4,11,1,0,0,0,40,0
34,4,7,2,13,0,1,0,0,60,0
34,2,13,2,2,0,1,0,0,45,1
49,2,9,2,2,0,1,0,0,43,0
21,2,9,2,2,2,1,0,0,40,0
47,1,13,4,9,1,0,0,0,50,1
53,5,10,0,0,2,0,4650,0,40,0
52,2,13,2,9,0,1,0,0,38,1
20,2,9,4,0,4,0,0,0,15,0
32,2,9,2,11,0,1,0,0,40,0
38,2,9,5,2,4,0,0,0,35,0
48,2,9,2,11,0,1,0,0,60,0
32,2,9,2,13,0,1,0,0,40,0
49,2,10,0,6,1,1,3325,0,45,0
50,2,11,2,13,0,1,0,0,65,0
33,2,9,5,7,2,0,0,0,40,0
19,2,9,4,7,1,0,0,0,50,0
26,2,5,4,7,1,1,0,0,35,0
23,2,9,4,7,4,0,0,0,40,0
30,2,10,4,11,1,0,0,0,48,0
40,4,9,2,2,0,1,0,0,15,0
28,2,9,4,0,1,0,0,0,40,0
38,2,14,2,12,0,1,0,0,20,0
39,4,10,2,4,0,1,0,0,80,0
17,2,7,4,5,3,1,0,0,30,0
57,2,9,0,0,1,0,0,0,40,0
50,5,14,6,9,4,0,0,0,60,0
25,1,13,4,12,4,0,0,0,40,0
19,2,7,4,11,3,0,0,0,35,0
46,4,5,2,11,0,1,0,0,40,0
43,2,9,2,6,0,1,0,0,40,1
60,4,10,2,2,0,1,0,0,24,0
22,2,9,4,0,4,1,0,0,40,0
62,2,10,2,0,5,0,0,0,40,0
52,2,15,4,9,1,1,0,1564,40,1
49,2,10,2,2,0,1,7688,0,40,1
32,2,9,4,0,1,0,0,0,42,0
41,4,9,2,4,0,1,0,0,60,0
36,1,9,4,9,1,0,0,0,40,0
52,5,13,2,10,0,1,0,0,40,0
38,5,10,0,0,4,0,0,0,40,0
29,2,9,2,2,0,1,0,0,40,1
40,2,10,5,3,4,0,0,0,40,0
18,2,9,4,7,3,0,0,0,16,0
28,2,13,4,3,1,1,0,0,40,0
41,2,10,0,6,4,0,0,0,40,0
30,2,12,2,3,5,0,0,0,50,1
44,5,9,2,10,0,1,0,0,38,0
42,2,9,4,7,4,0,0,0,28,0
31,2,10,2,4,0,1,0,0,40,0
46,1,9,4,2,3,1,0,0,40,0
42,2,10,2,2,0,1,3103,0,45,1
53,2,13,4,7,1,1,0,0,40,0
53,3,10,2,11,0,1,0,0,50,1
22,2,9,4,13,1,1,0,0,37,0
19,5,10,4,0,3,0,0,0,10,0
34,1,9,0,13,1,1,0,0,40,0
51,2,10,2,5,0,1,3464,0,48,0
60,4,9,0,2,4,0,0,0,40,0
63,2,8,6,8,4,0,0,0,35,0
54,4,10,2,13,0,1,2829,0,30,0
41,1,10,0,0,4,0,0,0,40,0
26,2,9,4,2,3,1,0,0,50,0
27,2,13,4,0,1,0,0,0,40,0
33,2,12,4,7,4,0,0,0,40,0
58,2,9,4,13,3,1,0,0,40,0
45,1,10,0,0,1,0,0,0,38,0
66,4,6,2,2,0,1,0,0,25,0
45,3,13,2,4,0,1,4386,0,35,1
35,2,13,2,7,0,1,0,0,40,0
74,2,15,6,0,1,0,0,0,20,0
24,4,10,4,3,1,1,0,0,45,0
43,2,10,2,13,0,1,0,0,42,0
55,3,14,6,11,1,0,0,0,40,0
48,2,9,2,12,0,1,0,0,40,0
46,4,10,0,3,1,1,0,0,50,0
18,2,8,4,5,3,1,0,0,22,0
25,2,6,4,6,1,0,0,0,40,0
62,5,14,2,9,0,1,0,0,60,1
52,4,6,2,3,0,1,0,0,40,0
48,3,10,2,2,0,1,3103,0,40,1
25,2,8,2,6,2,1,0,0,40,0
55,2,3,2,6,0,1,0,0,40,0
25,2,3,2,5,3,1,0,0,40,0
18,2,7,4,7,3,1,0,0,16,0
30,2,10,2,5,0,1,0,0,40,0
40,0,14,2,12,0,1,0,1902,40,1
48,4,9,2,2,0,1,0,0,40,1
24,2,3,4,6,2,1,0,0,40,0
19,2,9,0,7,1,0,0,0,40,0
38,3,13,2,2,0,1,0,0,50,1
37,5,10,2,7,0,1,0,0,40,0
51,0,16,2,9,0,1,15024,0,40,1
56,2,9,4,11,3,1,0,0,40,0
51,2,9,0,7,2,0,0,0,30,0
63,2,9,0,9,1,0,0,0,72,0
44,2,10,4,2,1,1,0,0,38,0
26,2,13,4,3,1,1,0,0,40,0
37,1,13,2,9,0,1,0,1887,40,1
58,2,13,0,11,1,1,0,0,40,0
23,2,9,4,6,2,1,0,0,40,0
44,2,9,4,2,2,1,0,0,58,0
44,1,13,2,9,0,1,0,0,40,1
58,2,12,0,0,1,1,0,1876,40,0
31,2,10,0,7,1,1,0,0,50,0
26,1,13,4,9,3,1,0,0,38,0
36,5,13,2,9,5,0,0,1672,38,0
23,2,13,4,9,1,1,0,0,40,0
36,2,9,4,3,1,1,0,2258,70,0
25,2,13,4,12,1,0,0,0,50,0
36,1,9,3,10,1,1,0,0,69,1
38,4,9,2,2,0,1,0,0,47,0
49,0,13,2,3,0,1,0,0,45,1
38,1,13,2,3,0,1,0,0,50,1
36,4,10,2,7,5,0,0,0,40,0
43,2,16,2,9,0,1,99999,0,55,1
49,3,14,2,11,0,1,0,0,40,1
58,4,9,2,2,0,1,0,0,40,0
21,2,9,4,0,3,0,0,0,40,0
47,5,5,0,7,1,0,0,0,40,0
29,1,14,4,9,1,0,0,0,50,0
22,2,12,4,0,1,0,0,0,40,0
37,1,12,2,9,0,1,0,0,45,1
37,1,9,2,2,0,1,0,0,40,0
28,1,10,2,10,0,1,0,0,40,0
24,2,9,4,7,3,1,0,0,35,0
43,2,9,2,2,0,1,0,0,40,1
18,2,7,4,11,3,0,0,0,10,0
34,2,13,2,9,0,1,0,0,40,1
24,2,3,4,6,2,0,0,0,40,0
26,2,10,4,0,1,0,0,0,45,0
27,2,13,4,0,1,0,0,0,37,0
22,2,12,4,0,1,0,0,0,40,0
34,1,9,4,10,1,1,0,0,40,0
35,2,13,4,11,1,1,0,0,55,0
64,2,3,2,7,0,1,0,0,40,0
40,2,4,4,7,1,1,0,0,20,0
31,2,9,2,2,0,1,0,0,48,1
90,1,12,2,0,0,1,0,0,20,0
33,2,14,2,9,0,1,0,0,45,1
18,2,9,4,5,3,1,0,0,40,0
56,2,6,2,11,5,0,0,0,30,1
30,2,13,2,3,0,1,0,0,50,1
41,2,10,2,3,0,1,0,0,40,1
18,2,10,4,11,3,0,0,0,35,0
36,2,9,5,13,2,1,0,0,60,0
34,5,9,4,7,3,0,0,0,20,0
18,2,9,4,11,3,0,0,0,25,0
30,2,10,4,11,3,0,0,0,40,0
51,2,14,2,3,0,1,0,0,70,1
51,2,11,2,2,0,1,5013,0,40,0
49,5,10,2,9,0,1,0,0,50,1
31,2,10,5,0,3,0,0,0,40,0
47,1,10,0,3,1,1,0,0,56,1
52,4,9,2,4,0,1,0,0,70,0
25,2,9,4,6,1,1,0,0,40,0
56,2,5,0,2,1,0,0,0,40,1
33,4,9,2,2,0,1,0,0,40,1
44,2,10,2,3,0,1,0,0,40,1
41,2,13,4,0,1,1,0,0,50,0
23,2,13,4,3,4,1,0,0,40,0
42,3,15,2,9,5,0,0,0,50,1
63,2,10,2,9,0,1,0,0,38,0
22,2,9,4,5,3,1,0,0,40,0
24,2,11,2,0,5,0,0,0,40,0
30,2,7,2,13,0,1,0,0,50,0
32,2,14,2,3,0,1,0,0,60,1
44,4,10,2,6,0,1,0,0,57,0
50,2,9,2,5,0,1,0,0,30,0
37,5,9,0,0,4,0,0,0,12,0
19,2,10,4,0,3,0,0,0,30,0
61,2,9,2,7,5,0,0,0,4,0
30,2,9,0,13,1,1,0,0,43,0
45,2,10,2,12,0,1,15024,0,37,1
29,0,13,4,9,1,0,0,0,40,0
39,2,9,2,6,0,1,0,0,40,0
31,2,2,2,5,0,1,0,0,35,0
37,2,5,2,2,0,1,0,0,40,0
30,2,10,4,11,1,0,0,0,45,0
18,4,9,4,4,3,1,0,0,40,0
25,1,9,2,10,0,1,0,1902,40,1
58,2,12,2,8,2,0,0,0,35,0
32,2,9,0,7,3,1,2174,0,40,0
55,2,9,4,5,1,1,0,0,40,0
31,2,13,2,11,0,1,0,0,40,1
63,2,6,5,7,4,0,0,0,40,0
17,2,7,4,11,3,0,0,0,16,0
47,2,2,2,5,0,1,0,0,40,0
31,2,10,2,3,0,1,0,0,40,1
32,1,12,2,10,0,1,0,0,56,1
31,5,12,2,12,0,1,0,0,40,1
77,2,4,2,6,0,1,0,0,30,0
20,2,10,5,11,4,0,0,0,40,0
39,2,10,0,7,1,0,0,1721,55,0
35,2,16,2,9,0,1,0,0,60,0
19,2,9,4,2,3,1,0,0,20,0
65,1,7,2,13,0,1,0,0,35,0
52,2,9,2,11,0,1,0,0,40,1
34,0,8,2,1,0,1,0,0,40,0
51,2,14,6,3,4,1,15020,0,40,1
31,5,13,4,9,1,0,0,0,40,0
17,2,5,4,7,3,0,0,0,10,0
35,2,13,2,3,0,1,0,0,40,1
50,4,13,2,3,0,1,0,0,40,1
54,2,10,2,11,0,1,0,0,98,0
20,2,10,4,0,1,0,0,0,45,0
18,2,7,4,7,2,1,0,0,20,0
50,2,14,0,9,1,0,0,0,35,0
48,2,10,4,0,1,0,0,0,40,0
41,1,10,2,13,0,1,3942,0,40,0
53,2,10,2,2,0,1,0,0,40,0
38,2,9,5,10,1,1,0,0,40,0
36,2,10,2,2,0,1,0,0,50,0
23,2,9,2,2,0,1,0,0,40,0
51,1,13,2,9,0,1,0,0,45,0
34,2,9,0,11,3,0,0,0,35,0
36,5,13,0,9,1,0,0,0,55,0
29,0,13,4,9,1,1,0,0,40,0
57,1,10,6,3,1,1,6849,0,40,0
35,2,9,2,11,0,1,0,0,45,0
50,2,9,2,2,0,1,0,0,40,1
24,2,9,4,6,1,0,0,0,40,0
19,2,10,4,3,3,1,0,0,30,0
43,5,12,3,7,4,0,0,0,30,0
59,0,9,2,2,0,1,0,0,40,1
17,2,6,4,7,3,1,0,0,30,0
44,5,14,2,0,0,1,0,0,40,1
36,2,9,2,2,0,1,0,0,52,1
35,2,9,2,13,0,1,0,0,40,0
35,4,13,4,9,3,0,0,0,40,0
27,2,3,2,13,0,1,0,0,40,0
28,2,11,4,9,4,1,0,0,40,0
42,2,14,2,9,0,1,0,0,40,1
38,2,13,2,3,0,1,0,0,50,1
21,2,10,4,11,3,0,0,0,20,0
49,2,16,0,12,4,1,7430,0,40,1
32,2,9,4,4,3,1,0,0,40,0
38,2,9,2,11,0,1,0,0,45,0
44,2,13,0,3,4,0,0,0,45,0
60,0,13,2,0,0,1,0,0,40,1
35,2,7,2,4,0,1,0,0,40,0
43,2,12,2,12,0,1,0,0,40,0
60,2,9,2,0,5,0,0,0,40,0
24,2,11,4,2,1,1,0,0,45,0
33,2,9,4,13,2,1,0,0,40,0
41,2,13,4,11,1,0,0,0,40,0
67,2,8,2,6,0,1,0,0,40,0
42,2,12,2,3,0,1,0,0,44,1
54,1,6,2,0,0,1,0,0,40,0
47,0,9,2,13,0,1,0,0,50,1
66,2,13,2,9,0,1,20051,0,40,1
18,2,9,4,7,1,0,0,0,28,0
33,5,13,0,9,1,0,0,1092,40,0
51,2,10,0,11,1,0,0,0,45,1
26,2,10,0,12,1,1,0,0,60,0
27,2,12,2,6,0,1,0,0,40,0
34,2,9,2,9,0,1,0,0,40,0
29,2,9,2,2,0,1,0,0,55,0
39,2,9,2,7,0,1,0,0,30,0
47,2,10,0,0,2,0,0,0,40,0
44,2,12,4,9,1,0,0,0,36,0
37,2,7,4,5,1,1,0,0,40,0
27,0,11,4,12,4,1,1151,0,40,0
32,4,12,4,11,1,1,0,0,80,0
37,2,6,0,13,4,1,0,0,40,0
55,2,10,2,9,0,1,0,0,40,1
67,2,10,6,11,1,1,0,0,18,0
28,2,13,0,3,1,1,0,0,40,0
25,4,13,4,0,1,0,0,0,20,0
56,4,9,2,11,0,1,0,0,40,0
42,2,10,4,13,1,1,0,0,40,0
50,1,13,0,3,1,0,0,0,40,1
45,3,10,2,3,0,1,0,0,55,1
72,2,9,2,5,0,1,0,0,20,0
58,2,9,2,13,0,1,0,0,60,1
26,0,10,2,0,0,1,0,0,40,0
41,3,13,2,11,0,1,0,0,40,1
27,2,11,2,9,0,1,0,0,44,1
31,2,9,0,11,1,0,0,0,34,0
36,2,10,2,2,0,1,7298,0,44,1
46,1,15,5,9,1,1,4650,0,40,0
28,2,10,4,0,1,0,0,0,60,0
47,0,12,2,0,0,1,0,0,40,1
36,2,13,2,9,0,1,15024,0,50,1
46,2,9,2,5,0,1,0,0,35,0
64,1,9,0,13,4,1,0,0,20,0
29,2,9,4,4,4,1,0,0,35,0
28,2,11,2,7,2,0,3137,0,40,0
48,2,9,2,6,0,1,0,0,40,0
48,2,7,0,7,4,0,0,0,40,0
30,2,13,2,11,0,1,0,0,40,0
33,2,9,2,6,0,1,0,0,40,0
32,2,10,4,5,3,1,0,0,40,0
48,3,14,2,7,0,1,0,0,40,0
24,2,13,4,11,3,0,0,0,40,0
53,1,14,2,3,0,1,0,0,40,0
66,2,13,2,11,0,1,0,0,5,1
31,2,13,2,9,5,0,0,0,40,1
67,2,10,2,11,0,1,0,1844,70,0
28,2,9,4,12,1,1,0,0,50,0
33,2,10,4,11,1,1,0,0,40,0
35,0,9,4,0,1,1,0,0,40,0
48,2,13,3,3,1,0,0,0,50,1
28,2,10,2,5,0,1,0,0,40,0
54,2,10,2,9,0,1,0,0,40,1
35,4,4,2,4,0,1,0,0,75,0
52,2,10,2,3,0,1,0,0,40,0
41,2,10,2,2,0,1,0,0,40,0
26,2,10,2,3,0,1,0,0,45,1
21,2,10,4,6,3,0,0,0,30,0
22,2,13,4,11,1,1,0,0,45,0
35,2,10,2,10,0,1,0,0,56,0
17,2,7,4,7,3,1,0,0,14,0
56,2,10,4,0,1,0,0,0,38,0
51,2,9,4,5,3,0,0,0,40,0
28,2,5,2,6,0,1,0,0,40,0
49,2,10,6,3,1,0,0,0,40,1
46,3,14,2,3,0,1,0,2392,50,1
28,2,9,4,7,1,0,0,0,60,0
50,5,10,2,0,0,1,0,0,40,1
40,0,12,4,0,1,0,0,0,40,0
36,4,15,2,9,0,1,0,0,50,0
66,4,9,6,2,1,1,0,0,20,0
33,2,9,2,3,0,1,0,0,40,0
22,2,7,4,11,1,0,0,0,40,0
62,2,9,2,6,0,1,0,0,40,0
30,2,13,2,0,5,0,0,0,40,1
26,2,13,4,0,1,0,0,0,35,0
58,2,9,2,2,0,1,0,0,25,0
29,2,9,1,13,0,1,0,0,80,0
32,4,10,4,9,1,1,0,0,60,0
36,2,9,2,2,0,1,0,0,50,0
43,4,13,4,9,4,0,0,0,50,0
39,4,10,4,9,3,0,0,0,10,0
41,1,10,2,0,5,0,0,0,40,0
42,2,14,2,9,0,1,0,1902,55,1
35,2,9,0,0,1,0,0,0,45,0
48,2,10,0,3,1,1,0,0,50,1
51,2,9,3,2,1,1,0,0,45,0
24,4,7,4,9,1,0,0,0,3,0
55,2,9,2,7,0,1,0,0,38,0
36,3,13,2,3,5,0,0,1977,45,1
41,2,9,2,13,0,1,0,0,50,0
24,1,13,4,9,1,0,0,1974,40,0
44,5,16,2,9,0,1,5013,0,60,0
27,2,9,2,6,0,1,0,0,45,0
21,2,10,4,12,1,0,0,0,50,0
25,5,13,4,9,1,1,0,0,20,0
29,2,16,2,9,0,1,0,0,50,1
27,2,9,4,7,1,0,0,0,52,0
31,2,9,0,13,3,1,0,0,40,0
52,4,10,0,9,1,0,0,0,32,0
46,2,13,2,12,0,1,0,0,40,0
41,2,13,2,9,5,0,15024,0,50,1
39,2,11,0,0,4,0,0,0,50,0
35,2,9,4,13,3,1,0,0,60,0
32,2,9,4,5,1,0,0,0,35,0
34,2,9,2,11,5,0,0,0,40,0
61,3,9,2,3,0,1,2829,0,45,0
58,2,13,2,11,0,1,0,1902,70,1
62,5,9,2,13,0,1,0,0,44,0
68,2,13,2,3,0,1,0,0,40,1
34,2,6,3,7,4,0,0,0,30,0
21,2,11,2,7,2,0,0,0,50,0
21,2,10,4,11,1,0,0,0,25,0
49,4,13,2,9,0,1,0,0,40,1
59,3,9,2,11,0,1,0,0,40,0
18,2,7,4,0,3,0,0,0,15,0
27,2,7,2,11,3,1,0,0,35,0
53,3,13,2,11,0,1,0,0,60,1
36,2,13,4,0,1,0,0,0,50,0
55,4,9,5,2,1,1,0,0,40,0
42,4,9,2,2,0,1,0,2002,40,0
40,0,10,2,0,0,1,0,1887,40,1
35,5,9,4,7,2,1,0,0,40,0
40,2,8,2,7,0,1,0,0,40,0
22,2,10,3,11,3,0,0,0,22,0
43,2,13,4,0,1,1,0,0,50,0
21,1,8,4,7,3,1,0,0,20,0
41,2,9,2,2,0,1,0,0,60,1
62,0,14,2,3,0,1,0,0,40,1
36,2,4,0,6,1,0,0,0,40,0
39,2,9,2,6,0,1,0,1887,40,1
32,3,9,2,2,0,1,0,0,40,1
36,4,13,0,11,4,0,0,0,8,0
31,3,9,0,7,4,1,0,0,30,0
26,5,13,2,0,0,1,3942,0,7,0
27,2,10,2,2,0,1,0,0,40,0
46,1,13,0,9,1,0,0,1408,40,0
35,4,5,2,2,0,1,0,0,50,0
34,2,13,4,3,3,1,0,0,40,0
24,2,13,2,9,0,1,0,0,44,0
37,5,13,4,9,2,1,0,0,40,0
25,4,10,2,2,0,1,3103,0,50,1
23,2,2,2,6,5,0,0,0,35,0
25,2,10,4,12,3,0,0,0,40,0
23,2,9,4,0,3,1,0,0,40,0
26,2,10,2,3,0,1,0,0,60,0
39,0,9,2,0,5,0,0,0,40,1
38,3,13,2,11,0,1,0,0,55,1
36,2,9,2,6,0,1,0,0,45,0
64,1,9,2,0,0,1,0,0,40,0
18,2,9,4,0,3,0,0,0,40,0
48,5,14,6,9,4,0,0,0,40,0
58,5,4,2,13,0,1,0,0,40,0
66,2,10,2,11,0,1,5556,0,40,1
47,2,15,2,9,0,1,99999,0,55,1
39,2,13,0,13,1,1,0,0,55,0
26,2,10,4,11,1,1,0,0,40,0
40,2,13,2,3,0,1,0,0,45,1
24,2,13,4,3,1,1,0,0,40,0
46,1,15,2,9,0,1,0,0,40,1
53,2,9,2,5,0,1,0,0,40,1
55,3,13,2,3,0,1,0,2415,50,1
18,2,7,4,7,3,1,0,0,12,0
52,2,10,0,11,2,0,0,0,20,1
30,2,9,2,2,0,1,0,0,40,0
47,4,9,2,13,0,1,0,2002,42,0
56,2,13,0,9,1,0,0,0,40,0
19,2,9,4,7,3,0,0,0,20,0
24,2,10,4,4,3,1,0,0,50,0
45,2,14,4,3,1,0,0,2824,50,1
64,0,12,2,10,0,1,0,0,40,0
33,2,6,4,7,4,1,0,0,40,0
32,3,15,2,9,0,1,0,0,40,1
46,0,12,0,0,4,0,0,0,40,0
26,2,7,4,7,3,1,1055,0,32,0
46,4,9,0,7,4,0,0,0,40,0
40,2,11,2,0,0,1,0,0,40,0
19,2,9,4,11,3,0,0,0,20,0
19,2,10,4,7,2,0,0,0,20,0
26,2,9,4,11,1,0,0,0,50,0
41,0,13,2,9,0,1,0,0,38,1
59,2,6,0,6,1,0,0,0,40,0
55,2,13,2,11,0,1,0,0,40,1
29,2,9,2,13,0,1,0,0,40,0
43,2,10,2,6,0,1,0,0,40,0
29,2,13,4,9,3,0,0,0,72,0
33,3,9,2,11,0,1,0,0,99,0
31,4,9,2,3,0,1,0,0,40,1
41,4,12,2,2,0,1,0,1887,40,1
45,4,9,2,2,0,1,0,0,40,0
46,2,10,2,2,0,1,0,0,45,1
28,2,10,5,0,1,1,0,0,40,0
38,2,14,0,3,1,0,0,0,40,0
26,2,9,4,6,1,1,0,0,40,0
34,1,10,2,10,0,1,0,0,60,0
27,1,14,2,9,0,1,0,0,37,0
33,2,13,4,9,1,1,0,0,40,0
38,2,6,6,13,4,1,114,0,40,0
36,2,7,2,6,0,1,0,0,40,0
19,2,10,4,0,3,0,0,0,30,0
28,2,10,4,11,2,0,0,0,40,0
33,2,9,2,2,0,1,0,1902,46,1
34,2,10,2,2,0,1,0,0,50,0
24,2,13,4,9,3,0,0,0,35,0
17,2,6,4,7,3,0,0,0,40,0
38,4,13,2,9,0,1,0,0,50,0
19,2,7,4,7,3,0,0,0,28,0
20,2,10,4,7,3,0,0,0,20,0
39,2,14,4,9,1,0,0,0,40,1
22,2,10,2,11,0,1,0,0,55,0
38,2,10,2,2,0,1,0,0,40,0
29,2,15,4,9,2,1,0,0,50,0
33,3,9,2,11,0,1,0,0,50,1
24,2,9,4,3,3,0,0,0,40,0
31,2,10,2,11,0,1,0,0,50,0
36,2,10,2,3,5,0,0,0,33,0
44,5,9,2,10,0,1,0,0,40,0
48,2,11,2,0,0,1,0,0,40,1
39,2,9,2,0,5,0,0,0,50,0
20,2,9,2,7,2,0,0,0,40,0
29,2,9,0,2,1,1,0,0,40,0
44,2,13,2,12,0,1,0,0,40,0
59,3,13,2,9,0,1,0,0,20,1
26,4,9,2,3,0,1,0,0,40,0
45,2,9,2,13,0,1,0,2179,45,0
71,4,9,2,6,0,1,1455,0,3,0
26,2,13,4,2,3,1,0,0,40,0
59,3,13,2,2,0,1,0,0,60,0
31,2,9,2,0,3,0,0,0,38,0
50,2,9,0,2,3,1,0,0,40,0
55,2,14,4,9,1,0,0,0,40,0
62,2,6,2,6,0,1,0,0,40,0
19,2,10,4,11,1,0,0,0,28,0
52,4,9,2,13,0,1,0,0,70,0
25,2,3,3,5,2,1,0,0,40,0
45,3,13,2,3,0,1,15024,0,48,1
76,2,13,2,0,0,1,20051,0,50,1
27,2,9,2,11,0,1,0,0,50,0
38,2,9,0,7,1,0,0,0,75,0
39,2,9,2,3,0,1,0,0,40,0
32,2,9,0,6,3,1,0,0,50,0
43,2,10,2,13,0,1,0,0,60,0
45,0,10,2,9,0,1,0,0,56,1
36,2,10,4,3,1,1,0,0,40,0
19,2,9,4,12,3,0,0,0,20,0
28,4,13,4,9,1,1,0,0,50,1
48,2,10,2,13,0,1,0,2002,70,0
54,4,9,2,4,0,1,0,0,60,1
34,2,9,2,2,0,1,3908,0,46,0
38,2,9,2,2,0,1,0,0,40,0
52,0,13,2,9,0,1,0,0,40,1
44,1,16,3,9,4,0,0,0,38,0
51,4,9,2,11,0,1,3103,0,84,0
37,2,9,2,13,0,1,0,0,40,0
63,2,10,2,11,0,1,0,0,50,1
47,2,4,2,13,0,1,0,2051,40,0
53,2,16,0,9,1,1,0,0,50,0
47,2,10,4,11,1,1,0,0,70,1
51,2,11,2,2,0,1,0,0,40,1
38,2,13,2,11,0,1,7298,0,40,1
30,2,9,5,6,1,1,0,0,40,0
25,2,9,3,6,1,1,0,0,40,0
39,2,9,2,2,0,1,0,0,40,0
28,2,12,4,7,1,1,0,0,40,0
48,2,7,0,7,1,0,0,0,31,0
26,2,9,4,2,2,1,0,0,60,0
25,2,10,3,11,1,0,0,0,40,0
30,2,13,4,12,1,0,0,0,35,0
37,5,9,4,0,2,0,0,0,40,0
17,2,7,4,5,3,1,0,0,15,0
61,2,9,2,0,0,1,0,0,40,0
58,2,14,4,0,1,0,0,0,24,1
41,2,10,2,12,0,1,0,0,45,1
55,2,9,0,0,1,0,0,0,40,0
46,2,7,2,2,0,1,0,0,32,0
53,5,10,2,3,0,1,0,0,40,1
28,2,9,4,11,4,0,0,0,70,0
49,2,9,2,6,0,1,0,0,40,0
50,5,9,2,13,0,1,0,0,40,0
58,2,9,4,7,2,1,0,0,25,0
24,2,10,4,0,1,0,0,0,40,0
36,2,13,2,3,0,1,0,0,40,0
22,2,9,4,11,4,0,0,0,60,0
85,2,13,2,3,0,1,0,0,3,0
52,2,7,2,7,0,1,0,0,40,0
43,2,9,2,2,0,1,0,0,40,1
38,2,9,2,11,0,1,0,0,44,0
32,1,9,2,10,0,1,0,0,43,0
17,2,7,4,5,3,1,0,0,30,0
17,2,7,4,11,3,0,0,0,15,0
58,2,9,2,5,0,1,0,0,40,1
38,5,10,0,9,3,0,0,0,40,0
50,2,11,2,7,5,0,0,0,40,0
24,2,9,2,6,0,1,0,0,40,0
36,2,10,0,11,4,0,0,0,40,0
35,2,9,0,2,1,1,0,0,60,0
54,3,11,2,2,0,1,0,0,40,0
39,1,13,2,9,0,1,0,0,40,1
30,2,7,0,11,3,1,0,0,40,0
27,2,9,4,6,3,1,0,0,40,0
52,2,9,0,6,3,0,0,0,35,0
50,1,9,2,10,0,1,0,0,40,0
81,2,4,6,3,1,0,0,0,2,0
26,2,9,4,2,1,1,0,0,40,0
33,2,9,2,2,0,1,0,0,40,1
56,3,15,2,9,0,1,0,0,32,1
51,2,13,0,12,4,0,0,0,40,0
31,2,9,4,0,4,0,0,2238,40,0
43,2,9,5,6,1,0,0,0,40,0
74,2,9,2,5,0,1,2653,0,12,0
49,2,4,2,6,0,1,0,0,40,0
24,1,9,4,7,3,1,0,0,36,0
23,2,10,4,6,3,1,0,0,40,0
40,2,10,5,0,4,0,0,0,45,0
33,2,7,2,2,0,1,0,0,40,0
18,2,9,4,10,3,1,34095,0,3,0
31,2,9,2,2,0,1,0,1848,40,1
24,5,14,4,9,1,0,0,0,40,0
33,2,14,2,12,0,1,0,0,15,0
36,2,8,4,3,1,1,4650,0,50,0
49,2,14,2,3,0,1,0,0,45,1
23,2,13,4,0,3,0,0,0,30,0
35,4,9,2,3,0,1,0,0,60,0
57,3,14,2,3,0,1,0,0,50,1
52,1,9,2,7,5,0,0,0,20,0
21,2,9,4,0,3,0,0,0,44,0
49,2,9,0,7,1,0,0,0,40,0
37,0,13,4,9,1,0,0,0,40,0
61,2,9,0,5,1,0,0,0,40,0
49,2,12,0,0,1,0,4650,0,40,0
36,1,10,0,10,4,1,0,0,55,0
40,2,14,2,3,0,1,0,0,46,1
61,2,9,6,13,4,0,0,0,40,0
44,4,10,2,2,0,1,0,1887,55,1
22,5,10,4,5,3,1,0,0,35,0
23,3,11,4,2,1,1,0,0,50,0
42,3,10,2,4,0,1,0,0,60,0
58,1,9,2,7,0,1,0,0,40,0
30,2,15,2,9,0,1,0,0,40,0
36,1,13,0,9,4,0,0,0,40,0
52,1,16,2,9,5,0,0,0,40,1
45,4,10,2,13,0,1,0,0,45,0
22,2,10,4,0,3,0,0,0,40,0
31,2,9,2,6,0,1,0,0,40,0
50,2,4,2,2,0,1,0,0,40,0
39,2,9,4,5,2,1,0,0,40,0
21,2,10,4,7,3,0,0,0,40,0
44,2,3,3,2,1,1,0,0,45,0
33,2,9,0,0,4,0,0,0,40,0
18,5,9,4,7,3,1,0,0,25,0
47,2,11,2,11,0,1,0,0,40,1
40,5,13,4,9,4,0,0,0,20,0
42,0,14,2,3,0,1,0,0,40,1
38,2,10,2,6,0,1,0,0,38,0
38,2,6,0,6,1,0,0,0,40,0
55,2,6,4,7,1,1,0,0,40,0
37,5,13,2,0,5,0,0,0,45,1
62,2,9,4,11,1,0,0,0,40,0
25,2,13,4,9,3,0,0,2339,35,0
41,2,16,2,9,0,1,0,2051,60,0
57,2,9,2,2,0,1,0,0,52,0
18,2,10,4,11,3,1,0,0,15,0
22,2,9,4,11,4,0,0,0,35,0
55,2,9,6,0,3,0,0,0,40,0
31,4,14,0,9,1,1,0,1590,60,0
21,2,9,4,2,3,1,0,0,40,0
38,2,9,2,6,0,1,0,0,40,0
26,2,10,0,3,1,1,0,0,40,0
62,2,13,2,12,0,1,0,0,38,0
22,2,9,4,11,4,0,0,0,40,0
37,2,10,6,6,4,0,0,0,48,0
63,2,10,5,6,2,0,0,0,37,0
75,2,9,2,2,0,1,0,0,20,0
23,2,9,4,5,3,1,0,0,25,0
24,1,9,4,12,1,0,0,0,40,0
34,2,10,2,6,0,1,0,0,40,1
37,1,10,0,0,1,0,0,0,44,0
18,2,7,4,7,3,1,0,0,20,0
47,2,7,0,5,1,1,0,0,40,0
30,1,10,0,0,4,0,0,0,40,0
37,2,13,6,9,1,0,0,0,50,0
40,2,9,2,0,5,0,0,0,46,1
34,2,10,4,11,2,1,0,0,30,0
35,5,13,2,9,5,0,0,0,40,1
26,2,13,4,9,1,1,0,0,38,0
32,3,13,2,11,0,1,0,0,70,1
41,2,9,6,3,2,1,914,0,40,0
36,1,11,4,10,1,1,0,0,40,1
37,2,13,4,9,3,1,27828,0,40,1
48,4,13,2,3,0,1,0,0,40,1
19,2,9,4,0,1,0,0,0,40,0
17,2,7,4,11,3,0,0,0,24,0
53,2,4,2,2,0,1,0,0,40,0
34,2,9,0,13,1,1,0,0,40,0
23,2,9,4,5,1,1,0,0,40,0
24,2,9,4,6,3,0,0,0,25,0
34,2,9,4,0,1,0,0,0,40,0
55,4,14,2,9,0,1,7298,0,40,1
40,2,9,0,6,3,1,0,0,40,0
24,2,13,4,9,3,0,0,0,8,0
42,1,14,4,9,1,1,0,0,40,0
30,5,9,0,10,1,1,0,0,40,0
39,2,9,2,2,0,1,0,0,40,0
36,2,13,2,3,0,1,0,0,55,1
34,2,10,5,2,1,1,0,0,45,0
48,2,14,0,3,4,0,0,0,40,0
38,2,10,4,4,4,1,0,0,60,0
36,2,9,2,0,0,1,7298,0,55,1
58,2,12,2,3,0,1,0,0,42,1
26,2,9,4,0,3,0,0,0,40,0
45,2,9,4,0,1,1,3325,0,40,0
38,2,10,2,2,0,1,7688,0,40,1
48,1,14,2,9,5,0,15024,0,10,1
33,2,10,0,7,1,0,0,0,40,0
48,0,6,4,2,1,1,0,0,40,0
27,2,10,2,0,5,0,0,2377,20,0
31,2,10,2,9,0,1,0,0,40,0
47,4,12,2,2,0,1,0,1672,65,0
31,4,9,2,2,0,1,0,0,50,0
55,4,14,2,9,0,1,0,0,55,1
46,2,14,2,3,0,1,0,0,55,1
39,2,9,2,7,5,0,0,1902,40,1
59,1,9,2,0,5,0,0,0,38,1
33,2,13,5,3,1,0,0,0,45,0
19,2,7,4,7,3,0,0,0,40,0
52,5,7,2,13,0,1,0,0,40,0
33,1,9,0,13,4,0,0,0,43,0
56,2,9,2,11,5,0,0,0,35,0
31,2,10,2,7,0,1,0,0,40,1
44,2,13,2,2,0,1,0,0,50,1
59,2,7,2,0,0,1,7298,0,40,1
29,2,10,4,12,3,1,0,0,60,0
41,0,14,4,12,1,1,0,0,40,0
51,4,10,2,11,0,1,0,0,40,1
50,3,10,2,2,0,1,0,0,70,0
45,1,12,0,9,4,0,0,0,48,0
21,2,10,4,5,3,1,0,0,30,0
55,2,11,2,6,0,1,0,0,20,0
51,2,10,2,7,5,0,0,0,40,1
42,2,9,2,5,0,1,0,0,40,0
64,2,9,0,7,1,0,0,1762,79,0
19,2,9,4,0,3,0,0,0,25,0
64,0,10,2,0,5,0,0,0,40,1
34,2,9,2,11,0,1,0,0,40,0
64,1,5,4,0,2,1,0,0,40,0
23,2,10,4,3,3,1,0,0,40,0
24,2,9,4,7,3,0,0,0,40,0
30,2,9,4,0,3,0,0,0,40,0
25,4,9,2,4,0,1,0,0,30,0
40,0,9,2,0,5,0,0,0,20,1
44,2,14,0,7,1,0,0,0,55,0
50,2,9,2,6,0,1,0,0,50,0
21,2,10,4,11,3,1,0,0,35,0
51,4,13,2,11,0,1,0,2415,40,1
21,2,10,4,5,4,1,0,0,40,0
61,2,9,6,11,1,1,0,0,50,0
48,4,10,2,9,0,1,0,0,35,1
57,4,10,6,3,2,1,0,0,25,0
33,2,9,2,11,0,1,0,0,55,0
38,0,13,2,9,0,1,0,0,40,1
25,2,9,4,0,3,0,0,0,40,0
26,2,9,4,5,4,1,0,0,40,0
40,5,14,0,3,4,0,1506,0,40,0
46,2,9,4,7,1,0,0,0,28,0
60,2,9,2,6,0,1,0,0,40,0
27,2,10,2,11,0,1,0,0,40,0
48,2,13,4,7,1,1,0,0,50,1
35,2,9,4,5,3,0,0,0,20,0
28,0,13,4,9,1,1,0,0,50,0
34,2,9,6,0,4,1,0,0,15,0
54,2,4,2,2,0,1,0,0,40,0
50,2,7,4,6,2,0,0,0,40,0
42,3,15,4,3,1,1,0,0,15,0
33,2,9,2,0,5,0,0,0,35,1
36,2,13,2,11,0,1,0,0,50,1
38,2,9,0,7,1,0,0,0,25,0
41,2,9,0,0,4,0,3674,0,42,0
52,0,15,2,9,0,1,0,0,60,1
26,2,9,2,2,0,1,0,0,40,0
23,2,10,4,0,3,1,0,0,32,0
50,3,9,2,2,0,1,0,1672,60,0
43,1,15,2,9,0,1,15024,0,45,1
34,2,13,4,9,3,0,0,0,40,0
35,3,9,2,3,0,1,0,0,60,0
24,2,9,4,7,3,1,0,0,40,0
31,2,9,2,13,0,1,0,0,50,0
59,4,6,2,4,0,1,0,0,40,0
52,2,13,5,0,4,0,0,1092,40,0
19,2,10,4,11,3,0,0,0,25,0
77,2,16,6,3,4,1,0,0,40,0
36,2,6,2,2,0,1,0,0,40,0
39,2,10,4,11,3,1,0,0,40,0
49,2,9,2,13,0,1,0,0,44,0
31,2,10,4,0,1,0,0,0,55,0
24,2,6,4,11,1,1,0,0,49,0
54,2,4,2,2,0,1,0,0,40,0
30,2,10,4,0,2,0,0,0,40,0
67,1,16,4,9,1,0,7896,0,50,1
61,2,10,4,8,1,0,0,0,40,0
32,5,9,4,3,1,1,0,0,50,0
20,2,10,4,0,3,0,0,0,15,0
39,2,13,2,9,5,0,5013,0,32,0
18,4,9,4,4,2,1,0,0,40,0
22,2,13,4,11,1,0,0,0,16,0
44,2,13,2,3,0,1,0,0,40,1
48,2,10,0,0,1,0,0,1590,38,0
38,2,7,2,2,0,1,0,0,40,0
52,2,13,2,9,0,1,0,0,40,1
30,2,10,0,0,4,1,0,0,40,0
22,2,9,4,7,1,0,0,0,25,0
58,1,3,0,7,2,0,0,0,40,0
51,2,9,6,5,1,1,0,0,30,0
23,2,10,4,6,3,1,0,0,40,0
45,3,9,0,3,1,0,0,0,40,0
34,3,9,0,11,1,0,0,0,50,0
56,2,7,2,2,0,1,0,0,45,0
32,2,3,2,2,0,1,0,0,40,0
62,2,9,2,11,0,1,0,0,40,0
50,4,14,2,9,0,1,0,0,40,0
45,2,12,2,2,0,1,0,0,45,1
22,2,13,4,3,1,1,0,0,40,0
48,2,10,2,9,0,1,0,0,40,0
50,2,9,0,2,1,1,0,0,40,0
67,2,11,0,9,4,0,0,0,40,0
23,2,8,4,5,3,1,0,0,40,0
36,2,11,2,2,0,1,0,0,40,0
33,2,9,2,0,3,0,0,0,40,0
17,2,6,4,4,3,1,0,0,40,0
63,4,9,2,7,0,1,0,0,12,0
29,2,9,0,11,1,0,0,0,34,0
39,1,13,2,9,0,1,0,0,50,1
27,2,12,2,3,0,1,0,0,55,0
50,2,9,2,5,0,1,0,0,40,0
74,4,9,2,11,0,1,0,0,55,0
39,2,1,4,7,1,0,0,0,12,0
40,2,13,4,11,3,1,0,0,40,0
32,2,12,2,3,5,0,0,0,40,0
19,2,7,4,6,1,0,0,0,25,0
66,1,11,6,9,1,0,0,0,20,0
46,1,10,2,3,5,0,0,0,50,0
43,2,9,4,5,1,1,0,0,40,0
34,2,7,4,6,1,1,0,0,40,0
43,2,10,0,11,4,0,0,0,55,1
21,2,8,4,6,1,0,0,0,40,0
47,2,9,2,3,0,1,0,0,40,1
49,2,13,2,3,0,1,0,0,43,1
41,2,9,2,2,0,1,0,0,72,1
22,2,10,4,3,3,1,0,0,35,0
40,0,14,4,12,1,0,0,0,40,0
25,2,13,4,9,1,0,0,0,40,0
26,2,9,0,4,1,1,0,0,40,0
25,2,4,4,11,2,1,0,0,45,0
25,2,10,4,3,2,0,0,1504,45,0
41,2,9,2,13,0,1,0,0,40,0
35,3,14,2,0,0,1,0,0,50,0
44,2,13,0,7,1,1,0,0,40,0
21,2,9,4,7,3,1,0,0,10,0
25,4,10,4,2,4,1,0,0,35,0
19,4,9,4,0,3,0,0,0,30,0
34,2,13,4,11,1,1,0,0,65,1
57,5,13,2,0,0,1,0,1485,40,0
74,4,10,2,9,0,1,0,1648,35,0
40,2,10,0,6,4,0,0,0,48,0
34,2,9,2,13,0,1,0,0,52,0
33,2,9,4,2,3,1,0,0,35,0
40,2,10,0,6,1,1,0,0,40,0
21,2,10,4,7,2,0,0,0,30,0
45,2,10,0,0,4,0,0,0,48,0
47,2,14,0,9,4,0,0,0,40,0
37,2,10,2,11,0,1,0,0,45,1
74,2,6,2,10,0,1,0,1411,40,0
40,4,10,2,2,0,1,0,0,45,0
29,2,13,4,11,1,0,13550,0,35,1
30,4,10,2,11,0,1,0,0,40,1
34,3,10,4,13,4,1,0,0,40,0
27,5,10,4,7,1,1,0,0,50,0
56,4,9,2,2,0,1,0,0,40,0
19,2,9,4,7,3,1,0,0,30,0
25,2,10,4,11,1,1,0,0,35,0
42,2,15,2,9,0,1,0,1902,60,1
48,0,10,2,2,0,1,0,0,40,1
29,2,12,4,3,3,1,0,0,40,0
26,2,10,2,12,0,1,3103,0,40,1
35,2,11,4,2,1,1,0,0,50,0
23,2,10,4,11,1,0,0,0,30,0
63,1,9,2,3,5,0,0,0,32,0
57,3,9,2,11,0,1,0,1902,30,1
58,3,11,2,3,0,1,15024,0,40,1
38,0,14,2,3,0,1,0,0,40,1
28,4,9,0,3,1,0,0,0,40,0
19,2,9,4,0,3,0,0,0,28,0
31,2,9,4,4,1,1,0,2001,40,0
32,2,9,0,5,1,1,0,0,40,0
52,2,3,2,2,0,1,0,2002,45,0
66,3,9,2,0,5,0,0,0,40,1
56,1,6,6,7,4,0,0,0,25,0
60,2,6,5,7,1,0,0,0,40,0
38,2,15,2,9,0,1,0,0,99,1
32,2,9,0,7,1,0,0,0,40,0
47,2,9,2,12,0,1,0,0,40,0
61,4,10,2,2,0,1,0,0,40,0
73,4,13,2,4,0,1,0,0,30,0
61,4,10,6,6,1,0,0,0,40,0
45,4,9,2,2,0,1,0,0,45,0
38,2,9,4,4,1,1,0,0,60,0
43,2,13,2,0,0,1,0,0,40,1
74,2,9,6,7,1,0,0,0,28,0
42,5,13,2,0,0,1,0,0,40,1
23,2,10,4,11,3,0,0,0,15,0
33,2,9,4,7,2,1,0,0,50,0
18,2,9,4,11,3,0,0,0,20,0
51,4,13,2,3,5,0,0,0,25,0
18,2,7,4,11,3,1,0,0,20,0
44,4,14,4,4,3,1,0,0,99,0
36,2,13,0,9,4,0,0,213,40,0
42,2,11,2,11,0,1,0,0,37,0
54,2,10,0,6,1,1,0,0,60,0
29,2,3,4,7,1,1,0,0,25,0
48,4,9,2,3,0,1,0,0,30,0
26,2,9,4,11,1,1,0,0,40,0
51,2,9,0,5,4,1,0,0,40,0
30,2,13,4,9,1,1,0,0,40,0
30,2,11,2,9,3,0,7298,0,16,1
46,2,10,0,3,1,0,0,0,40,0
48,1,9,2,7,0,1,0,0,40,0
28,2,10,0,11,4,0,0,0,45,0
43,5,10,4,7,1,0,0,0,40,0
29,3,13,2,3,0,1,0,0,35,0
31,2,10,4,2,1,1,0,0,40,0
31,2,9,4,2,1,1,0,0,45,0
44,1,10,0,9,4,0,0,0,25,0
35,2,9,2,13,0,1,0,0,50,1
22,2,5,4,6,1,0,0,0,40,0
28,2,13,2,9,5,0,4386,0,20,1
28,2,11,2,2,0,1,0,0,50,0
35,2,9,5,7,1,1,0,0,40,0
41,2,14,2,9,0,1,0,0,55,1
43,2,3,2,6,5,0,0,0,40,1
33,2,10,2,13,0,1,0,0,60,0
44,2,13,2,2,0,1,0,0,12,0
35,0,15,2,9,0,1,0,0,55,0
18,2,5,4,4,3,1,0,0,20,0
40,0,10,2,12,0,1,0,0,40,1
47,4,15,2,9,0,1,0,1977,50,1
40,2,14,2,9,0,1,7688,0,40,1
24,2,10,4,9,1,1,0,0,40,0
37,0,9,4,0,1,1,0,0,40,1
59,2,9,2,6,0,1,7688,0,40,1
19,2,9,4,7,3,1,0,0,35,0
59,2,4,2,10,0,1,0,0,40,0
58,4,9,2,2,0,1,0,0,20,0
40,2,10,0,13,4,1,0,0,40,1
18,2,9,4,7,3,0,0,0,27,0
35,2,13,2,3,0,1,0,0,40,1
32,2,9,2,0,5,0,0,0,40,0
23,2,13,4,3,3,1,0,0,40,0
37,4,9,4,4,4,1,0,0,50,0
34,2,11,2,2,0,1,7688,0,40,1
43,2,9,2,13,0,1,0,0,99,0
43,0,15,2,9,0,1,0,0,50,1
64,1,4,2,10,0,1,0,0,10,0
25,2,10,2,0,0,1,0,0,45,0
30,2,13,4,9,1,0,2202,0,38,0
51,2,13,2,11,0,1,0,0,50,1
28,1,10,2,10,0,1,0,0,50,0
31,2,13,4,3,3,0,0,0,40,0
55,2,9,6,6,4,0,0,0,44,0
40,2,9,0,0,3,1,0,0,40,0
25,1,13,4,9,1,0,0,0,55,0
28,1,9,2,5,0,1,0,0,40,0
50,1,9,2,2,0,1,0,0,45,0
61,3,9,0,11,1,1,0,0,55,0
40,4,9,2,2,0,1,0,0,40,0
33,2,9,0,2,2,1,0,0,40,0
46,3,13,2,9,0,1,0,1977,60,1
44,0,10,2,2,0,1,0,0,40,0
51,2,9,2,9,0,1,0,0,40,0
22,2,10,4,13,3,1,0,0,40,0
43,2,13,0,3,1,0,0,0,45,1
60,4,9,4,4,4,1,0,0,42,0
19,2,11,4,7,3,0,0,0,20,0
23,2,10,4,5,3,1,0,0,40,0
43,0,9,2,0,5,0,0,0,35,0
21,2,9,4,0,3,1,0,0,40,0
37,2,9,2,2,0,1,0,0,51,0
33,2,14,2,9,0,1,0,0,35,0
24,2,9,0,5,4,1,0,0,40,0
27,2,10,4,0,3,0,0,0,40,0
36,2,13,0,3,4,0,0,0,40,0
36,2,9,2,2,0,1,0,0,50,0
33,4,9,2,2,0,1,0,0,40,0
59,2,9,0,2,1,1,0,0,40,0
52,2,9,5,0,2,0,0,0,40,0
61,2,12,2,3,0,1,0,0,42,0
41,4,13,2,3,0,1,0,0,60,1
51,2,9,2,5,0,1,0,0,40,0
38,0,15,2,9,0,1,0,0,50,1
24,2,9,4,7,1,0,0,0,40,0
46,2,4,0,7,1,0,0,0,40,0
57,2,9,2,8,0,1,0,0,30,0
20,2,9,4,2,3,1,0,0,40,0
33,2,13,4,9,1,0,0,0,45,0
55,2,9,2,2,0,1,0,0,40,0
25,2,13,4,3,1,1,0,0,50,0
47,2,7,0,2,1,0,0,0,45,0
41,2,13,0,13,1,1,0,0,48,0
32,2,9,2,2,0,1,0,0,40,0
18,2,7,4,5,1,1,0,0,40,0
47,2,9,6,2,1,1,0,0,40,0
45,5,13,5,9,1,0,0,0,40,0
33,2,13,2,0,0,1,0,0,60,1
55,2,10,2,2,0,1,0,0,58,0
35,2,9,2,6,0,1,0,0,40,0
57,2,9,2,2,0,1,0,0,48,0
66,4,11,2,4,0,1,4931,0,98,0
32,2,5,2,2,0,1,0,0,40,0
32,2,10,2,6,0,1,0,0,50,0
38,4,9,2,11,0,1,0,0,40,0
27,2,9,4,7,1,1,0,0,48,0
25,2,10,4,9,1,0,0,0,65,0
48,0,13,6,9,4,0,0,0,40,0
34,2,9,2,11,0,1,0,0,50,0
42,2,9,2,3,0,1,0,0,48,0
29,2,9,2,6,0,1,0,0,45,0
45,2,16,2,9,0,1,7688,0,50,1
44,2,15,0,9,1,1,0,0,55,1
20,2,10,4,0,1,0,0,0,40,0
27,2,10,4,5,1,1,0,0,25,0
38,2,9,2,10,0,1,0,0,48,0
40,2,9,4,3,1,1,6849,0,43,0
43,2,9,4,0,4,0,0,0,40,0
57,2,9,6,0,1,0,0,0,40,0
22,2,9,4,0,3,0,0,0,40,0
46,2,7,6,6,1,1,0,0,40,0
30,2,11,2,12,5,0,0,0,40,0
29,2,11,4,5,3,1,0,0,40,0
29,2,13,2,11,0,1,0,0,55,1
22,2,12,4,11,3,0,0,0,25,0
41,1,9,4,7,3,1,0,0,30,0
20,2,9,2,5,0,1,0,0,60,0
25,5,12,4,0,3,0,0,0,40,0
44,2,9,6,7,4,0,0,0,40,0
35,2,13,2,2,0,1,0,0,50,1
25,2,10,4,0,3,1,0,0,35,0
39,2,13,2,11,0,1,0,0,55,0
29,2,10,0,11,4,0,0,0,54,0
38,5,13,4,11,1,1,0,0,20,0
25,2,9,4,0,1,0,0,0,50,0
21,2,13,2,11,2,0,0,0,35,0
34,4,9,2,13,0,1,0,0,75,1
29,2,12,2,9,0,1,0,0,50,0
34,3,14,2,11,0,1,0,0,60,1
31,1,13,2,9,0,1,0,0,40,0
59,2,6,2,13,0,1,0,0,45,1
32,0,9,4,3,1,0,0,0,40,0
37,2,15,2,9,0,1,0,0,50,1
40,2,10,4,3,1,1,0,0,50,1
60,4,14,2,3,0,1,0,0,40,0
34,2,9,2,6,0,1,0,0,40,1
69,1,6,2,13,0,1,0,0,10,0
21,2,10,4,0,3,1,0,0,40,0
47,2,9,2,2,0,1,0,0,40,1
50,2,9,5,2,1,1,0,0,40,0
64,2,9,0,0,4,0,0,0,40,0
61,2,3,2,5,0,1,7298,0,40,1
46,2,7,0,9,4,1,0,0,40,1
64,2,9,4,3,1,1,0,0,3,0
33,2,11,2,6,0,1,0,0,40,1
19,5,10,4,9,3,1,0,0,40,0
58,4,14,2,6,0,1,0,0,35,1
18,2,7,4,7,3,1,0,0,23,0
53,2,12,0,0,4,0,0,0,48,0
60,2,10,0,3,1,1,0,0,40,0
29,2,6,2,2,0,1,0,0,40,0
22,2,8,2,13,0,1,0,0,40,0
35,2,13,2,12,0,1,0,0,48,0
52,2,10,4,6,1,1,0,0,40,0
47,2,10,2,12,0,1,0,0,60,0
53,1,9,2,2,0,1,5013,0,35,0
32,2,9,4,6,3,1,0,0,40,0
32,2,10,2,7,5,0,0,0,36,0
18,2,8,4,11,3,0,0,0,20,0
32,2,9,2,2,0,1,0,0,40,1
31,2,13,4,9,1,1,0,0,50,0
37,2,6,0,2,4,0,0,0,40,0
27,2,7,0,2,4,1,0,0,35,0
23,1,10,2,10,0,1,0,0,40,0
24,2,13,2,12,0,1,0,0,50,0
47,0,10,2,2,0,1,3908,0,40,0
29,4,9,2,4,0,1,0,0,80,0
45,2,9,2,0,0,1,0,0,40,1
34,2,10,2,2,0,1,0,0,50,0
53,2,10,2,13,0,1,0,0,40,1
90,4,9,4,3,1,1,2964,0,12,0
26,2,13,4,11,1,1,0,0,40,0
33,2,9,4,0,1,0,0,0,40,0
30,2,9,4,7,3,1,0,0,10,0
54,2,10,2,2,0,1,3103,0,40,1
36,2,9,2,2,0,1,0,0,40,1
27,2,9,5,5,4,1,0,0,40,0
46,2,9,0,6,1,0,0,0,38,0
59,4,4,2,4,0,1,0,0,70,0
45,0,13,4,10,1,0,0,0,40,0
53,3,10,6,11,4,0,0,0,40,0
21,2,9,4,7,2,1,0,0,40,0
41,0,9,4,0,3,1,0,0,40,0
29,2,13,2,9,0,1,5178,0,45,1
42,2,9,0,2,1,1,0,0,50,0
51,2,10,0,11,1,0,0,0,38,1
49,5,11,0,0,1,0,0,0,44,0
35,2,10,4,0,3,1,0,0,40,0
17,2,7,4,11,3,0,0,0,23,0
37,2,4,0,3,1,1,0,0,50,0
43,2,9,2,6,0,1,0,0,40,1
20,1,10,4,2,1,1,0,0,10,0
37,4,15,2,9,0,1,99999,0,50,1
33,2,10,0,2,1,1,0,0,45,0
59,5,9,6,0,1,0,0,0,40,0
25,2,13,4,0,1,1,0,0,40,0
52,2,13,2,3,0,1,0,0,50,0
23,2,10,4,11,3,0,0,0,20,0
37,4,13,2,9,0,1,0,0,40,1
46,2,1,2,6,5,0,0,0,40,0
27,2,9,2,0,0,1,0,0,39,0
23,2,12,4,9,3,1,0,0,40,0
43,2,10,2,9,0,1,0,0,40,0
53,2,9,0,6,1,1,0,0,50,0
56,5,14,0,9,1,0,0,0,39,0
39,2,13,2,3,0,1,0,0,60,1
41,2,10,2,11,0,1,0,0,40,1
44,2,14,0,3,4,1,7430,0,45,1
41,4,13,2,0,5,0,0,0,40,1
36,2,13,2,12,0,1,0,0,40,0
49,3,9,2,3,0,1,0,1902,60,1
31,2,14,4,9,1,0,14084,0,50,1
34,2,9,3,7,4,0,0,0,65,0
24,2,13,4,7,1,1,0,0,40,0
36,2,9,0,13,3,1,0,0,40,0
22,2,9,4,5,4,1,0,0,40,0
52,2,7,2,7,0,1,0,0,40,0
23,2,13,4,11,3,1,0,0,20,0
24,2,13,4,3,1,0,0,0,40,0
50,2,9,2,2,0,1,7688,0,40,1
30,0,13,2,9,0,1,0,0,40,1
31,1,13,4,11,3,0,0,0,40,0
24,2,9,4,2,3,1,0,0,40,0
23,2,9,4,7,1,0,0,0,20,0
55,2,10,4,0,3,0,0,0,36,0
24,2,12,4,0,1,1,0,0,40,0
50,2,13,0,3,4,1,15020,0,40,1
23,2,9,4,5,1,0,0,0,25,0
43,2,10,2,9,0,1,0,0,40,0
23,2,10,4,0,3,0,0,1617,25,0
30,2,13,4,11,3,1,0,0,40,1
44,2,11,2,0,2,0,0,0,20,0
33,2,13,2,3,0,1,0,1902,45,1
34,2,9,2,13,0,1,0,0,45,0
28,2,10,4,0,1,0,0,0,40,0
43,2,11,2,2,0,1,0,0,40,0
49,1,10,2,5,0,1,7298,0,40,1
49,2,9,5,11,4,0,0,0,40,0
27,1,9,4,9,3,0,0,0,40,0
34,2,10,2,12,0,1,0,1485,40,0
33,2,6,2,6,0,1,0,0,40,0
31,4,10,2,7,5,0,0,0,30,0
38,2,10,2,2,0,1,0,0,43,0
24,2,1,4,6,3,0,0,0,30,0
23,1,11,0,12,1,1,0,0,56,0
47,2,10,5,0,4,0,0,0,16,0
33,2,7,5,11,3,0,0,0,20,0
35,4,9,2,3,0,1,0,0,50,0
19,2,4,4,13,4,1,0,0,25,0
39,2,9,2,2,0,1,0,0,40,0
55,2,14,0,11,1,1,10520,0,40,1
59,3,10,2,3,0,1,15024,0,60,1
33,2,7,4,11,1,0,0,0,40,0
27,4,10,4,2,1,1,0,0,35,0
23,2,9,4,5,3,1,0,0,40,0
35,2,13,4,3,3,0,0,0,40,0
42,2,16,2,9,0,1,0,0,40,0
32,2,9,4,7,3,0,0,0,40,0
33,2,10,2,2,0,1,0,0,58,0
23,2,10,0,0,1,1,0,0,40,0
45,2,9,0,3,4,0,0,0,38,0
28,2,12,4,0,3,1,0,0,32,0
60,2,11,6,6,1,0,0,0,45,0
39,1,14,2,9,5,0,0,1977,20,1
55,5,9,2,10,0,1,0,0,40,0
50,2,13,0,11,1,0,0,0,50,0
62,5,13,2,3,0,1,0,0,40,1
37,2,10,0,3,1,0,0,0,40,1
27,5,13,2,10,5,0,0,0,48,0
38,1,13,2,9,0,1,0,0,30,0
52,2,13,0,0,4,0,0,0,45,0
29,2,10,0,0,4,0,0,0,20,0
27,2,3,4,7,1,1,0,0,75,0
32,2,10,0,5,4,1,0,0,40,0
61,2,5,6,7,4,0,0,0,40,0
60,2,4,0,6,1,1,0,0,40,0
34,2,14,4,9,1,1,4865,0,60,0
38,2,9,0,0,1,0,0,0,50,0
28,2,10,4,0,3,1,0,0,40,0
28,2,9,2,6,0,1,0,0,40,0
32,2,9,4,7,1,0,0,0,56,0
50,3,16,2,9,0,1,15024,0,60,1
40,2,12,0,3,1,0,0,0,40,0
46,2,3,2,2,5,0,0,0,45,0
24,2,13,4,12,1,1,0,0,40,0
51,1,9,2,3,5,0,0,0,32,0
30,2,13,2,3,0,1,7298,0,40,1
30,2,11,2,3,5,0,0,0,52,0
25,2,7,2,13,0,1,5178,0,40,1
39,1,9,5,10,1,1,0,0,40,0
37,0,10,4,0,3,1,0,0,40,0
39,2,10,2,0,3,0,0,0,50,1
58,4,16,1,3,5,0,0,1485,35,1
58,4,10,2,4,0,1,0,0,60,0
56,2,7,5,7,1,0,0,0,40,0
39,2,12,2,2,0,1,0,0,60,1
39,2,9,2,2,0,1,0,0,40,1
56,0,13,2,3,0,1,0,0,40,1
37,4,9,0,4,4,1,0,0,56,0
25,2,13,4,0,1,1,0,0,40,0
37,2,13,2,9,0,1,0,0,45,1
29,2,7,2,2,0,1,0,0,60,0
37,2,9,0,6,1,0,0,0,40,0
35,2,9,0,0,1,1,0,0,40,0
58,2,10,2,11,0,1,0,0,60,1
28,5,14,4,9,1,1,0,0,50,0
69,2,9,0,7,1,0,0,0,32,0
24,2,12,5,2,4,1,8614,0,40,1
72,2,14,2,7,0,1,0,0,12,0
27,2,10,4,2,4,1,0,0,45,0
47,2,13,4,0,1,1,0,0,60,0
57,0,10,0,9,1,1,0,0,48,1
54,2,9,2,3,0,1,0,1848,40,1
55,2,9,0,3,1,0,0,0,60,0
45,2,13,0,11,1,1,8614,0,48,1
33,2,13,2,3,5,0,0,0,40,1
47,2,9,2,2,0,1,0,0,40,0
32,2,10,4,3,3,1,0,0,40,0
25,2,3,4,6,2,1,0,0,40,0
29,2,9,4,6,4,0,0,0,30,0
42,2,10,2,6,0,1,0,0,35,0
28,2,9,0,3,1,1,0,0,55,0
29,2,10,4,2,1,1,2202,0,45,0
55,2,13,2,9,0,1,7298,0,40,1
34,2,6,2,13,0,1,0,0,80,0
25,2,2,4,8,1,0,0,0,40,0
30,2,6,4,6,4,0,0,0,40,0
55,2,10,2,2,0,1,0,0,38,0
35,2,9,4,0,3,0,6849,0,40,0
40,5,14,0,9,4,0,0,0,20,0
33,2,10,4,3,3,1,0,0,40,0
38,2,8,4,6,1,0,0,0,50,0
58,1,14,2,9,0,1,0,0,40,1
43,3,13,2,11,0,1,0,1977,60,1
36,2,13,0,0,1,0,3674,0,40,0
24,2,13,2,11,0,1,0,0,45,0
21,5,10,4,12,3,0,0,0,10,0
41,2,3,2,4,0,1,0,0,40,0
52,3,13,2,11,0,1,0,0,55,0
23,2,10,4,11,3,0,0,0,15,0
62,2,9,2,11,0,1,0,0,44,0
31,2,9,4,7,1,1,0,0,40,0
48,2,9,4,5,1,1,0,0,40,1
44,1,12,2,4,0,1,0,0,30,0
19,2,8,4,2,3,1,0,0,47,0
33,2,13,2,9,0,1,0,0,50,1
19,2,9,4,2,2,0,0,0,15,0
25,2,13,4,9,3,1,0,0,40,0
49,3,9,2,3,0,1,0,0,50,0
45,2,13,2,2,0,1,0,0,45,1
20,2,10,4,5,1,0,0,0,40,0
49,2,13,2,11,0,1,4064,0,44,0
25,2,9,2,2,0,1,0,0,40,1
23,5,13,4,0,3,0,0,0,52,0
38,2,11,2,11,0,1,0,0,40,1
52,2,4,0,8,3,0,0,0,16,0
33,2,9,4,6,4,1,0,0,40,0
29,2,9,2,0,5,0,0,0,40,0
19,2,10,4,7,3,0,0,0,20,0
32,4,10,0,7,1,0,0,0,35,0
18,2,7,4,9,3,1,0,0,15,0
34,3,13,2,3,0,1,7688,0,55,1
55,2,10,2,11,0,1,0,0,50,0
19,2,10,4,7,3,1,0,0,25,0
19,4,5,4,9,1,1,0,0,35,0
17,2,7,4,0,2,0,0,0,10,0
22,2,9,2,7,3,1,0,0,50,0
31,2,13,2,9,0,1,7688,0,40,1
62,2,11,2,9,0,1,7298,0,50,1
33,2,13,4,0,1,1,0,0,40,0
24,2,13,3,9,3,0,0,0,40,0
41,0,14,0,3,4,0,0,0,40,1
24,2,9,4,0,1,1,0,0,40,0
24,2,10,2,2,0,1,0,0,35,0
32,2,9,0,12,4,0,1471,0,38,0
38,2,9,2,2,0,1,0,0,40,0
18,2,7,4,9,3,1,0,0,40,0
46,2,2,0,2,1,1,0,0,40,0
17,2,9,4,4,3,1,0,0,40,0
67,4,9,2,13,0,1,6418,0,58,1
21,3,10,4,2,3,1,0,0,40,0
51,0,13,2,9,0,1,0,0,50,1
52,2,9,2,13,5,0,0,0,40,0
56,0,13,2,11,0,1,0,0,40,0
35,2,13,2,5,0,1,0,0,45,0
27,2,10,2,13,0,1,0,0,40,0
37,5,16,2,9,0,1,0,0,45,0
20,2,9,4,0,3,1,0,0,40,0
43,4,14,2,11,0,1,0,0,60,0
48,4,11,0,12,2,0,0,0,10,0
39,2,13,4,0,1,1,0,0,40,0
55,2,9,0,11,4,0,0,0,40,0
35,3,13,4,3,1,0,0,0,60,1
59,5,13,4,3,1,0,0,0,40,0
45,0,13,4,0,1,1,0,0,45,0
56,0,10,5,7,1,1,0,0,40,0
29,2,13,4,11,1,1,0,0,50,0
45,2,9,4,5,1,1,0,0,40,0
58,4,13,2,4,0,1,0,0,35,0
23,2,9,4,7,3,1,0,0,25,0
29,2,11,4,6,1,1,0,0,50,0
22,2,9,4,2,3,1,0,0,50,0
44,2,7,4,6,4,0,0,0,40,0
41,2,13,2,12,0,1,0,0,45,1
19,2,9,4,6,1,0,0,0,40,0
31,2,10,0,0,4,0,0,0,40,0
17,2,7,4,11,3,0,0,0,20,0
48,2,9,0,6,1,1,0,0,40,0
66,3,10,2,9,0,1,0,0,40,0
51,2,9,2,9,0,1,0,0,40,1
30,2,9,5,7,1,1,0,0,40,0
37,2,9,2,7,2,0,0,0,35,0
46,2,10,0,0,1,0,0,0,24,0
36,2,9,2,2,0,1,3908,0,55,0
28,2,11,2,0,5,0,0,0,40,0
42,2,10,5,3,1,1,0,0,60,0
39,2,14,2,3,0,1,0,1848,45,1
54,2,9,2,13,0,1,0,0,40,0
36,2,12,0,11,4,0,0,0,40,0
40,2,13,2,9,0,1,0,0,40,1
60,2,5,2,11,0,1,0,0,40,0
31,2,12,4,3,2,0,0,0,40,0
22,2,10,4,2,3,1,0,0,40,0
21,2,9,4,7,3,1,0,0,35,0
39,2,14,2,9,0,1,0,0,45,1
48,2,9,6,0,4,0,0,0,40,0
62,4,14,3,11,1,0,0,0,20,0
52,1,11,2,3,0,1,0,0,35,0
31,2,13,2,3,0,1,0,0,55,1
58,2,13,2,12,0,1,0,0,40,1
51,0,16,2,9,0,1,4386,0,52,1
57,2,7,2,2,0,1,0,0,40,1
33,2,9,2,13,0,1,0,0,46,0
31,2,9,2,11,0,1,0,1977,40,1
38,4,9,0,4,1,1,0,0,50,0
52,2,9,0,7,1,1,0,0,38,0
32,2,13,3,3,1,1,2174,0,55,0
20,2,9,5,6,3,1,0,0,40,0
25,2,9,2,6,0,1,0,0,40,0
46,2,3,2,0,5,0,0,0,40,0
62,2,9,6,0,1,0,0,0,38,0
39,2,9,2,6,0,1,0,0,40,0
40,2,11,2,9,0,1,0,0,40,1
34,2,10,4,0,1,1,0,0,40,0
27,2,11,3,12,3,0,0,0,40,0
51,4,9,2,2,0,1,0,0,40,0
24,2,9,4,2,1,1,0,0,50,0
57,2,10,4,2,1,0,0,0,40,0
75,4,10,2,3,0,1,0,2149,35,0
41,2,14,0,3,4,0,0,0,40,0
23,2,9,4,12,2,1,0,0,40,0
31,2,3,2,7,0,1,0,0,40,0
55,2,3,2,6,0,1,0,0,40,0
18,2,9,4,5,3,1,0,0,12,0
63,2,13,2,2,0,1,0,0,40,0
50,5,9,2,7,5,0,0,0,39,0
19,2,9,4,7,3,1,0,0,20,0
26,2,12,4,12,1,1,0,0,45,0
57,3,10,2,3,0,1,0,0,40,1
23,2,10,4,3,1,1,0,0,40,0
34,0,13,2,10,0,1,0,1902,48,1
61,5,13,0,3,4,0,0,0,40,0
42,2,9,0,13,1,1,0,0,50,0
29,2,12,4,11,1,1,0,0,45,0
58,5,9,0,7,3,1,0,0,40,0
51,2,9,5,5,1,1,0,0,45,0
34,0,10,4,2,2,1,0,0,40,0
40,2,11,5,2,1,0,0,0,60,0
31,2,9,4,7,1,1,0,0,85,0
52,0,9,2,10,0,1,0,0,40,0
31,2,13,4,9,3,0,0,0,40,0
22,2,12,4,5,3,1,0,0,20,0
24,2,9,4,11,3,0,0,0,55,0
28,2,9,0,0,1,0,0,0,40,0
55,2,7,2,6,0,1,0,0,32,0
18,2,9,4,12,3,0,0,0,10,0
41,2,9,2,11,0,1,2829,0,40,0
42,0,13,2,3,0,1,0,0,40,1
44,2,10,4,7,1,0,0,0,40,0
26,2,13,4,9,1,0,0,0,40,0
39,2,11,0,3,4,0,0,0,40,0
17,1,7,4,9,3,0,0,0,40,0
19,2,9,4,0,3,0,0,0,40,0
40,2,11,2,12,0,1,4386,0,40,0
23,2,3,4,5,4,1,0,0,40,0
21,2,9,2,2,0,1,0,0,50,0
18,2,7,4,2,3,1,0,0,25,0
66,5,10,0,3,1,0,0,0,55,0
31,1,13,2,10,0,1,0,0,97,1
21,2,10,4,0,3,1,0,0,20,0
35,2,13,4,9,1,1,0,0,50,1
23,2,9,2,11,0,1,0,0,50,0
18,2,9,4,11,3,0,0,0,20,0
46,2,13,5,9,4,0,0,0,32,0
62,2,4,2,13,0,1,0,0,53,0
43,5,13,2,0,0,1,0,0,40,1
54,3,16,2,9,0,1,0,0,60,1
36,2,10,2,6,0,1,0,0,40,0
25,2,4,2,5,0,1,0,0,40,0
43,2,12,2,9,0,1,0,0,50,0
57,2,9,2,10,0,1,0,0,40,0
23,2,10,4,4,1,1,0,0,66,0
73,3,10,0,3,1,0,0,0,40,0
85,2,14,6,9,1,0,0,0,5,0
62,1,14,4,9,1,0,8614,0,45,1
53,2,10,0,0,1,0,0,0,34,0
71,4,14,2,11,0,1,10605,0,40,1
53,2,9,4,4,1,1,0,0,10,0
31,2,9,5,6,4,0,0,2238,40,0
58,2,6,0,7,4,0,0,0,65,0
35,4,10,2,3,0,1,0,0,60,0
21,2,5,4,6,1,1,0,0,48,0
40,2,13,2,11,0,1,0,0,50,1
41,2,15,2,9,5,0,0,0,40,1
38,2,13,2,11,0,1,0,0,50,0
28,2,13,2,3,0,1,0,0,40,0
63,2,11,6,0,4,0,0,0,8,0
24,2,10,4,3,1,1,0,0,42,0
44,2,14,2,9,0,1,7688,0,55,1
78,2,4,2,5,0,1,1797,0,15,0
21,2,10,4,7,1,0,0,0,20,0
34,2,11,2,11,0,1,0,0,40,0
47,2,9,2,13,0,1,0,0,40,1
25,2,7,4,2,1,1,0,0,40,0
37,3,8,2,2,0,1,0,0,40,0
36,2,13,2,2,0,1,0,0,48,1
32,2,10,4,2,1,0,0,0,40,0
34,2,13,2,9,5,0,0,0,35,0
40,2,13,0,0,1,0,0,0,40,0
34,2,9,2,0,0,1,0,1485,40,0
57,2,9,3,2,1,1,4650,0,40,0
38,4,10,3,7,4,0,0,0,40,0
18,2,8,4,7,2,1,0,0,20,0
54,0,13,0,3,1,1,0,0,40,0
36,2,9,0,13,1,1,0,0,50,0
72,2,6,6,0,1,0,0,0,20,0
37,2,9,0,4,4,1,0,0,45,0
26,2,9,5,5,3,1,0,0,40,0
30,2,15,2,9,5,0,0,0,45,1
63,2,9,0,7,1,0,0,0,40,0
26,2,10,4,0,3,0,0,0,40,0
41,5,10,2,0,5,0,3103,0,40,1
38,2,11,4,12,3,0,0,0,40,0
39,2,9,2,4,0,1,0,0,40,0
44,2,10,2,12,0,1,0,0,40,0
45,2,10,2,0,0,1,0,0,40,1
36,2,12,4,11,1,1,10520,0,43,1
20,2,9,4,2,1,1,0,0,40,0
22,2,4,2,6,0,1,0,0,40,0
32,2,13,2,3,0,1,0,0,45,1
22,2,10,4,12,3,1,0,0,40,0
53,1,14,2,3,0,1,0,0,43,1
33,4,10,2,11,0,1,0,0,60,0
48,2,9,0,6,4,0,0,0,40,0
40,2,16,2,9,5,0,0,1977,20,1
49,5,13,2,9,5,0,0,0,40,1
41,2,11,0,9,4,0,0,0,40,0
33,2,13,4,2,3,1,0,0,20,0
35,5,9,4,10,3,1,0,1980,40,0
39,2,11,2,3,5,0,7688,0,55,1
56,4,10,2,7,0,1,0,0,40,0
17,2,7,4,2,3,1,0,0,16,0
43,2,9,2,2,0,1,0,0,44,0
56,3,9,2,11,0,1,0,0,50,1
37,4,9,2,2,0,1,0,0,40,0
54,2,10,2,11,5,0,0,0,40,1
21,2,10,4,11,3,0,0,0,35,0
41,2,14,2,3,0,1,0,0,40,1
37,3,10,2,2,0,1,0,0,50,1
29,2,10,2,2,0,1,0,0,40,1
46,2,10,2,2,0,1,0,0,40,1
22,4,10,4,11,3,1,99999,0,55,1
47,2,9,2,10,5,0,0,0,40,0
34,2,7,4,6,3,1,0,0,45,0
22,2,9,4,2,1,1,0,0,50,0
55,1,10,2,9,0,1,0,0,40,0
75,2,10,2,3,0,1,0,0,35,1
31,2,10,4,2,4,1,0,0,42,0
61,2,9,2,5,0,1,0,2002,38,0
35,2,9,4,2,1,1,0,1408,40,0
36,2,9,2,9,0,1,0,1977,40,1
52,2,13,2,3,0,1,0,1902,65,1
51,2,9,2,2,0,1,0,0,40,0
21,2,10,4,6,3,1,0,0,40,0
34,2,14,4,7,1,1,0,0,40,0
32,2,5,5,7,4,0,0,0,23,0
56,4,10,3,9,1,1,0,0,50,0
35,2,9,0,13,1,1,0,0,45,0
39,2,9,4,0,1,0,0,0,40,0
40,4,9,2,4,0,1,0,0,50,0
34,2,10,2,3,0,1,0,0,50,1
17,2,7,4,11,3,0,0,0,20,0
69,2,10,6,0,1,0,2050,0,24,0
31,2,9,4,5,1,1,0,0,40,0
19,2,9,4,5,3,1,0,0,25,0
37,2,13,2,11,0,1,0,0,55,1
22,2,10,4,7,1,0,0,0,40,0
50,5,9,2,5,0,1,0,0,40,0
43,2,9,4,9,1,1,4650,0,40,0
32,4,13,2,9,0,1,0,0,45,1
37,2,9,4,7,1,0,0,0,40,0
47,2,7,2,7,0,1,0,0,50,0
49,1,14,2,0,0,1,0,0,40,0
36,2,13,2,9,0,1,0,1902,50,1
38,3,12,0,3,4,1,0,0,45,0
58,2,3,2,6,0,1,0,0,40,0
27,2,9,4,5,2,1,0,0,28,0
31,2,10,2,13,0,1,5178,0,40,1
47,4,16,2,2,0,1,0,0,50,0
34,0,8,2,2,0,1,0,0,40,0
37,1,11,2,10,0,1,0,0,40,0
38,2,13,0,11,1,1,0,0,48,1
35,2,13,2,11,0,1,0,1977,65,1
54,3,13,2,3,0,1,0,0,50,1
50,4,14,2,9,5,0,0,0,40,1
53,2,14,0,3,1,0,4865,0,40,0
35,2,7,4,7,4,1,0,0,40,0
39,2,4,5,7,2,1,0,0,40,0
35,1,9,5,0,4,0,0,0,38,0
17,2,6,4,7,3,1,0,0,8,0
55,2,16,4,9,1,1,0,0,40,0
33,2,9,2,7,3,0,0,0,25,0
20,3,9,4,2,3,1,0,0,40,0
50,5,10,3,0,4,0,0,0,40,0
27,2,13,4,0,1,0,0,0,40,0
33,2,9,2,2,0,1,0,0,40,0
26,2,10,4,5,3,1,0,0,35,0
24,2,13,4,11,1,0,0,0,40,0
47,2,9,4,9,1,0,4101,0,40,0
32,2,11,4,7,1,1,0,0,45,0
23,2,9,4,7,3,0,0,0,40,0
24,1,9,4,0,1,1,0,0,40,0
41,2,10,4,0,1,1,0,1617,35,0
47,4,9,5,11,4,0,0,0,35,0
29,1,10,0,0,4,0,0,0,40,0
64,2,9,6,0,1,0,2174,0,37,0
63,4,13,2,9,0,1,0,1977,32,1
34,5,10,5,3,3,0,0,0,40,0
49,2,13,4,3,1,1,0,0,45,1
39,2,13,2,11,0,1,0,0,50,1
42,2,11,2,2,0,1,0,0,52,0
43,4,15,2,9,0,1,0,0,35,1
40,1,14,2,9,0,1,7688,0,40,1
32,2,13,2,3,0,1,0,0,40,1
55,2,9,2,11,5,0,0,0,50,0
52,2,14,2,3,5,0,15024,0,60,1
37,0,14,4,3,3,0,0,0,40,0
30,2,13,4,7,1,1,0,0,40,0
43,2,14,2,3,0,1,7298,0,50,1
43,2,13,2,13,0,1,0,0,70,1
23,2,10,4,12,1,0,0,0,40,0
64,2,9,6,7,2,1,0,0,28,0
49,2,13,2,3,0,1,0,0,40,1
71,1,13,6,9,4,0,0,0,6,0
52,2,9,2,11,0,1,0,0,50,0
30,2,9,4,2,1,1,0,0,40,0
43,2,14,2,9,0,1,0,0,50,0
19,4,9,4,2,3,1,0,0,40,0
54,2,14,0,12,1,1,0,0,40,1
25,2,13,4,0,1,0,0,0,40,0
25,2,6,4,7,1,1,0,0,24,0
35,2,8,2,6,0,1,0,0,40,0
31,2,14,0,7,1,0,0,0,30,0
39,0,9,2,12,0,1,0,0,40,1
32,0,12,4,10,1,1,0,0,40,0
53,0,9,2,13,0,1,0,0,40,1
56,1,15,2,0,0,1,0,0,40,1
45,2,10,4,3,1,0,0,1340,50,0
53,2,9,2,2,0,1,0,0,40,0
56,1,9,6,0,1,0,0,0,40,0
39,2,9,0,0,4,0,0,0,38,0
33,3,13,2,3,0,1,7298,0,45,1
43,2,13,2,11,0,1,0,1887,40,1
34,1,1,4,0,3,0,0,0,25,0
53,2,13,2,6,5,0,0,0,40,0
26,1,13,2,9,5,0,0,0,40,1
38,1,9,2,10,0,1,0,0,54,1
28,5,14,2,3,0,1,0,0,40,0
34,2,9,2,13,0,1,0,0,50,1
27,2,9,4,7,4,0,0,0,64,0
35,2,12,2,2,0,1,0,0,40,0
33,2,9,2,0,0,1,0,0,50,1
71,3,13,2,11,0,1,20051,0,30,1
17,2,5,4,2,2,1,0,0,40,0
35,2,13,2,9,5,0,0,0,40,1
26,0,13,4,9,1,1,0,0,40,1
50,2,3,2,13,0,1,0,0,37,0
51,5,9,2,2,0,1,0,0,45,0
20,2,10,4,9,3,0,0,0,2,0
22,2,10,4,7,1,0,0,0,30,0
37,3,12,2,11,0,1,0,1887,40,1
47,3,13,0,3,1,1,0,0,70,1
28,3,10,4,3,1,1,0,0,50,0
31,2,9,4,0,1,1,2174,0,40,0
64,2,10,6,0,1,0,0,0,40,0
22,5,12,4,9,1,0,0,0,15,0
25,5,13,4,9,1,0,0,0,40,0
51,1,14,0,3,4,0,0,0,40,0
56,2,9,0,2,4,1,0,0,40,0
53,2,9,2,2,0,1,7298,0,40,1
28,2,13,2,3,5,0,15024,0,28,1
24,2,9,2,0,5,0,0,0,40,0
26,1,10,4,10,1,1,0,0,40,0
41,2,13,2,9,0,1,0,0,70,0
25,2,11,2,9,5,0,0,1887,40,1
31,2,13,2,3,5,0,0,0,40,1
43,0,14,2,3,0,1,0,0,40,1
59,5,14,2,3,0,1,0,0,50,1
54,2,9,2,2,0,1,0,0,40,0
27,2,11,4,5,3,0,0,0,38,0
44,2,9,0,0,4,0,0,0,40,0
51,2,9,0,11,4,1,0,0,16,0
32,2,14,2,3,0,1,0,1977,48,1
58,4,13,0,9,1,0,0,0,40,0
53,2,10,2,0,0,1,0,0,50,1
27,2,9,6,2,4,0,0,1594,26,0
27,2,13,4,3,1,0,0,0,40,0
21,2,9,4,0,3,0,0,0,40,0
21,2,10,4,9,1,0,0,0,40,0
49,1,9,0,0,1,0,594,0,10,0
39,4,10,2,11,0,1,7688,0,80,1
30,4,11,2,11,0,1,3137,0,60,0
58,4,10,2,2,0,1,0,0,40,0
76,2,4,6,10,1,0,0,0,12,0
26,0,9,4,0,3,1,0,0,40,0
18,2,9,4,5,3,1,0,0,12,0
75,2,1,4,8,1,0,0,0,48,0
26,2,7,5,2,2,1,2907,0,50,0
44,2,14,2,11,0,1,0,0,44,1
34,2,13,2,3,0,1,0,0,70,0
40,2,14,2,11,0,1,0,0,40,0
55,2,10,0,7,4,0,0,0,10,0
43,2,9,2,2,0,1,0,0,55,0
43,4,11,2,11,0,1,0,1887,45,1
38,5,16,2,9,0,1,0,0,45,1
31,3,11,0,11,1,1,0,0,40,0
37,4,9,2,4,0,1,0,0,72,0
29,2,13,4,9,1,0,0,0,50,0
23,2,10,4,0,3,0,0,0,10,0
35,2,10,2,3,0,1,0,0,50,0
21,2,9,4,11,3,1,0,0,40,0
19,5,10,4,7,1,1,594,0,24,0
27,2,9,2,11,5,0,0,0,45,0
29,2,11,0,5,4,1,0,0,50,0
62,2,11,2,3,5,0,0,0,45,1
58,2,9,2,2,0,1,0,0,40,1
29,2,13,4,0,1,0,0,0,40,0
33,2,9,4,7,1,1,0,0,38,0
32,2,9,2,7,5,0,0,0,40,0
29,0,10,2,10,0,1,0,0,46,1
39,2,9,2,9,0,1,0,0,40,0
36,2,10,2,3,0,1,0,0,55,1
33,2,11,2,13,0,1,0,0,84,1
48,2,12,3,2,1,1,0,0,55,0
55,3,13,2,3,0,1,0,2415,50,1
32,2,4,2,6,0,1,0,0,40,0
67,2,2,6,6,1,0,2062,0,34,0
62,2,9,2,6,0,1,0,0,40,1
48,2,10,2,11,0,1,0,0,60,1
58,2,9,2,2,0,1,0,0,40,0
45,1,9,2,10,0,1,0,0,40,1
56,2,9,2,13,0,1,0,0,40,0
40,0,9,0,0,1,0,0,0,40,0
23,2,10,4,0,1,1,0,0,20,0
75,2,2,2,7,2,0,0,0,16,0
39,0,10,2,0,2,1,0,0,45,1
61,2,7,2,13,0,1,0,0,27,0
71,2,13,4,3,1,0,0,0,14,0
28,2,13,2,11,0,1,0,0,40,1
36,2,10,2,3,0,1,0,0,45,1
36,2,4,2,0,0,1,0,0,45,0
62,0,10,2,9,0,1,0,0,40,1
54,2,9,2,3,0,1,0,0,40,1
58,2,13,0,3,1,1,0,0,38,0
60,0,5,0,7,1,0,0,0,40,0
57,4,16,2,11,0,1,0,1902,40,1
40,2,12,0,0,4,0,0,0,40,0
48,2,9,0,11,1,0,0,0,30,0
31,2,11,0,11,3,0,0,0,38,0
22,2,10,4,11,3,1,0,0,15,0
28,2,13,2,11,0,1,0,0,50,1
43,2,10,2,11,0,1,0,0,50,1
45,2,10,0,0,4,0,0,0,40,0
24,2,11,4,6,1,1,0,0,40,0
49,2,9,0,7,4,1,0,0,40,0
65,2,9,2,13,0,1,0,2246,40,1
35,2,13,2,13,0,1,0,0,40,0
36,2,9,2,6,0,1,0,0,48,1
38,2,13,4,6,1,0,0,0,8,0
23,1,10,2,10,0,1,0,0,40,0
58,1,14,2,9,0,1,7688,0,30,1
25,1,13,4,9,3,1,0,0,35,0
40,2,12,2,12,0,1,0,0,42,1
35,4,13,0,3,4,0,0,0,55,0
52,2,10,5,2,2,1,0,0,40,0
29,2,11,2,5,0,1,0,0,40,0
32,2,9,4,0,1,0,0,0,40,0
44,2,13,3,0,1,0,0,0,40,0
57,1,9,2,2,0,1,99999,0,40,1
27,2,13,4,12,1,0,0,0,40,0
27,2,9,2,3,0,1,0,0,50,0
35,2,9,0,6,4,0,0,0,60,0
29,2,14,2,9,0,1,0,1977,40,1
32,2,10,2,2,0,1,0,0,40,0
44,2,10,5,9,4,0,0,0,40,0
24,2,9,4,11,1,0,0,0,40,0
48,1,14,0,9,4,0,0,0,50,0
31,2,9,4,13,1,1,0,0,40,0
29,5,13,4,10,3,0,0,0,40,0
23,2,10,5,2,3,1,0,0,40,0
59,1,9,2,10,0,1,0,0,40,1
37,2,9,2,0,5,0,0,0,25,1
54,2,10,0,0,1,1,0,0,30,0
37,2,9,0,11,4,0,0,0,25,0
39,2,13,2,5,5,0,0,0,37,0
29,1,11,2,10,0,1,7688,0,40,1
24,2,10,4,0,3,0,0,0,40,0
22,2,10,4,7,3,0,0,0,25,0
55,2,10,2,13,0,1,0,0,24,1
43,4,10,2,4,0,1,0,0,84,0
21,2,10,4,0,3,1,0,0,40,0
45,2,10,0,3,4,0,0,0,64,0
28,2,9,2,2,0,1,0,0,35,0
56,2,14,0,3,1,0,0,0,40,1
40,4,13,2,11,0,1,0,0,40,0
29,2,9,2,2,0,1,0,0,40,1
35,4,10,2,3,0,1,0,0,45,0
21,1,9,4,0,3,1,0,0,20,0
30,2,9,2,7,5,0,0,0,45,0
45,2,11,2,2,0,1,0,0,40,1
32,2,10,2,0,0,1,0,0,40,0
61,2,6,2,2,0,1,0,0,40,0
52,2,14,2,9,0,1,0,0,45,1
75,2,13,2,3,0,1,0,0,24,0
31,2,13,2,3,0,1,0,0,40,1
35,2,9,2,4,0,1,0,0,35,0
33,2,6,4,5,1,1,0,0,40,0
36,2,9,2,2,0,1,3103,0,40,1
37,2,9,2,7,5,0,0,0,30,1
26,2,9,4,2,4,1,0,0,40,0
58,2,9,0,11,1,0,0,0,15,0
32,2,12,2,3,5,0,0,1485,40,1
51,2,14,2,11,0,1,0,0,30,0
50,2,9,2,2,0,1,0,0,40,0
60,5,16,2,9,0,1,0,0,55,0
20,2,9,4,0,1,0,0,0,40,0
34,2,10,2,2,0,1,0,0,48,1
23,2,13,4,9,3,0,0,0,40,0
37,2,5,0,7,1,0,0,0,40,0
42,2,13,2,11,0,1,0,1887,50,1
55,2,9,2,3,5,0,0,0,30,1
24,2,10,2,13,0,1,0,0,60,0
32,5,10,2,9,5,0,0,1902,40,1
42,1,10,4,9,1,0,0,1340,40,0
57,2,2,2,5,0,1,0,0,22,0
71,2,11,6,0,1,0,0,0,20,0
30,4,9,4,11,3,1,0,0,80,0
27,2,7,2,5,0,1,3942,0,40,0
25,2,8,2,4,0,1,0,0,60,0
38,2,10,0,11,1,1,0,0,60,0
27,2,7,0,2,3,1,0,0,40,0
32,2,6,2,2,0,1,0,0,40,1
34,4,15,2,9,0,1,0,0,55,1
49,2,9,5,9,4,0,0,0,40,0
57,2,7,2,2,0,1,0,0,40,0
38,2,13,2,11,0,1,0,0,70,1
26,2,9,4,2,3,1,0,0,40,0
38,1,13,2,9,0,1,0,0,40,1
34,2,10,2,2,0,1,0,0,40,1
35,4,10,2,7,0,1,0,0,40,0
23,2,13,4,0,3,0,0,0,30,0
35,2,9,4,5,2,1,0,0,40,0
63,2,14,2,9,0,1,5013,0,45,0
53,3,10,0,3,1,1,0,0,60,0
31,2,9,2,6,0,1,0,0,50,0
59,1,15,2,3,0,1,0,0,40,1
28,4,9,2,4,0,1,0,0,70,1
45,2,14,2,3,0,1,15024,0,60,1
23,2,13,4,9,1,0,0,0,20,0
29,4,12,4,7,3,1,0,0,60,0
29,2,13,4,11,1,1,8614,0,50,1
23,5,9,4,7,3,0,0,0,21,0
58,4,9,2,3,0,1,0,0,40,0
28,2,10,4,10,3,1,0,0,40,0
50,3,15,2,9,0,1,0,0,45,1
22,5,11,4,0,3,1,0,0,10,0
43,2,9,5,7,1,0,0,0,40,0
33,2,9,2,2,0,1,0,0,40,0
38,5,13,2,9,0,1,7688,0,60,1
41,4,13,4,3,1,1,0,0,40,0
47,3,10,2,2,0,1,0,0,40,0
20,2,10,4,7,1,1,0,0,40,0
55,2,13,2,3,0,1,0,1887,40,1
24,2,10,2,2,0,1,0,0,60,0
55,2,9,4,11,1,1,0,0,38,0
38,4,9,2,4,0,1,0,0,50,0
36,3,10,4,11,1,1,0,0,50,0
38,2,10,2,2,0,1,0,0,40,0
64,2,9,2,4,0,1,0,0,70,0
28,2,6,4,6,3,0,0,0,40,0
62,2,13,2,11,0,1,0,0,20,1
57,2,14,2,9,0,1,0,0,55,1
30,2,11,0,9,4,0,0,0,36,0
37,2,10,0,0,1,0,0,0,40,0
41,2,6,2,13,0,1,0,0,70,0
46,2,9,5,11,1,0,0,0,40,0
39,1,14,2,9,0,1,0,0,40,1
21,2,6,4,0,1,0,0,0,39,0
42,1,11,0,9,4,0,0,0,50,0
18,2,7,4,7,3,0,0,0,6,0
48,2,10,2,3,0,1,0,0,45,0
20,0,11,4,0,3,0,0,0,36,0
47,1,9,2,13,0,1,5178,0,40,1
49,2,12,2,11,5,0,0,1902,40,1
62,2,13,2,0,5,0,0,0,30,1
26,4,9,2,3,0,1,0,0,40,0
21,2,10,4,6,1,1,0,0,44,0
34,3,14,5,9,1,0,4787,0,40,1
29,2,10,4,12,1,0,0,0,40,0
37,2,9,4,6,1,1,0,0,38,0
58,2,9,2,13,0,1,0,0,40,1
30,2,10,2,11,0,1,0,0,55,0
38,4,9,2,13,0,1,0,0,50,0
42,2,11,2,7,0,1,0,0,30,0
42,2,9,2,2,0,1,0,1672,40,0
35,2,9,2,2,0,1,0,0,45,1
42,4,9,2,2,0,1,0,0,25,0
29,2,9,5,11,4,0,0,0,35,0
68,4,9,2,3,0,1,0,0,10,0
45,3,15,2,9,0,1,0,1485,50,1
28,2,9,5,4,1,1,0,0,55,0
45,2,10,0,5,1,1,0,0,30,0
25,2,5,4,6,2,1,0,0,48,0
42,2,9,2,6,0,1,0,0,40,0
26,2,7,5,2,1,1,0,0,40,0
27,2,14,4,3,1,0,0,0,40,0
50,2,13,2,11,0,1,0,0,35,0
33,2,9,4,0,1,1,0,0,40,0
65,2,10,0,7,1,0,0,0,15,0
56,2,5,2,13,0,1,0,0,40,0
34,2,2,2,2,0,1,0,0,40,0
45,2,4,0,6,1,0,0,0,35,0
48,2,9,0,0,1,0,0,0,37,1
48,2,10,4,3,1,0,0,0,40,1
34,2,12,2,9,0,1,0,0,50,1
44,2,9,0,7,4,0,0,0,40,0
50,1,14,2,3,0,1,0,0,55,1
55,5,9,0,0,1,0,0,1617,40,0
57,2,14,2,3,0,1,0,0,60,1
51,2,5,2,2,0,1,0,0,50,1
38,5,10,0,12,4,0,0,0,10,0
33,4,9,2,2,0,1,0,0,40,0
66,2,14,6,11,4,0,0,0,20,0
34,4,9,2,2,0,1,0,0,40,1
72,4,10,2,11,0,1,0,0,40,0
38,4,9,2,2,0,1,0,0,60,0
23,2,9,2,11,1,1,0,0,60,0
25,2,9,2,6,0,1,0,0,40,0
32,2,9,2,2,0,1,0,0,40,0
32,2,10,4,0,1,1,0,0,30,0
50,2,11,5,9,4,0,0,0,40,0
27,2,13,4,3,1,0,0,0,40,0
18,2,7,4,11,3,0,0,0,30,0
46,2,12,0,12,1,0,0,0,36,0
38,1,10,2,4,0,1,0,0,40,0
31,2,9,4,2,3,1,0,0,40,0
44,1,9,0,2,4,1,0,0,40,0
50,2,10,2,11,5,0,0,0,39,0
32,2,6,2,5,0,1,0,0,40,0
36,2,10,2,13,0,1,0,0,45,0
22,6,9,4,5,3,1,4416,0,40,0
17,2,7,4,11,3,0,0,0,8,0
23,2,13,4,9,3,0,0,0,21,0
35,5,11,2,12,0,1,0,0,45,0
25,1,13,4,9,3,0,0,0,40,0
32,2,13,4,11,1,0,0,1590,40,0
31,4,5,4,2,4,1,0,0,47,0
61,3,15,0,9,1,1,0,0,35,0
40,2,7,2,2,0,1,0,0,50,0
40,2,13,2,11,0,1,0,0,40,1
56,2,13,0,9,4,0,0,0,50,0
34,2,13,4,11,1,0,0,0,40,0
17,2,6,4,7,3,0,0,1602,10,0
56,3,9,6,3,1,0,0,0,50,0
60,4,13,0,9,1,0,0,0,30,0
33,2,10,2,9,5,0,7298,0,21,1
19,1,10,4,9,3,0,0,0,30,0
40,2,13,2,3,0,1,0,0,50,1
41,4,16,4,9,1,1,0,0,30,0
37,2,14,4,11,1,1,0,0,50,0
55,2,13,2,10,0,1,0,0,40,1
44,5,9,0,0,1,0,0,0,40,0
31,2,13,2,3,0,1,0,0,55,1
51,1,16,2,9,5,0,0,0,40,1
35,2,9,2,10,0,1,0,0,55,0
50,2,13,0,9,4,0,0,0,45,0
35,4,13,2,11,0,1,0,0,40,0
38,2,10,0,2,4,1,0,0,40,0
49,4,13,2,9,0,1,0,0,60,1
53,0,15,2,9,0,1,0,0,60,1
59,3,16,2,2,0,1,0,1977,55,1
33,4,13,2,11,5,0,0,0,40,1
41,3,9,2,11,0,1,0,0,62,0
36,2,13,4,9,1,0,0,0,40,0
27,2,9,2,2,0,1,0,0,40,0
37,2,10,2,7,0,1,0,0,40,1
21,0,8,4,0,3,1,0,0,25,0
51,0,13,4,9,1,0,0,0,43,0
60,2,11,6,2,1,0,0,0,30,0
50,2,10,2,12,0,1,0,0,45,1
58,0,13,5,9,1,1,4787,0,40,1
46,2,13,4,11,1,1,0,0,45,1
48,2,9,2,7,0,1,0,0,40,0
38,2,9,2,2,0,1,0,0,45,1
57,2,9,2,13,0,1,0,0,40,1
41,2,10,2,2,0,1,0,0,40,1
46,1,13,2,9,0,1,3103,0,50,1
42,2,10,2,11,0,1,0,0,40,1
34,2,13,4,9,3,0,0,0,40,0
38,2,9,2,2,0,1,0,0,40,1
28,2,4,2,2,0,1,0,0,30,0
40,3,9,2,3,0,1,0,0,40,0
40,4,9,0,13,1,1,0,0,84,0
26,2,14,4,7,3,0,0,0,40,0
23,2,10,2,3,5,0,0,0,25,0
18,2,6,4,4,3,1,0,0,36,0
50,2,10,0,7,3,1,0,0,28,0
18,2,10,4,0,3,1,0,0,50,0
41,1,1,4,5,3,0,0,0,30,0
39,2,10,2,13,0,1,0,0,40,1
29,2,11,2,6,0,1,0,0,40,0
22,2,9,2,7,0,1,0,0,40,0
27,2,10,0,12,1,0,0,0,40,0
27,2,12,4,0,1,1,0,0,40,0
28,2,9,4,11,2,1,0,0,40,0
44,1,10,0,0,4,0,0,0,40,0
30,2,12,0,11,1,1,0,0,52,0
36,2,7,2,2,0,1,0,0,40,0
35,2,10,2,13,0,1,0,0,50,0
37,0,12,0,3,4,0,0,0,40,0
47,2,9,2,13,0,1,0,0,50,1
22,2,9,4,7,1,1,0,0,27,0
57,2,9,2,6,0,1,0,0,40,1
28,2,9,4,2,1,1,0,0,40,0
58,2,9,0,0,1,0,0,0,40,0
23,2,3,4,5,4,1,0,0,30,0
51,5,10,2,11,0,1,0,1887,40,1
33,2,9,4,7,3,1,0,0,48,0
36,2,9,4,7,1,1,0,0,40,0
33,4,9,2,7,0,1,0,0,40,0
30,1,14,2,9,0,1,0,0,45,0
30,2,9,2,6,0,1,0,0,40,0
20,2,10,4,11,1,0,0,0,25,0
45,2,10,4,7,1,1,0,0,40,0
37,2,10,2,2,0,1,0,0,50,1
32,2,13,4,3,1,0,0,0,50,0
39,4,9,4,2,3,1,0,0,40,0
36,4,10,4,7,4,0,0,0,50,0
57,4,6,2,2,0,1,0,0,40,0
70,3,13,2,3,0,1,0,0,40,0
77,4,8,0,13,1,1,0,0,12,0
62,5,9,2,0,0,1,0,0,40,0
79,3,8,6,11,1,1,18481,0,45,1
52,2,7,2,13,0,1,0,0,40,0
33,2,12,2,9,0,1,0,0,40,1
49,2,14,4,11,1,0,0,0,35,0
27,2,5,2,2,0,1,0,0,40,0
23,2,12,4,0,3,0,0,1974,20,0
28,3,11,4,11,1,1,0,0,60,0
40,2,9,2,11,0,1,0,0,52,1
25,2,13,2,0,5,0,0,0,40,0
27,2,10,0,0,3,0,0,0,20,0
42,2,9,4,2,1,1,3325,0,40,0
28,2,13,2,9,0,1,0,1902,43,1
41,2,10,2,11,0,1,0,0,50,0
35,2,10,4,7,1,1,0,0,30,0
46,2,6,0,11,4,0,0,0,35,0
52,3,9,2,4,0,1,0,0,60,0
24,2,13,4,6,1,0,0,0,32,0
21,2,9,0,6,1,0,0,0,40,0
21,2,10,4,7,3,1,0,0,30,0
43,3,16,2,9,5,0,0,0,70,1
24,2,13,4,0,3,1,0,0,15,0
50,2,9,6,7,4,0,0,0,40,0
19,2,9,4,12,3,1,0,0,40,0
65,4,10,2,3,0,1,2290,0,40,0
27,2,10,2,9,0,1,3103,0,50,1
34,2,9,2,0,0,1,0,0,40,1
51,0,16,4,9,1,0,0,1564,70,1
28,2,9,2,2,0,1,2829,0,40,0
47,4,10,4,4,1,1,0,0,60,0
32,2,13,2,9,0,1,0,0,40,0
34,2,14,2,3,0,1,0,0,50,1
59,2,9,6,6,1,0,0,0,40,0
33,2,9,2,2,0,1,0,0,62,0
29,2,14,4,13,3,1,0,0,40,0
33,2,9,2,0,5,0,0,0,19,0
55,5,13,0,3,4,1,0,0,40,0
52,2,9,2,6,0,1,0,0,40,1
50,2,9,2,2,0,1,0,0,40,1
28,2,10,2,2,0,1,0,0,63,0
27,2,13,4,11,1,0,0,2258,55,0
20,0,10,4,10,3,1,0,0,40,0
29,1,13,2,3,0,1,0,0,55,0
25,2,10,4,7,3,0,0,0,50,0
22,2,10,2,3,0,1,0,0,55,0
42,2,10,0,0,1,0,0,0,40,0
51,2,12,2,11,0,1,0,0,50,0
23,2,9,4,7,3,1,0,0,40,0
23,2,13,4,3,1,1,0,0,60,0
56,2,10,2,13,0,1,0,0,40,0
42,2,10,2,9,0,1,0,0,40,1
30,2,9,2,3,0,1,0,0,40,0
26,2,9,4,2,1,1,0,0,40,0
21,2,10,4,0,3,0,0,0,25,0
33,2,9,2,2,0,1,0,0,45,0
44,2,13,0,7,1,0,0,0,65,0
40,2,10,0,3,1,1,0,0,40,0
48,2,13,2,11,0,1,0,0,40,1
40,2,9,0,6,1,1,0,0,40,0
46,2,10,0,3,4,0,0,0,70,0
52,4,9,0,2,1,1,0,0,40,0
25,2,9,2,7,0,1,0,0,40,0
26,2,13,4,8,2,0,0,0,35,0
66,4,13,2,11,0,1,0,0,20,0
45,1,14,0,9,1,0,0,0,30,0
50,2,13,2,4,0,1,0,0,45,1
58,2,10,2,11,0,1,0,0,45,1
50,2,9,2,2,0,1,0,0,2,0
42,2,13,2,9,0,1,7688,0,40,1
50,2,10,2,2,0,1,0,0,48,1
34,2,8,0,6,3,0,0,0,40,0
18,2,7,4,2,3,1,0,0,20,0
36,2,13,4,9,3,0,0,0,35,1
35,2,9,4,2,2,1,0,0,40,0
38,2,12,3,0,4,0,0,0,40,0
31,2,4,5,2,1,0,0,0,40,0
32,4,10,2,11,0,1,0,0,60,0
39,2,9,2,2,0,1,0,0,40,0
47,2,9,2,7,0,1,0,0,25,0
66,2,10,2,3,0,1,0,0,45,0
58,5,13,2,0,5,0,0,0,40,0
34,2,10,0,0,4,0,0,0,30,0
36,4,14,2,4,0,1,0,0,70,0
39,0,10,0,3,4,0,0,0,40,0
51,2,9,2,0,0,1,0,0,40,0
38,2,13,2,9,0,1,7688,0,40,1
52,1,10,2,3,0,1,0,0,40,1
19,2,9,1,0,5,0,0,0,25,0
24,2,13,4,9,1,1,0,0,25,0
52,1,14,4,9,1,1,0,0,32,1
39,2,9,4,6,1,0,0,0,52,0
25,2,9,4,11,4,1,0,0,40,0
44,2,13,2,12,0,1,0,0,40,1
31,5,14,0,3,4,0,0,0,50,1
58,4,9,2,11,0,1,0,0,60,0
35,2,9,4,0,4,0,0,0,40,0
46,2,13,4,0,4,0,0,0,40,0
30,2,13,4,3,1,0,0,0,40,0
54,2,9,2,5,0,1,0,0,40,0
17,2,6,4,11,3,0,0,0,15,0
18,2,7,4,7,3,0,0,0,20,0
30,2,13,4,3,3,0,0,0,52,0
29,2,9,2,5,0,1,0,0,42,0
59,2,11,2,6,0,1,0,0,45,1
33,2,9,2,2,5,0,0,0,40,0
22,2,10,4,7,3,0,0,0,30,0
67,2,14,2,9,0,1,20051,0,60,1
55,2,14,2,3,0,1,0,0,55,1
50,2,9,2,6,0,1,0,0,40,1
51,5,11,2,12,0,1,0,0,40,1
24,2,10,4,12,3,0,0,0,20,0
45,2,9,0,13,3,1,0,0,60,0
45,2,14,2,3,0,1,0,0,50,1
36,2,9,0,7,4,0,0,0,40,0
58,2,13,2,11,0,1,15024,0,50,1
20,2,9,4,7,3,1,0,0,30,0
47,2,14,5,3,1,1,99999,0,50,1
62,2,9,5,9,1,0,0,0,40,0
22,0,9,4,0,3,1,0,0,40,0
20,2,10,4,7,3,0,0,0,37,0
18,2,8,4,5,3,1,0,0,20,0
54,0,9,2,9,0,1,0,0,40,1
18,2,7,4,11,3,1,0,0,20,0
31,2,7,2,6,0,1,0,0,40,0
55,2,14,2,3,0,1,0,1977,50,1
19,2,9,4,7,4,1,0,0,40,0
33,2,4,5,5,1,1,0,0,35,0
42,4,14,2,3,0,1,0,0,50,1
28,1,10,2,3,0,1,0,0,65,0
37,2,14,2,9,0,1,0,0,45,1
46,1,14,6,3,4,0,0,0,35,0
61,4,13,2,4,0,1,0,0,20,1
58,2,6,2,7,5,0,0,0,8,0
33,2,10,0,3,3,0,0,0,40,0
20,2,10,4,7,3,0,594,0,16,0
36,2,14,4,11,1,0,0,0,40,0
28,2,10,0,7,1,0,0,0,30,0
46,2,10,2,11,5,0,0,0,40,1
67,4,4,2,4,0,1,0,0,12,0
31,2,9,2,2,0,1,0,0,40,0
54,0,13,2,3,5,0,0,0,45,0
31,2,9,2,5,0,1,5013,0,40,0
19,2,1,4,4,1,1,0,0,36,0
38,2,10,4,7,1,1,0,0,46,0
38,2,10,4,2,3,0,0,0,25,0
29,3,12,4,9,2,0,0,0,40,0
22,2,11,4,7,1,0,0,0,30,0
64,3,16,2,3,0,1,0,1902,60,1
64,4,11,2,4,0,1,0,0,55,0
35,2,11,2,0,0,1,0,0,36,0
60,2,14,0,11,1,1,0,0,50,0
35,2,9,4,6,4,0,0,0,40,0
29,2,9,2,13,0,1,0,0,60,0
22,2,10,2,4,0,1,0,0,20,0
49,2,10,0,3,1,1,14344,0,45,1
59,2,9,6,6,1,0,0,0,40,0
37,4,10,2,2,0,1,0,0,45,0
33,2,9,2,11,0,1,0,0,45,1
27,2,13,0,5,3,1,0,0,40,0
53,1,1,4,6,1,0,0,0,35,0
59,2,9,2,7,0,1,0,0,45,0
23,2,9,0,8,4,0,0,0,40,0
39,2,14,4,9,1,1,0,2444,45,1
52,4,9,0,2,1,1,0,0,40,0
52,2,9,2,2,0,1,0,1977,40,1
35,4,13,2,11,0,1,0,0,40,0
33,1,9,4,10,1,1,0,0,48,0
51,2,10,6,7,4,0,0,0,25,0
57,2,13,2,11,0,1,0,1902,40,1
23,2,13,4,9,3,1,0,0,50,0
47,2,4,2,6,5,0,0,0,35,0
43,2,9,0,3,1,0,0,0,30,1
38,1,10,2,10,0,1,0,0,40,0
17,1,7,4,7,3,0,0,0,16,0
37,2,10,4,7,3,1,0,0,20,0
39,2,9,2,3,0,1,0,0,40,1
38,2,11,2,2,0,1,0,0,50,1
33,2,10,4,7,1,0,0,0,28,0
43,2,13,5,9,4,1,0,0,45,0
19,2,9,4,6,3,1,0,0,40,0
33,2,9,2,5,0,1,0,0,60,0
25,1,9,4,2,3,1,0,0,40,0
41,2,9,0,6,1,1,0,0,40,0
25,2,9,4,6,3,1,0,0,36,0
90,1,4,2,10,0,1,2653,0,40,0
24,1,13,4,13,3,1,0,0,20,0
51,2,13,2,13,0,1,0,0,56,1
39,5,9,0,0,4,0,0,0,40,0
50,0,10,0,3,4,1,0,0,40,0
37,0,9,2,0,0,1,0,0,40,1
19,2,9,4,11,3,0,0,0,30,0
22,2,13,4,0,3,0,0,0,35,0
46,2,9,2,12,0,1,0,0,40,1
66,2,6,6,13,1,0,0,0,11,0
42,2,10,0,2,3,1,0,0,40,0
44,2,12,2,9,0,1,0,0,40,1
50,4,16,0,11,1,1,0,0,64,0
29,2,13,2,3,0,1,0,0,50,1
38,1,14,2,3,0,1,0,0,70,1
32,2,15,4,9,1,0,0,0,40,0
19,2,8,4,13,3,1,0,0,15,0
43,2,9,2,2,0,1,0,0,40,1
20,2,10,4,3,3,0,0,0,16,0
34,2,9,4,5,3,1,0,0,40,0
26,2,9,4,5,3,1,0,0,52,0
28,2,13,4,11,1,1,0,0,40,0
38,4,9,2,3,0,1,0,0,50,0
38,3,10,2,3,5,0,0,0,45,0
48,5,10,2,10,0,1,0,0,40,1
21,2,10,4,11,3,1,0,0,43,0
34,2,9,2,13,0,1,0,0,48,0
42,2,10,5,9,1,1,0,2231,50,1
29,2,9,4,11,1,0,0,0,35,0
38,4,15,4,9,1,0,0,0,32,0
33,3,10,4,3,1,0,0,0,60,0
44,0,12,2,0,0,1,0,0,40,1
41,2,12,2,2,0,1,0,0,60,1
18,2,9,4,5,3,0,0,0,25,0
40,2,9,0,0,4,0,0,0,30,0
63,4,4,2,4,0,1,7688,0,60,1
45,2,10,2,7,0,1,0,0,40,0
23,2,9,4,0,1,0,0,0,40,0
19,2,10,4,12,3,1,0,0,30,0
49,2,13,2,3,0,1,0,0,46,1
47,2,9,2,2,0,1,0,0,40,1
59,2,11,2,3,0,1,0,0,40,0
38,2,10,0,3,1,0,0,0,40,0
61,0,9,0,0,3,0,0,0,20,0
26,2,13,2,3,0,1,0,0,40,0
19,2,9,4,11,1,0,0,0,35,0
35,2,3,2,5,0,1,0,0,40,0
41,3,12,2,9,0,1,15024,0,50,1
36,2,13,4,11,1,0,0,1741,40,0
46,5,13,2,3,0,1,7688,0,40,1
32,1,10,2,2,0,1,0,0,60,1
38,2,13,2,12,0,1,0,0,45,0
40,4,5,0,7,1,0,0,0,20,0
57,2,9,2,0,5,0,0,0,40,0
19,3,9,4,7,3,1,0,0,6,0
51,2,11,2,2,0,1,3103,0,50,1
43,5,9,0,0,4,0,0,0,50,1
43,2,9,2,2,0,1,0,0,40,1
40,2,9,4,7,1,0,0,0,40,0
43,1,14,4,9,1,1,0,0,38,0
38,2,9,2,3,0,1,0,0,50,1
66,2,13,2,11,0,1,20051,0,40,1
33,2,14,2,9,0,1,0,0,37,1
39,2,10,5,6,3,1,0,0,40,0
53,0,10,2,0,0,1,0,0,40,1
32,2,13,2,3,0,1,0,0,40,1
64,2,9,2,2,0,1,0,0,40,0
65,2,14,2,11,0,1,20051,0,40,1
25,2,6,2,10,5,0,0,0,50,0
28,2,10,4,11,1,0,0,0,40,0
23,2,11,2,2,0,1,0,0,55,1
30,1,9,2,2,0,1,4386,0,70,1
46,2,11,2,2,0,1,0,0,40,0
30,2,10,0,0,4,0,0,0,40,0
20,2,10,4,5,3,1,0,0,40,0
46,0,14,4,9,1,0,0,0,40,0
37,1,13,2,0,0,1,0,0,40,1
30,3,13,2,11,0,1,7688,0,50,1
65,4,4,4,4,1,1,2964,0,40,0
30,1,13,4,11,4,0,0,0,17,0
36,2,14,2,9,0,1,0,0,40,0
26,2,13,4,11,1,0,0,0,40,0
41,3,6,2,3,0,1,0,0,50,0
49,3,10,0,3,1,1,0,2339,50,0
26,0,9,4,0,1,1,0,0,40,0
37,2,9,2,9,0,1,0,0,50,1
23,2,9,4,0,4,0,0,0,40,0
30,2,9,2,2,3,1,3411,0,40,0
35,2,9,2,5,0,1,0,0,40,0
29,2,10,2,2,0,1,0,0,45,0
46,2,10,2,11,0,1,0,0,40,0
21,2,9,4,0,1,1,0,0,50,0
53,5,11,2,9,0,1,4386,0,40,1
29,2,9,4,10,4,1,0,0,35,0
22,2,13,4,11,3,1,0,0,40,0
33,3,9,6,11,4,0,0,0,40,0
62,2,13,2,3,0,1,0,0,40,1
17,2,7,4,0,3,1,0,0,20,0
21,5,10,4,0,3,0,0,0,15,0
41,2,9,3,9,1,1,0,0,40,1
32,1,9,4,0,1,0,0,0,37,0
36,1,12,4,9,3,1,0,0,40,0
22,2,10,4,0,3,1,0,0,12,0
63,2,10,2,11,0,1,5013,0,15,0
78,2,9,6,11,4,0,2329,0,12,0
51,4,12,2,3,0,1,0,0,40,1
68,2,9,0,8,4,0,0,0,24,0
34,2,9,4,7,1,1,10520,0,40,1
33,2,9,2,6,0,1,0,0,50,1
38,2,9,0,2,1,1,0,0,41,0
39,2,13,0,3,1,1,27828,0,55,1
52,5,14,3,3,4,0,4787,0,44,1
39,1,14,4,9,1,0,0,0,55,0
47,2,9,2,2,0,1,0,0,16,0
42,2,12,2,3,0,1,0,0,60,1
28,2,9,2,6,0,1,0,0,50,0
41,2,12,4,0,1,0,0,0,45,0
64,2,12,2,2,0,1,0,0,40,1
31,0,9,2,10,0,1,0,0,53,0
49,2,7,2,13,0,1,0,1902,70,0
61,2,9,2,6,0,1,0,0,40,0
24,2,13,4,6,3,0,0,0,40,0
27,1,10,2,9,0,1,0,0,40,0
19,2,9,4,5,1,1,0,0,20,0
23,2,9,4,0,3,0,0,0,40,0
37,2,10,0,2,3,1,0,0,40,0
17,2,5,4,5,3,1,0,0,12,0
36,2,9,0,0,4,0,0,0,50,0
22,2,10,4,10,1,1,0,0,60,0
59,2,13,2,3,0,1,0,0,50,1
30,2,9,2,6,0,1,0,2002,43,0
36,2,9,2,2,0,1,0,0,40,0
21,2,10,4,7,3,0,0,1721,24,0
28,2,9,2,2,0,1,0,0,60,0
45,2,9,4,3,1,0,0,0,40,0
23,2,10,4,0,3,1,0,0,20,0
27,2,14,4,3,3,0,0,0,40,0
29,2,13,2,9,5,0,0,0,24,0
26,2,9,2,2,0,1,0,0,40,0
63,2,9,0,10,1,1,0,0,40,0
37,1,15,2,9,0,1,0,0,60,1
35,2,13,4,7,1,1,0,0,38,0
40,0,14,4,9,1,1,0,0,40,0
47,4,7,2,4,0,1,0,0,60,0
35,0,10,0,0,1,0,0,0,50,0
42,2,10,2,0,0,1,0,0,40,1
40,5,10,4,7,3,1,0,0,84,0
23,2,13,4,12,1,0,0,0,20,0
63,2,9,2,2,0,1,99999,0,40,1
37,5,13,4,9,1,0,0,0,20,0
25,2,13,4,3,3,1,4650,0,45,0
22,2,10,4,2,1,1,0,0,40,0
63,4,4,6,4,4,0,0,0,10,0
28,1,13,4,0,1,0,4101,0,60,0
59,2,13,6,9,1,0,4650,0,37,0
68,2,7,0,13,1,1,0,0,70,0
35,4,10,2,11,0,1,0,0,50,0
40,2,10,2,12,0,1,0,0,40,0
80,4,4,6,4,1,1,0,0,35,0
51,5,14,4,9,1,1,0,0,40,1
40,2,4,2,7,0,1,0,0,42,0
48,2,10,0,3,1,0,0,0,65,0
35,4,9,2,4,0,1,0,0,50,0
57,2,9,2,3,0,1,0,0,50,0
33,5,10,5,9,1,1,10520,0,40,1
29,2,9,4,0,1,0,0,0,44,0
37,2,11,0,12,3,1,0,0,40,0
20,2,10,4,5,1,1,0,0,40,0
26,2,13,4,11,3,0,0,0,20,0
34,2,12,0,9,1,0,0,0,40,0
29,2,10,0,2,4,1,0,0,35,1
24,2,9,0,3,1,0,0,0,50,0
38,2,10,6,7,2,0,0,0,45,0
37,2,15,2,9,0,1,0,0,40,1
30,2,9,2,13,0,1,99999,0,40,1
27,2,10,4,5,2,1,0,0,30,0
34,2,9,2,4,0,1,0,0,60,1
58,2,9,0,0,4,0,99999,0,40,1
24,2,10,4,11,1,1,0,0,33,0
47,2,9,2,7,0,1,0,0,40,1
27,2,3,2,2,0,1,0,0,40,0
23,2,9,4,6,1,1,0,0,40,0
31,1,12,4,12,1,1,0,0,20,0
32,2,13,2,11,0,1,0,1977,45,1
62,4,10,6,3,1,0,0,0,20,0
34,2,13,4,9,1,0,0,0,40,0
40,1,13,2,9,0,1,7688,0,40,1
29,3,9,2,11,0,1,0,0,40,0
18,2,7,4,7,3,0,0,0,15,0
46,2,11,0,0,1,0,0,0,40,0
36,2,4,2,4,0,1,0,0,35,0
49,2,10,2,11,0,1,0,0,40,0
51,2,10,2,2,0,1,0,0,48,1
24,2,12,4,3,1,1,0,0,20,0
45,2,10,0,13,1,1,0,0,50,0
52,2,9,6,0,4,0,0,0,35,0
37,2,9,2,2,0,1,0,0,40,0
61,4,14,2,9,0,1,99999,0,30,1
28,3,13,2,3,0,1,0,0,60,1
38,2,10,2,2,0,1,0,0,40,0
40,2,14,4,9,1,0,0,0,40,0
47,4,9,2,3,0,1,0,0,40,0
38,3,9,2,3,0,1,0,0,50,1
32,2,2,4,2,1,1,3674,0,40,0
34,2,13,2,3,0,1,0,0,40,0
27,2,9,4,3,1,1,0,0,48,0
39,4,11,2,4,0,1,0,0,60,0
46,1,13,0,9,4,0,0,0,43,0
40,2,9,0,11,1,1,0,0,60,1
59,1,6,2,2,0,1,0,0,40,0
31,2,13,4,3,1,0,0,1564,60,1
45,1,14,2,9,5,0,2580,0,18,0
58,2,10,2,3,0,1,0,0,40,0
40,2,11,2,6,0,1,0,0,40,1
51,4,13,2,11,0,1,0,0,40,1
47,2,9,2,9,0,1,0,0,50,0
50,1,10,2,0,0,1,0,1740,48,0
43,2,13,2,3,0,1,0,0,50,1
45,2,9,4,6,1,1,0,0,40,0
61,1,14,0,9,1,0,0,0,40,1
31,4,13,2,11,0,1,0,0,48,0
28,2,9,4,13,3,1,0,0,40,0
43,3,10,2,3,0,1,15024,0,45,1
48,2,4,2,5,0,1,0,0,40,0
60,2,12,2,11,0,1,0,0,30,0
46,2,10,2,11,0,1,0,0,8,0
24,2,10,2,2,0,1,0,0,40,0
28,2,10,4,0,1,0,0,0,15,0
48,2,12,2,3,0,1,0,0,40,1
57,2,10,3,11,3,0,0,0,90,1
31,2,9,0,0,4,0,0,0,40,0
20,2,9,4,2,4,0,0,0,40,0
24,2,12,4,6,3,1,0,0,20,0
47,2,13,2,12,0,1,15024,0,40,1
39,3,11,2,4,0,1,0,0,60,1
38,2,10,2,13,0,1,7298,0,43,1
33,2,7,4,11,4,0,0,0,17,0
32,2,15,4,7,1,0,0,0,35,0
37,4,13,0,13,1,1,0,0,50,0
53,2,9,6,6,1,1,6849,0,40,0
18,5,9,4,0,3,0,0,0,40,0
20,2,10,4,0,3,1,0,0,14,0
32,2,10,0,11,1,0,0,0,55,0
54,2,6,2,6,0,1,0,0,40,0
27,2,13,2,9,0,1,0,0,40,0
30,2,9,2,2,0,1,0,0,40,0
37,2,13,2,11,0,1,0,0,55,1
33,2,5,2,5,0,1,0,0,40,0
18,2,7,4,3,3,1,0,0,20,0
24,2,12,4,11,1,1,0,0,35,0
49,3,15,6,9,4,1,99999,0,50,1
27,2,13,2,11,0,1,0,0,50,0
20,2,10,4,7,3,1,0,0,20,0
33,0,13,4,9,1,0,0,0,40,0
17,2,7,4,7,3,1,0,0,15,0
20,2,10,4,5,3,1,0,0,20,0
24,2,13,4,9,1,1,0,0,40,0
25,5,10,2,10,0,1,0,0,40,0
27,2,7,2,7,5,0,0,0,32,0
40,4,3,2,2,0,1,0,0,8,0
55,4,13,2,3,0,1,0,0,40,1
50,2,14,2,6,0,1,0,0,30,0
49,3,13,2,3,0,1,0,0,50,0
61,2,9,6,2,1,0,0,1669,50,0
53,3,9,2,2,0,1,5178,0,45,1
50,2,10,2,11,0,1,0,0,60,1
77,4,13,6,9,1,0,0,0,20,0
19,2,10,0,7,3,0,0,0,40,0
50,2,2,3,7,1,1,0,0,40,0
45,5,14,2,9,0,1,0,0,35,1
55,4,9,6,7,1,0,0,0,25,0
31,1,12,4,0,3,0,0,0,40,0
18,2,9,4,0,1,0,0,0,25,0
45,4,12,2,11,0,1,5178,0,40,1
78,4,4,2,13,0,1,0,0,20,0
63,2,9,2,11,0,1,0,0,40,0
48,4,10,2,4,0,1,0,1485,50,0
20,2,9,4,11,3,0,0,0,20,0
42,1,14,2,9,0,1,0,0,55,1
41,2,3,3,4,1,1,0,0,35,0
35,2,13,2,12,0,1,0,0,40,1
42,2,9,2,13,0,1,2885,0,45,0
50,2,10,4,9,1,1,0,0,40,0
70,1,9,2,11,0,1,0,0,40,0
28,2,9,2,11,5,0,0,0,40,0
30,2,12,2,11,0,1,0,0,40,0
28,2,9,2,2,0,1,0,0,45,0
54,1,9,2,4,0,1,0,0,40,0
23,2,9,4,6,1,1,0,0,50,0
22,2,13,4,3,3,0,0,0,40,0
34,3,9,2,2,0,1,0,0,40,0
35,1,10,2,10,0,1,0,0,40,0
33,2,10,4,7,1,1,0,0,32,0
29,2,13,2,9,5,0,0,0,50,1
26,2,10,4,2,1,1,0,0,40,0
49,4,10,2,2,0,1,0,0,65,0
19,2,8,4,7,3,1,0,1602,20,0
60,2,9,3,2,1,1,0,1741,40,0
27,2,13,4,12,1,0,0,0,36,0
40,2,13,4,3,1,0,4650,0,48,0
28,3,13,4,3,3,1,0,0,60,0
38,0,10,0,12,4,0,0,0,40,0
25,2,13,4,11,1,1,0,0,40,0
27,2,14,4,9,1,1,0,0,20,0
42,2,13,2,9,0,1,0,0,40,1
37,3,15,2,9,0,1,0,0,60,1
43,2,9,2,5,0,1,3908,0,40,0
37,2,10,2,2,0,1,0,0,65,0
36,2,10,4,7,1,1,0,0,48,0
24,2,13,4,9,3,1,0,0,40,0
29,1,15,4,9,1,0,0,0,70,0
23,2,10,4,9,1,1,0,0,45,0
45,2,13,2,9,0,1,0,0,55,1
42,2,9,4,7,2,1,0,0,40,0
36,2,13,4,11,1,0,0,0,20,0
44,2,9,2,3,0,1,0,0,40,0
38,3,9,2,3,0,1,0,0,65,0
35,2,13,0,13,1,1,0,0,40,0
42,4,13,4,4,3,1,0,0,35,0
38,2,9,0,2,3,1,0,0,40,0
33,2,9,4,5,3,1,4416,0,40,0
39,2,9,2,6,0,1,0,0,40,0
56,2,9,6,11,1,0,0,0,44,0
17,1,6,4,7,3,0,0,0,25,0
60,2,9,2,2,0,1,3103,0,35,1
46,2,11,0,0,1,0,0,0,40,0
33,1,9,0,10,4,1,0,0,40,0
50,2,13,2,11,0,1,0,0,40,1
41,3,15,2,9,0,1,0,2415,60,1
34,4,16,2,9,0,1,0,0,50,1
25,2,10,4,5,1,1,0,0,40,0
37,2,10,4,3,1,1,0,0,40,0
53,1,14,2,0,0,1,0,0,38,1
49,2,11,2,0,0,1,0,0,40,0
31,2,10,2,11,0,1,0,0,60,1
26,5,10,4,0,2,1,0,0,25,0
32,2,10,5,12,1,1,0,1980,40,0
39,2,10,4,2,4,0,0,0,40,0
27,2,9,4,11,3,1,0,0,40,0
19,2,7,4,7,4,0,0,0,40,0
24,2,9,2,4,0,1,0,0,55,0
54,3,4,2,13,0,1,0,0,70,0
56,2,13,2,9,0,1,0,1902,65,1
52,0,9,2,6,0,1,0,0,40,1
46,2,13,0,3,1,1,0,0,40,1
45,2,11,2,2,0,1,0,0,76,0
34,2,9,2,6,0,1,0,0,40,0
24,2,14,4,11,4,0,0,0,38,0
29,2,9,4,5,3,1,0,0,25,0
46,2,13,2,3,0,1,0,0,44,1
51,2,2,6,2,1,1,0,0,40,0
43,2,13,2,2,0,1,0,0,48,1
51,1,10,2,10,0,1,0,0,35,0
36,1,9,2,7,5,0,0,0,35,0
17,2,7,4,2,3,0,0,0,15,0
23,4,11,4,2,1,1,0,0,45,0
31,4,13,4,11,1,1,0,0,40,1
29,2,9,0,0,4,0,0,0,40,0
37,2,9,6,6,4,0,0,0,20,0
37,2,9,2,3,0,1,0,0,55,0
18,2,7,4,5,3,0,0,0,12,0
64,2,10,6,12,4,0,0,0,40,0
67,2,9,2,10,0,1,0,0,24,0
38,2,11,2,6,0,1,0,0,48,1
40,4,12,2,4,0,1,0,0,50,1
63,2,11,0,7,1,0,0,0,20,0
26,5,13,4,3,1,0,0,0,35,0
24,5,10,4,0,3,1,0,0,12,0
44,2,10,2,2,0,1,0,0,65,0
40,2,10,4,6,1,0,0,0,40,0
52,2,10,2,13,0,1,0,0,30,0
30,2,9,4,3,1,1,0,0,50,0
39,1,12,4,13,1,1,0,0,48,0
44,2,9,0,11,1,1,27828,0,60,1
29,2,11,4,0,3,0,0,0,40,0
28,3,13,2,3,0,1,5013,0,55,0
26,2,10,4,11,3,0,0,0,40,0
43,2,9,4,2,3,1,0,0,20,0
45,1,15,0,9,4,0,0,1726,40,0
38,2,12,0,0,1,0,0,0,16,0
21,2,10,4,7,3,1,0,0,24,0
32,2,4,0,7,4,0,0,0,40,0
35,5,9,2,2,0,1,7298,0,40,1
25,2,10,4,0,1,1,0,1980,40,0
30,4,7,3,2,1,1,0,0,30,0
41,2,13,2,9,5,0,0,0,40,1
45,2,10,2,11,0,1,15024,0,99,1
18,2,7,4,2,3,1,0,0,30,0
22,2,9,4,0,1,0,0,0,40,0
53,1,13,2,9,5,0,0,0,60,1
53,2,10,6,11,4,0,0,0,30,0
20,2,9,4,0,1,0,0,0,30,0
32,2,9,2,4,5,0,0,0,40,0
46,2,12,2,12,0,1,0,0,40,1
44,2,9,4,5,1,1,0,0,50,0
22,5,10,4,0,1,0,0,0,40,0
33,2,6,5,5,1,1,0,0,40,0
28,2,13,2,0,0,1,0,0,40,0
52,2,9,2,0,0,1,0,0,40,0
66,2,6,6,6,1,0,0,0,32,0
21,2,10,4,7,3,1,0,0,15,0
21,2,10,4,3,3,0,0,0,40,0
37,2,13,4,2,1,1,0,0,40,0
22,2,10,4,7,3,0,0,0,40,0
33,2,9,2,2,0,1,0,0,40,0
23,2,13,4,9,3,1,13550,0,50,1
42,5,9,2,2,0,1,0,0,40,0
53,0,9,2,13,0,1,0,1740,50,0
35,4,6,2,13,0,1,0,0,50,0
30,2,11,2,13,0,1,0,0,40,0
34,4,9,2,4,0,1,0,0,70,0
49,2,13,0,10,1,1,0,0,40,0
32,5,9,4,0,1,0,0,0,40,0
34,2,14,2,3,0,1,15024,0,60,1
17,1,7,4,9,3,0,0,0,25,0
51,2,14,0,9,4,1,4787,0,35,1
51,2,6,0,0,2,0,0,0,30,0
31,4,5,2,2,0,1,0,0,60,0
49,1,13,2,9,0,1,0,0,60,0
44,2,9,2,0,5,0,0,0,38,0
41,1,10,0,3,4,0,0,0,25,0
18,2,9,4,0,3,1,0,0,35,0
37,2,14,2,3,0,1,0,2415,60,1
46,4,9,2,13,0,1,0,0,50,0
28,2,13,4,9,3,0,0,0,15,0
46,5,9,2,5,0,1,0,0,40,0
28,2,13,4,2,3,1,0,0,40,1
31,2,9,0,11,1,0,0,0,40,0
51,2,9,2,2,0,1,0,0,40,0
29,2,9,4,2,1,1,0,0,40,0
44,2,10,2,11,0,1,0,0,48,0
36,2,12,5,7,4,0,0,0,32,0
29,2,10,4,0,1,0,0,0,40,0
28,2,10,4,0,4,0,0,0,40,0
29,2,7,0,6,4,0,0,0,40,0
42,4,15,2,9,0,1,0,1902,50,1
40,2,9,2,13,0,1,0,0,40,0
57,2,12,6,0,2,0,0,0,40,0
53,2,13,2,7,0,1,0,0,35,0
56,2,3,2,6,0,1,0,0,40,0
28,2,9,5,7,1,0,0,0,25,0
80,2,10,4,9,1,1,0,1816,60,0
39,2,9,4,6,1,1,0,0,40,0
54,1,13,4,9,1,1,0,0,50,0
54,0,9,2,3,0,1,5178,0,40,1
47,2,10,2,2,0,1,0,0,40,1
24,2,7,4,11,3,0,0,0,30,0
39,2,11,2,2,0,1,7688,0,40,1
50,1,9,2,3,5,0,0,0,40,1
45,2,9,2,7,0,1,0,0,40,0
38,4,10,5,11,1,1,0,0,60,0
37,3,12,2,11,0,1,0,0,68,0
38,4,9,2,11,5,0,0,0,24,1
56,5,13,6,9,1,0,0,0,40,0
47,2,10,2,3,0,1,0,0,45,0
47,1,8,2,0,0,1,0,0,35,0
45,1,13,0,9,4,0,0,0,40,0
54,2,11,2,3,0,1,0,0,40,1
42,4,14,2,9,0,1,0,0,65,0
33,0,10,0,7,1,1,0,0,40,0
40,2,10,5,5,1,1,0,0,40,0
17,2,7,4,7,3,0,0,0,12,0
32,2,1,2,6,0,1,0,0,40,0
21,2,7,2,5,0,1,0,0,40,0
36,2,9,2,13,0,1,7298,0,50,1
54,2,2,2,13,0,1,0,0,50,0
38,2,8,2,2,0,1,0,0,48,0
40,2,14,4,9,1,1,0,0,40,1
48,3,15,2,9,0,1,15024,0,40,1
43,2,9,4,7,1,0,0,0,96,0
53,0,13,2,3,0,1,0,0,48,1
56,2,3,2,6,0,1,0,0,40,1
51,2,13,2,3,0,1,0,0,55,1
37,2,10,5,7,2,0,0,0,40,0
61,3,13,2,3,0,1,0,0,50,1
46,2,13,0,2,1,1,0,0,48,0
54,2,10,0,3,4,0,0,0,40,0
33,2,11,2,6,0,1,0,0,40,0
36,2,10,2,9,0,1,0,0,40,0
28,2,13,2,9,0,1,0,0,50,0
30,1,10,4,10,1,0,3325,0,40,0
50,2,13,2,9,0,1,15024,0,40,1
49,2,4,2,2,0,1,0,0,40,0
34,1,12,0,0,4,0,0,0,10,0
31,5,10,0,0,4,0,0,0,40,0
42,2,9,2,11,5,0,0,0,40,1
54,2,9,2,13,0,1,0,0,50,1
43,2,13,2,9,0,1,0,0,40,1
48,2,9,4,5,1,1,0,0,40,0
35,2,9,4,11,3,0,0,0,29,0
25,2,12,2,0,5,0,0,0,37,1
28,2,11,4,3,1,0,0,0,23,0
36,2,9,2,2,0,1,0,0,40,0
24,2,13,2,6,0,1,0,0,40,0
51,2,14,2,2,0,1,0,0,40,1
19,2,9,4,5,3,1,0,0,35,0
38,1,13,2,9,5,0,0,0,15,0
64,4,9,2,2,0,1,2635,0,24,0
20,1,10,4,10,3,1,0,0,25,0
32,5,12,2,9,0,1,0,0,48,1
57,2,13,2,3,0,1,0,0,50,1
56,2,9,2,3,0,1,0,0,40,0
31,2,7,2,2,0,1,0,0,40,0
30,2,9,0,2,1,0,0,0,40,0
47,2,13,2,6,0,1,0,0,40,0
18,2,8,4,7,3,1,0,0,18,0
29,0,15,2,9,0,1,0,0,80,0
62,2,13,2,3,0,1,0,1902,1,1
25,2,13,2,9,0,1,0,0,60,0
23,2,10,4,7,2,0,0,0,40,0
51,0,9,2,13,0,1,0,0,80,0
43,2,13,4,9,1,1,0,2258,50,1
59,2,16,2,3,0,1,0,0,40,1
24,2,9,2,6,0,1,0,0,50,0
48,2,10,2,2,0,1,0,0,50,0
30,2,9,2,2,0,1,0,2051,40,0
72,2,3,2,7,0,1,0,0,36,0
25,2,9,4,6,4,0,0,0,40,0
55,5,13,2,0,0,1,7688,0,38,1
40,2,9,2,9,0,1,0,0,40,1
43,4,10,2,11,0,1,7298,0,50,1
64,4,10,2,3,0,1,0,1421,35,0
37,2,10,4,7,2,1,0,0,30,0
56,2,4,2,2,0,1,0,0,40,0
30,2,9,0,0,3,0,0,0,40,0
51,2,15,4,9,1,0,0,2559,50,1
18,2,8,4,7,3,1,0,0,15,0
26,2,10,2,0,0,1,0,0,40,1
54,2,9,2,11,0,1,0,0,40,0
40,2,10,2,2,0,1,0,0,40,0
59,5,13,2,3,0,1,0,1977,40,1
17,2,6,4,7,3,1,0,0,20,0
27,2,9,4,2,3,1,0,0,40,0
35,1,13,2,11,0,1,7298,0,40,1
35,2,9,0,7,1,0,0,0,35,0
22,2,10,4,13,3,1,0,1719,30,0
44,4,9,0,2,1,1,0,0,45,0
37,5,9,0,0,4,0,0,0,25,0
37,2,13,4,3,1,1,0,2824,40,1
38,2,11,4,2,1,0,0,0,40,0
50,2,16,0,9,1,0,0,0,50,0
33,2,9,4,7,3,0,1055,0,40,0
27,2,12,2,12,0,1,0,0,40,0
34,2,9,2,2,0,1,0,0,50,1
35,4,9,4,3,1,1,4650,0,50,0
23,2,13,4,9,3,1,0,0,42,0
21,2,12,4,5,3,1,0,0,40,0
46,3,15,2,9,0,1,99999,0,60,1
20,2,10,4,11,2,0,0,0,35,0
42,2,4,2,5,0,1,0,0,99,0
24,2,7,5,2,1,1,0,0,40,0
43,2,9,2,6,0,1,0,0,40,1
30,2,10,4,2,1,1,0,0,40,0
27,2,12,2,3,0,1,0,0,40,0
45,2,13,0,6,1,1,0,0,40,0
31,2,9,5,2,1,1,0,0,40,0
27,2,9,2,0,5,0,0,0,40,0
34,2,9,4,2,2,1,0,0,40,0
23,2,13,4,11,3,0,0,0,25,0
48,2,12,2,11,0,1,0,0,60,1
57,0,14,0,3,1,0,0,0,60,1
70,2,10,4,0,1,0,0,0,6,0
37,2,9,2,2,0,1,0,0,45,1
24,2,10,2,4,0,1,0,0,50,1
35,2,10,2,13,0,1,0,0,40,0
34,2,13,2,3,5,0,0,0,40,0
33,2,9,2,5,0,1,0,0,40,0
49,4,9,2,2,0,1,0,0,40,0
46,1,9,2,10,0,1,7688,0,96,1
68,2,14,4,0,1,0,6360,0,20,0
33,2,10,0,0,1,0,0,0,40,0
35,2,9,0,9,4,0,0,0,40,0
31,2,4,4,5,3,1,0,0,50,0
35,2,10,2,12,0,1,0,0,45,0
39,2,7,0,7,3,1,0,0,40,0
38,2,9,0,0,4,0,0,0,20,0
60,1,14,2,9,0,1,15024,0,52,1
50,3,9,2,3,0,1,7298,0,40,1
23,2,9,2,6,0,1,0,0,40,0
73,3,13,2,11,0,1,0,0,50,1
34,4,11,4,7,1,1,0,0,40,0
17,2,7,4,11,3,0,0,0,35,0
63,4,9,2,7,0,1,0,0,40,1
19,2,9,4,6,3,1,0,0,35,0
55,2,9,2,13,0,1,0,0,45,1
36,2,12,4,12,1,0,0,0,40,0
44,4,10,2,4,0,1,0,1902,80,1
53,2,14,0,11,1,0,0,0,40,0
34,2,10,0,0,1,0,0,0,40,0
62,2,13,2,9,0,1,0,0,55,1
48,2,10,5,0,4,0,0,0,44,0
26,2,11,2,2,0,1,0,0,65,1
24,2,13,4,0,3,1,0,0,40,0
39,0,13,0,3,4,0,0,0,40,0
52,2,9,2,13,0,1,0,0,60,1
30,2,9,2,10,0,1,0,0,60,1
24,2,9,4,3,4,1,0,0,40,0
29,0,13,4,9,1,0,0,0,40,0
31,2,9,4,11,3,0,0,0,40,0
39,2,9,2,6,0,1,0,0,40,0
30,1,8,2,0,5,0,0,0,40,0
35,4,13,2,9,5,0,0,0,40,1
75,2,9,3,7,1,1,0,0,40,0
33,1,12,2,0,0,1,0,0,40,0
45,4,13,2,9,0,1,0,0,30,0
57,2,6,0,0,2,0,0,0,70,0
34,2,11,2,2,0,1,0,0,40,0
34,2,9,0,2,1,1,3325,0,35,0
57,4,10,2,13,0,1,0,0,45,1
21,2,10,4,7,1,1,0,0,35,0
28,2,13,4,9,1,0,0,0,40,0
43,5,9,2,10,0,1,0,0,40,0
44,2,10,0,11,4,1,0,0,55,1
58,2,9,2,2,0,1,0,0,40,1
17,2,7,4,7,3,0,0,0,16,0
40,1,14,4,0,1,0,0,1876,35,0
28,2,10,4,7,1,1,0,0,37,0
19,2,4,2,5,3,1,0,0,45,0
40,2,9,2,3,0,1,0,0,50,1
21,2,10,4,10,3,1,2907,0,30,0
46,4,15,2,9,0,1,0,0,40,1
63,2,9,2,0,5,0,3471,0,40,0
28,2,10,2,11,0,1,0,0,40,0
21,5,10,4,9,1,0,0,0,8,0
57,2,9,2,13,0,1,0,0,40,1
42,2,9,0,2,1,1,0,0,75,1
58,2,9,2,13,0,1,0,0,38,0
25,2,13,4,9,1,1,4865,0,48,0
56,4,9,2,4,0,1,0,0,40,0
36,0,11,2,12,0,1,0,0,40,0
35,2,13,2,3,0,1,0,0,40,1
58,2,9,0,0,4,0,0,0,45,0
31,3,9,4,2,1,1,0,0,44,0
45,5,14,0,3,4,0,0,0,40,0
23,2,9,4,0,3,0,0,0,40,0
37,5,13,4,0,1,0,8614,0,40,1
54,3,12,2,11,0,1,0,0,50,1
40,2,9,2,2,0,1,0,0,40,0
39,2,9,0,5,3,1,0,0,40,0
46,2,12,4,2,1,0,0,0,50,0
40,2,9,0,11,4,0,0,0,30,0
46,2,6,2,6,0,1,0,0,40,1
25,2,13,4,9,1,0,0,0,40,0
40,2,14,2,3,0,1,99999,0,52,1
43,2,10,4,0,1,1,0,0,25,0
19,2,5,4,7,3,1,0,0,40,0
45,0,12,2,0,0,1,0,0,40,1
29,2,13,4,0,1,0,0,0,50,0
33,2,10,2,6,0,1,0,0,55,0
30,2,10,2,2,0,1,0,0,58,0
27,2,16,2,9,0,1,0,0,80,0
56,2,6,0,7,4,0,0,0,45,0
41,2,11,2,3,0,1,0,0,40,0
35,5,10,2,12,0,1,5013,0,40,0
56,5,16,2,9,1,1,2885,0,40,0
57,2,3,0,13,4,1,6497,0,40,0
30,2,9,4,12,1,0,0,0,40,0
24,2,4,4,11,3,1,0,0,40,0
41,2,12,0,9,1,1,0,0,80,0
57,2,8,2,2,0,1,0,0,40,0
35,2,9,2,3,0,1,0,0,40,0
61,1,9,6,12,1,0,0,0,40,0
62,2,9,6,11,1,0,0,0,32,0
62,3,13,0,11,1,1,99999,0,40,1
49,2,6,5,3,1,1,4416,0,99,0
38,2,5,2,0,0,1,0,0,40,0
44,2,9,4,2,1,1,0,0,60,0
41,4,14,0,11,4,1,0,0,5,1
27,4,13,4,2,3,1,0,0,35,0
34,4,9,2,3,0,1,0,0,70,0
22,2,9,4,0,3,1,0,0,20,0
55,2,9,0,7,2,0,0,0,40,0
62,2,6,0,9,4,0,0,0,40,0
37,2,10,4,2,1,1,0,0,40,0
28,2,9,2,4,0,1,0,0,50,0
26,2,11,2,13,0,1,2885,0,40,0
28,2,14,4,0,1,1,0,0,50,0
48,4,13,2,9,5,0,0,0,20,1
29,5,10,0,0,3,1,0,0,20,0
52,2,6,6,6,4,0,0,0,40,0
21,2,10,4,6,4,1,0,0,40,0
22,2,10,0,11,3,0,0,0,48,0
40,2,11,2,3,0,1,0,0,50,1
33,2,6,2,6,0,1,0,0,40,0
70,2,9,2,13,0,1,3471,0,33,0
35,2,5,2,7,0,1,0,0,40,0
48,5,10,0,3,1,0,0,0,40,0
46,2,9,0,2,1,1,0,0,40,0
32,2,11,4,2,1,1,0,0,40,0
41,2,13,2,12,5,0,0,0,25,1
33,2,9,5,5,4,1,0,0,35,0
22,2,9,2,13,0,1,0,0,40,0
72,2,14,0,9,1,1,0,0,60,1
30,2,10,2,5,0,1,0,0,40,0
33,2,13,2,3,0,1,0,0,40,1
39,2,6,5,7,4,0,0,0,40,0
35,2,13,4,3,1,0,0,0,50,1
55,4,9,5,4,4,0,0,0,55,0
47,2,9,2,6,0,1,0,0,50,1
65,2,13,0,9,1,0,0,0,35,0
26,4,9,4,5,1,1,0,0,35,0
50,2,9,2,0,5,0,0,0,40,1
46,2,13,2,3,0,1,0,0,40,1
48,2,13,0,8,1,0,0,0,44,0
30,2,9,2,6,0,1,0,0,45,0
35,1,7,2,9,5,0,0,0,32,0
27,2,11,4,3,3,0,0,0,40,0
61,2,9,2,3,5,0,15024,0,38,1
33,2,9,0,5,4,1,0,0,30,0
20,4,9,4,13,3,1,0,0,80,0
20,2,9,4,13,2,1,0,0,40,0
48,2,9,2,12,0,1,0,0,40,0
41,2,13,4,3,3,1,0,0,40,0
65,2,9,6,0,1,0,0,810,36,0
22,2,10,4,0,3,0,0,0,20,0
18,2,9,4,6,2,0,0,0,40,0
31,2,9,2,7,0,1,0,0,52,0
45,2,9,0,5,4,0,0,0,40,0
27,2,11,4,9,1,0,0,0,35,0
39,2,13,2,2,0,1,0,0,45,1
75,2,3,6,7,4,1,0,0,10,0
48,2,8,6,5,1,1,0,0,40,0
43,3,10,2,3,0,1,0,0,75,0
53,2,13,0,3,1,0,0,1741,40,0
22,2,10,4,11,3,0,0,0,40,0
26,2,10,2,0,5,0,0,0,40,0
21,5,10,4,10,1,1,0,0,40,0
30,2,13,4,3,1,1,0,0,70,1
19,2,8,4,7,3,0,0,0,15,0
44,5,14,2,3,0,1,0,0,40,0
40,2,9,2,7,0,1,0,0,35,0
56,2,4,2,6,0,1,0,0,40,0
60,2,3,2,2,0,1,0,0,40,0
22,2,12,4,0,1,1,0,0,45,0
59,4,9,2,4,0,1,0,0,35,0
44,2,13,2,2,0,1,0,0,50,1
27,2,13,4,11,3,1,0,0,38,0
23,2,10,4,7,3,0,0,0,23,0
42,5,9,0,10,4,0,0,0,40,0
59,2,10,2,3,0,1,0,0,40,1
35,2,16,2,9,0,1,0,0,40,1
42,2,10,0,4,1,1,0,0,40,0
34,2,9,4,7,4,0,0,0,35,0
23,1,10,0,0,4,0,0,0,70,0
60,4,9,2,4,0,1,0,0,65,1
61,5,14,2,9,0,1,0,0,30,0
25,2,10,4,5,3,1,0,0,40,0
45,2,11,0,0,4,0,0,0,40,0
44,2,13,2,3,0,1,15024,0,50,1
27,2,9,4,5,3,1,0,0,40,0
59,1,9,5,10,4,0,0,0,40,0
28,5,13,4,3,1,1,0,0,55,0
49,2,9,2,6,0,1,0,0,40,0
56,2,13,2,9,0,1,0,0,40,1
40,2,13,2,9,0,1,0,0,50,0
49,3,9,5,7,1,1,0,0,45,0
24,2,10,4,3,1,0,0,0,20,0
29,2,5,2,2,0,1,0,0,40,0
44,0,10,4,0,1,1,13550,0,50,1
24,2,13,4,9,2,0,0,0,40,0
20,5,9,4,13,3,1,0,0,40,0
45,2,9,6,7,2,0,0,0,50,0
26,2,9,4,7,3,0,0,0,40,0
42,2,10,0,7,1,0,8614,0,52,1
48,2,14,2,3,0,1,0,0,40,1
19,2,10,4,7,3,1,0,0,35,0
53,4,13,2,2,0,1,0,0,40,0
30,2,13,2,11,0,1,0,0,40,1
55,2,13,2,3,0,1,15024,0,55,1
44,1,8,2,2,0,1,0,0,55,0
57,4,10,5,11,1,1,0,0,35,0
48,2,9,2,9,5,0,0,0,8,0
57,2,3,5,2,1,1,0,0,40,0
20,5,10,4,4,3,1,0,0,32,0
48,0,10,0,3,1,1,0,0,40,0
23,2,10,4,5,3,1,0,0,15,0
62,2,6,2,11,0,1,0,0,35,0
38,3,13,2,9,0,1,0,0,70,1
58,4,10,0,9,1,0,0,0,40,0
21,1,10,4,0,1,0,594,0,4,0
37,2,11,4,0,1,0,4101,0,35,0
38,2,9,4,9,1,1,0,0,60,0
42,4,10,0,2,4,1,0,0,55,0
46,2,9,0,2,1,1,0,0,40,0
52,1,12,2,10,0,1,0,0,40,1
31,2,10,2,2,0,1,0,0,45,1
30,2,10,2,2,0,1,0,0,40,1
63,2,10,0,2,4,1,0,0,22,0
18,1,9,4,0,3,0,0,0,40,0
50,2,14,2,3,0,1,15024,0,65,1
42,2,9,2,2,0,1,7688,0,50,1
38,5,10,5,3,3,1,0,0,40,0
33,2,6,5,11,4,0,0,0,38,0
38,2,9,0,2,1,1,0,0,40,0
35,0,13,5,12,4,1,0,0,40,0
41,2,7,3,6,1,1,0,0,40,0
27,2,4,2,7,5,0,0,0,40,0
52,2,10,4,11,1,0,0,0,40,0
28,2,10,5,6,1,1,0,0,40,0
39,2,10,4,11,1,1,0,0,41,0
31,2,13,2,9,0,1,0,0,50,0
59,2,13,2,11,0,1,0,0,40,0
54,2,13,6,0,1,0,0,0,80,1
60,4,4,2,2,0,1,0,0,40,0
32,2,10,4,3,1,1,0,0,60,0
19,1,7,4,5,2,1,0,0,35,0
27,2,12,4,3,1,0,0,0,40,0
27,1,13,4,10,1,0,0,0,32,0
60,1,7,2,13,0,1,0,0,20,0
23,2,9,4,5,2,1,0,0,60,0
42,2,6,4,13,1,1,0,0,40,0
61,4,15,0,9,1,1,0,0,50,0
55,0,4,2,0,0,1,0,0,72,0
26,2,9,4,11,3,1,0,0,40,0
36,2,12,2,9,5,0,0,0,31,1
38,2,10,2,3,0,1,0,0,44,1
17,2,7,4,4,3,1,0,0,40,0
56,2,13,2,11,0,1,0,0,40,1
54,3,9,2,11,0,1,0,0,50,1
22,2,9,2,7,0,1,0,0,35,0
71,2,10,6,11,1,1,0,0,35,1
22,2,9,2,13,0,1,0,0,40,0
30,2,13,2,3,0,1,0,0,42,1
46,2,9,2,13,0,1,0,0,46,1
45,2,9,0,0,4,0,0,0,32,0
52,3,13,2,11,0,1,0,0,60,0
20,2,9,4,5,3,1,0,0,35,0
33,2,9,2,11,0,1,3103,0,40,1
19,2,9,4,13,3,1,0,0,40,0
59,2,1,4,6,1,1,0,0,40,0
45,2,13,0,11,1,1,0,0,40,0
18,2,9,4,11,3,0,0,0,25,0
24,2,13,4,9,1,1,0,0,10,0
29,2,10,3,11,3,0,0,0,26,0
43,2,5,2,3,0,1,0,0,40,0
28,2,11,2,7,0,1,0,0,40,1
47,2,10,5,6,1,1,8614,0,65,1
43,2,9,5,6,1,0,0,0,44,0
35,2,11,2,12,0,1,0,0,52,1
59,2,13,4,3,1,0,0,0,25,0
28,3,9,4,0,3,0,0,0,35,0
29,2,9,0,3,1,0,0,0,40,0
46,1,14,2,9,5,0,0,0,65,1
39,0,9,2,0,0,1,0,0,50,0
59,2,11,2,9,0,1,5178,0,50,1
30,2,9,2,13,0,1,0,0,45,0
46,1,7,2,13,0,1,0,0,30,0
53,5,10,2,10,0,1,0,0,60,0
17,2,6,4,12,3,1,0,0,10,0
32,4,6,0,2,1,1,0,0,40,0
41,2,9,4,2,1,1,0,0,42,1
45,1,14,0,9,4,0,0,0,40,0
56,0,13,2,3,0,1,0,0,50,0
63,4,2,6,7,4,0,0,0,30,0
40,2,9,2,6,0,1,0,0,55,0
39,2,9,4,0,4,0,0,0,40,0
34,2,9,2,11,0,1,0,0,65,0
21,2,9,4,7,2,1,0,0,40,0
36,5,14,0,9,4,1,5455,0,30,0
45,2,11,2,2,0,1,0,0,40,0
31,2,12,2,2,0,1,0,0,40,1
46,2,10,4,3,4,0,0,0,45,0
45,2,9,0,2,1,1,10520,0,40,1
46,2,10,2,11,0,1,0,2042,50,0
50,2,9,6,11,1,0,0,2444,72,1
23,2,9,4,11,1,1,0,0,40,0
32,2,9,1,7,2,0,0,0,10,0
28,2,13,2,11,0,1,0,0,50,1
57,2,13,2,3,0,1,0,0,40,1
25,2,10,4,4,4,1,0,0,40,0
59,2,9,0,7,4,0,0,0,35,0
36,4,14,4,9,1,0,0,0,60,1
47,1,14,0,9,1,0,0,0,40,0
26,2,10,2,13,0,1,0,0,52,1
23,2,13,4,12,3,0,0,0,40,0
42,0,14,4,3,1,0,14084,0,60,1
32,2,13,2,3,0,1,0,0,40,1
34,2,9,2,7,0,1,0,0,36,0
44,2,9,0,7,4,0,0,0,33,0
29,2,14,2,3,5,0,0,0,40,1
29,4,9,4,4,3,1,0,0,65,0
26,2,9,2,2,0,1,5013,0,60,0
30,2,9,2,0,5,0,0,0,40,0
30,2,10,0,6,1,1,0,1617,40,0
40,1,14,2,9,0,1,0,0,40,0
34,2,10,2,9,0,1,0,0,50,0
29,2,9,2,2,0,1,0,0,40,0
35,2,6,2,7,5,0,0,0,40,0
24,2,13,4,11,3,0,0,0,35,0
27,2,10,2,7,0,1,0,0,40,0
63,3,15,2,9,0,1,15024,0,50,1
52,2,10,2,2,0,1,0,0,40,0
34,3,13,2,11,0,1,0,0,54,0
22,2,13,4,9,1,0,0,0,15,0
45,2,10,2,2,0,1,0,0,40,1
46,4,9,2,3,0,1,0,0,40,0
51,4,15,2,9,0,1,0,0,40,0
28,2,3,4,4,4,1,0,0,40,0
22,2,10,4,0,3,0,0,0,40,0
40,2,15,2,9,0,1,15024,0,55,1
28,4,9,2,3,0,1,0,0,40,0
39,2,13,0,9,1,0,0,0,36,0
24,2,9,4,11,1,1,0,0,38,0
27,2,12,3,2,1,1,0,0,50,0
41,4,10,2,3,0,1,0,0,60,0
45,2,11,2,11,0,1,0,1977,50,1
39,1,12,0,9,1,1,0,0,59,0
28,2,8,4,2,1,1,0,0,40,0
49,2,9,6,0,4,0,0,0,40,0
42,5,13,2,3,0,1,15024,0,50,1
27,2,11,2,7,0,1,0,0,60,0
41,2,9,2,11,5,0,15024,0,50,1
38,3,10,4,11,1,1,0,0,65,0
31,2,12,0,7,1,0,0,0,32,0
39,4,10,0,11,4,1,0,0,47,0
38,2,10,0,11,4,0,0,0,40,0
26,2,11,4,3,1,0,0,0,40,0
24,2,9,2,2,0,1,0,0,40,0
44,2,11,2,3,0,1,0,0,40,0
54,4,10,2,11,0,1,0,0,55,1
22,4,11,4,4,1,1,0,0,35,0
26,2,9,4,0,3,1,0,0,40,0
57,2,10,4,0,1,0,0,0,40,0
36,4,4,2,6,0,1,7298,0,45,1
57,2,9,0,0,1,0,0,0,45,0
33,2,12,2,2,0,1,0,0,40,0
46,2,9,0,2,1,1,0,0,40,0
35,2,9,2,2,0,1,0,0,40,0
34,2,13,2,3,5,0,0,0,40,1
40,2,9,2,0,0,1,0,0,40,0
24,4,9,0,2,1,1,0,0,50,0
43,4,10,2,4,0,1,0,0,99,0
37,2,11,5,2,1,0,0,0,40,0
20,2,10,2,11,5,0,0,0,30,0
28,2,12,4,7,1,0,0,0,40,0
53,0,10,2,3,0,1,0,0,40,1
48,2,9,2,13,0,1,0,0,40,1
67,3,9,6,3,1,0,15831,0,40,1
42,2,13,2,13,0,1,0,0,40,0
29,2,14,4,3,1,0,0,0,50,1
40,0,12,2,9,0,1,0,0,40,1
22,2,5,4,5,3,1,0,0,40,0
37,2,9,4,3,1,1,0,0,50,0
29,5,11,4,12,1,0,0,1590,64,0
28,2,13,4,11,3,0,0,0,40,0
38,2,9,2,11,0,1,0,0,55,0
54,2,10,2,4,0,1,0,0,50,0
62,4,9,2,11,5,0,0,0,48,0
37,1,16,0,9,1,0,0,0,40,1
28,1,9,4,0,2,1,0,0,20,0
50,1,10,0,7,4,0,0,0,40,0
30,2,10,4,0,3,1,0,0,45,0
36,2,15,2,9,0,1,7298,0,50,1
44,3,10,2,11,0,1,0,0,50,1
40,1,13,2,9,0,1,0,0,35,0
18,2,9,4,6,3,1,0,0,40,0
38,2,13,4,0,1,1,0,0,40,0
20,2,9,4,7,3,1,0,0,40,0
68,4,9,2,4,0,1,0,0,50,0
40,2,10,4,11,1,0,0,0,40,0
26,2,16,4,2,2,1,0,0,20,0
30,2,9,4,11,1,0,0,0,35,0
32,2,8,2,7,5,0,0,0,40,0
28,2,13,4,0,1,1,0,0,40,0
24,2,9,4,6,1,1,0,0,48,0
18,2,6,4,11,1,1,0,0,20,0
24,2,9,4,11,3,1,0,0,40,0
24,2,10,0,6,1,1,0,2339,43,0
43,2,9,2,0,0,1,0,0,40,0
54,2,14,2,9,0,1,0,0,40,1
17,2,7,4,7,3,0,0,0,5,0
38,2,10,0,0,3,1,0,0,52,0
40,5,10,0,0,1,0,0,0,35,0
38,2,10,2,9,0,1,0,0,40,0
20,2,7,2,7,0,1,0,0,40,0
29,2,11,2,4,0,1,0,0,40,1
59,0,9,6,6,4,0,0,0,40,0
27,2,4,2,2,0,1,0,0,40,0
27,2,10,4,12,3,1,0,0,40,0
71,2,7,4,8,1,0,0,0,75,0
54,2,10,0,7,1,0,0,0,47,0
52,2,10,6,11,1,0,0,0,40,0
18,2,9,4,3,3,1,0,0,30,0
64,2,10,3,3,4,0,0,0,40,0
51,0,9,0,0,4,0,0,1980,40,0
27,2,13,4,11,1,0,0,0,40,0
48,2,15,0,11,1,1,0,0,13,0
55,4,9,2,2,0,1,0,0,55,0
24,2,11,4,3,1,0,0,0,40,0
47,2,13,2,9,0,1,0,0,60,1
20,2,10,4,11,1,0,0,0,50,0
40,2,10,2,0,5,0,0,0,35,1
45,0,10,2,0,0,1,0,0,40,1
18,2,9,4,0,2,0,0,0,30,0
24,2,13,4,3,1,1,0,0,40,0
30,2,9,2,6,0,1,0,0,40,0
36,2,10,4,2,3,1,2174,0,60,0
48,2,9,2,11,0,1,0,0,48,0
44,2,13,4,11,1,1,0,0,45,0
69,5,10,6,0,1,0,0,810,38,0
71,2,9,2,11,0,1,0,2467,52,0
22,2,13,4,0,3,0,0,0,40,0
44,2,9,0,0,4,0,0,0,40,1
34,2,14,2,7,0,1,0,0,30,0
55,2,14,2,3,0,1,0,1977,40,1
27,2,13,4,0,1,1,0,0,40,0
36,2,9,2,2,0,1,0,0,40,0
28,2,6,4,5,2,1,0,0,40,0
67,2,14,2,11,0,1,0,0,30,1
47,2,9,0,7,3,0,0,0,32,0
52,2,9,4,11,1,0,0,0,36,0
30,2,13,0,9,1,0,0,0,38,0
33,5,10,5,12,1,1,0,0,12,0
29,2,13,4,11,3,0,0,0,50,0
31,2,14,4,9,1,1,0,0,40,0
66,2,13,0,9,4,0,0,0,8,0
55,2,9,0,0,1,0,0,0,40,0
69,2,9,6,5,1,0,0,0,8,0
44,2,10,0,13,4,1,0,0,35,0
28,2,13,6,7,3,1,0,1974,50,0
31,2,12,2,3,0,1,0,0,55,1
37,2,13,2,3,0,1,0,0,50,1
33,2,13,2,11,0,1,0,0,55,1
35,2,9,0,6,3,1,0,0,40,0
32,2,13,4,3,1,1,0,0,50,0
39,3,14,0,3,1,1,0,0,70,1
39,5,10,2,10,0,1,0,0,40,0
21,2,4,4,4,4,1,0,0,40,0
22,4,9,4,7,3,0,0,0,50,0
23,2,9,4,0,1,0,0,0,40,0
40,2,9,2,2,0,1,0,0,40,0
48,2,9,2,9,0,1,7298,0,40,1
41,2,9,2,2,0,1,0,0,8,0
34,2,9,2,3,0,1,0,0,40,0
28,4,13,4,12,1,1,0,0,45,0
65,2,13,2,3,0,1,0,0,40,1
63,2,12,0,3,1,1,0,0,40,1
38,2,9,2,2,0,1,4386,0,48,0
20,2,10,4,7,1,0,0,0,25,0
27,2,13,4,12,3,0,0,0,40,0
52,1,10,6,0,1,0,0,0,24,0
29,0,11,4,0,4,0,0,0,40,0
29,2,10,4,6,2,1,0,0,40,0
52,5,9,2,2,0,1,5013,0,40,0
50,4,9,2,7,0,1,0,0,60,0
51,4,13,2,12,0,1,0,0,45,1
59,0,12,2,0,0,1,0,0,40,0
27,2,9,2,0,0,1,3464,0,45,0
56,2,9,2,6,0,1,0,0,40,0
51,1,9,2,10,0,1,0,0,70,0
47,2,10,2,2,0,1,0,0,40,0
37,2,14,2,0,0,1,7688,0,50,1
35,2,9,2,5,0,1,0,0,40,0
44,5,9,2,10,0,1,0,0,40,1
32,0,9,4,7,3,1,0,0,40,0
35,2,13,2,3,0,1,0,0,40,1
22,2,9,4,5,3,0,0,0,40,0
20,2,10,4,0,1,0,0,0,25,0
23,4,9,4,2,4,1,0,0,40,0
57,2,9,2,2,0,1,0,0,40,1
27,2,13,4,9,1,1,0,0,60,0
40,2,9,2,4,0,1,0,0,40,0
34,2,9,4,3,1,1,0,0,50,0
26,2,11,4,7,1,0,0,0,40,0
50,2,9,2,2,0,1,0,0,48,1
27,5,9,2,12,0,1,0,0,40,0
30,2,10,4,7,3,0,0,0,40,0
47,2,9,5,2,4,0,0,0,40,0
37,4,7,4,4,3,1,0,0,37,0
51,2,10,2,2,0,1,7298,0,40,1
17,2,7,4,11,3,0,0,0,10,0
55,2,14,0,9,1,0,14084,0,40,1
34,2,9,2,6,0,1,0,0,40,0
34,2,9,4,4,1,1,0,0,40,0
19,2,9,4,4,3,1,0,0,40,0
23,2,10,2,11,0,1,0,0,40,0
73,5,4,0,7,1,0,0,0,40,0
32,2,13,4,3,1,0,0,0,40,0
43,3,9,2,11,0,1,0,0,50,0
30,5,9,2,0,0,1,0,1902,40,0
22,2,11,4,8,1,0,0,0,30,0
22,5,10,4,7,3,1,0,0,20,0
46,2,11,0,3,4,0,0,0,45,0
18,2,9,4,6,2,1,2176,0,25,0
29,0,9,2,12,0,1,0,0,40,1
19,2,9,4,11,3,0,0,0,8,0
43,5,16,4,9,1,0,0,0,40,0
50,1,14,0,9,4,0,0,0,65,0
43,4,15,2,9,0,1,0,0,60,1
53,2,7,0,7,1,0,0,0,37,0
30,1,10,2,10,0,1,15024,0,40,1
66,4,13,2,9,0,1,0,0,20,1
28,2,9,0,10,1,1,0,0,40,0
51,3,10,2,3,0,1,0,0,50,1
42,5,12,0,12,1,0,0,1974,40,0
72,2,11,2,0,0,1,0,0,45,1
45,2,10,6,7,4,0,0,0,45,0
38,2,9,4,2,4,0,0,0,40,0
42,2,11,2,0,0,1,2407,0,40,0
37,1,14,2,3,0,1,0,0,40,1
48,3,9,2,4,0,1,0,0,40,1
39,1,7,2,13,0,1,0,0,30,0
45,2,13,2,11,0,1,0,0,55,1
48,2,10,2,13,0,1,0,0,40,0
25,2,7,4,7,1,1,0,0,99,0
39,2,13,2,2,0,1,0,0,40,0
35,2,11,2,0,0,1,0,0,44,1
43,2,12,0,2,1,1,0,2444,70,1
36,2,14,4,3,1,0,14084,0,40,1
49,4,9,2,2,0,1,0,0,40,1
61,2,15,2,13,0,1,0,0,5,1
24,2,6,2,5,0,1,0,0,40,0
61,0,10,2,0,0,1,9386,0,40,1
77,2,9,2,7,0,1,0,0,25,0
20,2,7,4,7,3,1,0,0,40,0
37,4,12,4,13,1,1,0,0,50,0
64,2,16,2,9,0,1,0,0,60,1
44,2,16,2,3,0,1,15024,0,40,1
26,2,13,4,12,1,1,0,0,40,0
27,2,11,4,12,2,0,0,0,36,0
41,2,6,5,7,4,0,0,0,33,0
51,2,9,6,9,4,0,0,0,40,0
61,2,14,2,9,0,1,0,0,45,1
31,2,9,0,0,1,0,0,0,25,0
17,2,6,4,11,3,0,0,0,15,0
63,2,10,6,3,1,0,0,0,40,0
34,2,10,0,7,4,0,0,0,40,0
33,5,9,2,10,0,1,0,0,37,0
49,2,13,2,11,0,1,0,0,40,0
72,2,9,2,11,0,1,0,0,12,0
63,2,9,2,11,0,1,4064,0,40,0
29,2,9,4,12,1,0,0,0,45,0
46,2,10,0,12,1,0,0,0,38,0
28,1,13,4,9,1,1,0,0,52,0
51,0,10,2,0,0,1,0,0,44,1
23,2,4,4,2,1,1,0,0,25,0
69,4,11,2,3,0,1,0,0,20,0
22,2,10,4,7,4,0,0,0,20,0
41,2,15,2,9,0,1,0,0,60,1
45,2,12,2,2,0,1,0,0,40,0
43,2,9,4,2,1,1,0,0,40,0
37,5,9,0,7,4,0,0,0,40,0
36,2,9,0,6,4,1,0,0,40,0
25,2,9,4,9,3,1,0,0,40,0
40,2,10,2,12,0,1,0,0,48,1
33,2,13,2,5,0,1,0,0,40,0
51,2,9,2,2,0,1,0,0,40,0
33,2,11,2,13,0,1,0,0,40,0
44,2,13,2,3,0,1,7688,0,50,1
42,2,10,2,0,0,1,0,0,40,0
30,2,9,2,2,0,1,0,0,40,0
30,2,10,4,11,1,1,0,0,50,1
47,2,10,0,6,4,0,0,0,40,0
59,0,10,2,2,0,1,0,0,36,0
37,4,6,2,2,0,1,0,0,30,0
61,2,3,2,6,0,1,0,0,40,0
20,2,10,4,0,3,1,0,0,25,0
27,2,13,4,9,1,0,0,0,20,0
62,4,13,2,11,0,1,0,0,40,1
22,2,10,4,13,1,1,0,0,40,0
44,5,13,5,9,4,0,0,0,40,0
60,4,10,2,3,0,1,0,0,40,1
20,2,7,4,13,3,1,0,0,60,0
59,4,15,2,9,0,1,0,0,35,1
42,0,10,2,0,0,1,0,0,40,0
28,2,13,4,13,4,1,0,0,20,0
47,1,14,2,9,5,0,0,0,60,1
44,2,9,2,0,0,1,0,0,52,1
52,4,9,2,11,0,1,0,0,60,0
40,2,11,4,9,3,0,0,0,36,0
46,3,9,2,4,0,1,15024,0,40,1
29,2,9,4,3,1,0,0,0,40,0
23,2,10,4,11,3,1,0,0,40,0
25,2,9,4,0,1,0,0,0,45,0
37,1,10,2,7,0,1,0,0,32,0
38,2,9,2,6,0,1,0,1740,40,0
57,2,9,0,7,1,0,0,0,40,0
47,2,11,0,9,1,0,0,1669,40,0
17,2,6,4,7,3,1,0,0,40,0
34,2,15,4,3,3,1,0,0,50,0
18,2,8,4,11,3,0,0,0,8,0
56,2,9,2,11,0,1,0,0,45,1
37,4,9,0,3,4,1,0,0,55,0
31,2,13,4,3,1,1,0,1741,38,0
64,5,16,6,9,1,1,8614,0,50,1
64,2,9,0,0,1,0,0,0,22,0
18,2,7,4,5,1,1,0,0,40,0
25,2,14,4,9,3,0,0,0,40,0
25,2,9,4,2,2,1,0,0,40,0
48,5,9,2,0,5,0,0,0,40,1
31,2,9,4,2,2,1,0,0,50,0
43,2,9,2,5,0,1,0,0,40,0
21,2,10,4,5,3,1,0,0,40,0
38,2,10,0,2,1,1,0,0,40,0
34,2,16,4,3,1,0,0,0,40,0
38,5,13,2,9,5,0,0,0,21,1
37,5,9,3,7,4,0,0,0,20,0
46,0,13,2,9,0,1,7688,0,45,1
50,3,10,2,3,0,1,7298,0,45,1
26,2,9,2,12,0,1,0,0,40,0
41,4,14,4,11,1,0,0,0,30,0
38,2,9,0,7,4,0,0,0,48,0
64,1,9,6,0,1,0,0,0,35,1
43,0,15,2,3,0,1,0,0,60,0
46,2,9,2,0,5,0,3103,0,52,1
39,2,9,4,7,1,0,0,0,25,0
43,2,14,4,3,1,0,0,0,25,0
38,5,13,2,3,0,1,0,0,37,0
24,2,9,5,7,1,0,0,0,55,0
50,4,6,0,11,1,0,0,0,50,0
46,2,13,2,3,0,1,0,1902,50,1
46,2,6,2,5,0,1,0,0,45,0
77,3,16,2,4,0,1,20051,0,40,1
30,2,10,4,3,1,1,4416,0,40,0
55,2,11,2,2,0,1,0,0,50,1
38,2,9,0,11,4,1,0,0,46,0
40,2,9,4,0,1,0,0,0,45,0
51,2,14,4,9,1,1,27828,0,40,1
42,0,13,2,3,0,1,7298,0,50,1
39,2,9,4,7,1,0,0,0,47,0
46,2,10,2,2,2,1,0,0,40,0
30,5,9,2,10,0,1,0,0,40,1
52,2,13,2,11,5,0,15024,0,60,1
41,1,9,2,2,0,1,0,0,40,0
32,2,15,4,9,1,1,0,0,40,0
60,2,9,2,11,0,1,7298,0,65,1
53,4,6,3,13,1,1,0,0,99,0
36,1,10,2,2,0,1,0,0,40,0
60,2,13,2,9,0,1,7688,0,40,1
46,2,10,0,0,4,0,0,0,40,0
36,2,13,2,3,0,1,5178,0,40,1
60,2,9,0,7,4,0,0,0,38,0
50,2,11,2,7,0,1,0,0,55,0
33,2,13,2,9,0,1,0,0,45,0
36,2,13,2,9,0,1,0,0,40,1
29,2,9,0,7,1,1,10520,0,40,1
23,1,9,4,4,1,1,0,0,40,0
24,2,11,4,6,3,1,0,0,40,0
19,2,9,4,4,3,1,0,0,30,0
27,2,13,2,11,0,1,0,0,55,0
59,3,9,2,11,0,1,0,0,50,1
51,1,13,2,3,0,1,0,0,50,1
53,2,6,2,2,0,1,0,0,40,0
32,5,13,2,3,5,0,0,0,40,1
20,2,5,4,5,3,1,0,0,28,0
34,2,9,0,3,4,0,0,0,50,0
35,2,9,0,0,4,0,0,0,40,0
37,2,9,2,6,0,1,0,0,40,0
23,2,9,4,2,1,1,0,0,40,0
23,2,13,4,7,3,0,0,0,25,0
29,2,9,0,6,4,1,0,0,56,0
65,2,9,6,2,1,1,1848,0,40,0
50,0,9,2,12,0,1,7298,0,50,1
24,2,9,4,0,1,0,0,2001,37,0
38,1,13,4,9,1,0,0,0,40,0
74,3,10,2,3,0,1,20051,0,25,1
36,2,10,2,2,0,1,0,0,40,0
42,2,10,4,12,1,1,0,0,33,0
49,2,10,0,5,3,1,0,0,40,0
22,2,9,4,2,3,1,2907,0,40,0
84,3,10,2,11,0,1,0,0,35,1
34,1,9,2,2,0,1,0,0,40,0
36,2,12,2,11,5,0,0,0,40,0
29,2,13,4,3,1,0,0,0,55,0
32,1,10,3,9,1,1,0,0,50,0
27,5,15,4,9,1,1,0,0,70,0
50,5,14,0,9,4,0,0,0,40,0
30,2,12,3,0,4,0,0,0,45,0
40,2,9,2,3,0,1,0,0,40,1
46,2,9,0,11,1,0,0,0,40,0
39,2,10,4,7,3,0,0,2205,40,0
49,2,14,3,10,1,1,0,0,40,0
43,2,10,5,7,4,0,0,0,36,0
39,0,10,4,3,4,0,0,0,40,0
43,4,13,2,4,0,1,0,0,70,1
43,2,3,5,7,2,0,0,0,40,0
18,2,7,4,9,3,0,0,0,16,0
35,4,12,2,2,0,1,0,0,40,0
25,2,9,4,7,1,1,0,0,40,0
50,0,13,2,3,0,1,0,0,40,0
50,5,9,2,9,0,1,0,0,48,1
53,0,13,2,10,0,1,0,0,40,1
45,2,12,0,3,4,1,0,0,40,0
81,2,2,2,9,0,1,0,0,15,0
27,2,10,2,4,0,1,0,0,80,0
49,2,9,2,7,0,1,0,0,40,0
22,2,9,4,0,3,0,0,0,40,0
42,2,13,2,3,0,1,7688,0,40,1
18,2,9,4,0,3,1,0,0,20,0
46,2,10,2,11,0,1,0,1977,60,1
26,2,13,4,2,2,1,0,0,40,0
73,4,9,2,11,5,0,0,0,25,0
42,2,12,0,2,1,1,0,0,40,0
39,4,15,2,9,0,1,0,1977,50,1
55,3,9,5,11,1,0,0,0,60,0
20,2,8,4,0,3,0,0,0,20,0
20,2,9,4,5,3,1,0,0,40,0
29,4,10,5,0,4,0,0,0,50,0
68,2,14,4,9,1,0,3273,0,40,0
34,2,9,5,0,1,1,0,0,40,1
42,4,13,2,2,0,1,15024,0,60,1
35,2,13,2,11,0,1,0,0,40,1
21,2,11,4,7,1,0,0,0,50,0
18,2,9,4,11,3,0,0,1602,20,0
32,2,9,0,0,3,0,0,0,40,0
36,2,10,0,11,4,0,0,0,40,0
35,2,13,2,11,0,1,7688,0,60,1
57,2,9,0,0,2,0,0,0,40,0
27,2,13,2,6,0,1,0,1887,60,1
28,0,13,4,3,1,1,0,0,40,0
45,2,13,2,13,0,1,0,0,40,1
62,0,9,6,0,4,0,0,0,40,0
19,2,10,4,11,3,0,0,0,25,0
61,2,9,0,11,4,0,0,2754,25,0
36,4,14,4,11,1,1,10520,0,45,1
41,2,10,2,0,5,0,0,0,40,1
44,2,9,4,3,1,1,0,1564,55,1
45,5,10,2,10,0,1,0,0,40,1
22,2,9,4,6,2,1,0,0,1,0
29,2,7,0,2,1,1,0,0,52,0
46,5,14,4,9,1,0,0,0,40,0
22,2,7,4,0,1,1,0,0,40,0
64,2,10,6,0,4,0,0,0,12,0
18,2,9,4,13,3,1,0,0,18,0
26,2,9,4,0,4,0,0,0,40,0
74,5,16,4,9,2,0,0,3683,20,1
37,5,14,2,9,0,1,0,0,60,1
22,1,13,4,9,1,0,0,0,35,0
72,2,10,2,9,0,1,3471,0,20,0
45,2,10,2,0,5,0,0,1902,20,1
39,4,13,2,3,0,1,0,0,50,0
23,2,13,2,11,0,1,0,0,45,0
20,2,10,4,11,3,1,0,0,20,0
52,2,10,0,13,1,1,0,0,84,0
21,2,9,4,7,3,0,0,0,40,0
30,3,9,0,0,4,0,0,0,40,0
32,2,7,2,3,0,1,0,0,55,0
33,2,5,4,7,1,1,0,0,45,0
34,2,13,2,9,0,1,0,0,40,0
38,2,14,4,3,1,0,0,0,40,1
35,2,9,2,7,5,0,0,0,16,1
60,1,9,2,7,0,1,0,0,40,0
27,2,11,2,2,0,1,0,0,40,0
28,2,13,4,12,1,1,0,0,45,0
45,4,13,2,3,0,1,0,0,40,0
35,2,7,4,2,3,1,6849,0,40,0
38,4,9,2,5,0,1,0,0,40,1
31,2,9,4,2,3,1,0,0,40,0
30,2,9,2,2,0,1,0,1848,40,1
34,4,4,4,5,4,1,0,0,10,0
21,2,10,4,11,4,0,0,0,35,0
43,2,10,0,6,4,0,0,0,40,0
55,0,13,4,9,1,0,0,0,40,0
26,2,9,0,11,1,1,0,0,40,0
85,2,9,6,11,4,1,0,0,35,0
43,2,11,2,4,0,1,0,0,40,1
23,2,13,2,7,0,1,0,0,20,0
28,2,4,2,2,0,1,0,0,40,0
53,2,10,2,3,0,1,0,0,60,1
48,2,14,2,13,0,1,0,0,55,1
31,2,13,4,11,1,1,0,0,48,0
17,2,7,4,8,3,0,0,0,24,0
45,2,13,0,0,4,0,4687,0,35,1
52,2,9,2,4,0,1,0,0,49,0
35,2,15,2,9,0,1,0,0,55,1
43,1,14,2,3,0,1,0,1902,50,1
42,2,14,4,9,1,1,0,0,50,0
63,3,6,2,4,0,1,0,0,50,0
30,4,15,2,9,0,1,0,0,55,0
64,0,9,2,9,0,1,0,0,8,0
32,2,9,2,10,0,1,0,0,90,0
28,2,10,4,7,4,0,0,0,35,0
37,1,11,2,10,0,1,0,0,40,1
25,2,9,4,0,3,0,0,0,40,0
46,1,11,2,3,0,1,0,0,40,1
28,2,13,4,5,3,1,0,0,40,0
28,0,9,2,0,0,1,0,0,40,0
40,5,13,2,9,0,1,0,0,60,1
35,2,10,0,3,4,1,0,0,60,0
56,2,13,2,0,0,1,0,0,45,1
45,2,9,0,2,4,1,0,0,44,0
25,1,13,4,9,1,1,0,0,40,0
39,5,13,4,9,1,0,0,0,40,0
37,2,10,6,2,4,1,0,0,40,0
33,2,15,2,9,0,1,0,0,60,1
28,2,13,2,9,0,1,0,0,40,0
68,1,9,6,0,1,0,0,0,33,0
34,5,6,2,2,0,1,0,0,40,1
21,2,10,4,11,3,0,0,0,35,0
49,2,10,0,12,4,0,0,0,35,0
50,2,10,6,3,4,0,0,0,40,0
68,2,13,2,11,0,1,0,0,30,0
33,2,6,2,7,0,1,0,0,80,0
36,2,9,2,6,0,1,0,0,60,0
43,2,13,2,3,0,1,0,1902,40,1
39,2,9,2,2,0,1,0,0,35,0
56,1,10,2,0,5,0,0,0,15,0
42,1,13,5,3,1,1,0,0,45,1
23,2,10,4,11,3,0,0,0,40,0
21,2,10,4,11,1,1,0,0,40,0
32,2,13,2,3,0,1,0,0,40,0
24,0,10,4,3,3,1,0,0,40,0
34,2,9,2,2,0,1,0,0,50,1
34,2,9,4,6,4,0,0,0,40,0
55,2,6,2,7,5,0,0,0,40,0
56,1,9,2,7,0,1,0,0,40,0
56,5,13,2,3,0,1,0,0,40,0
36,2,7,2,0,0,1,0,0,40,0
33,2,9,2,2,0,1,0,0,40,0
19,2,9,4,5,1,0,0,0,37,0
67,0,13,6,0,1,0,0,0,40,0
38,2,10,0,12,4,0,0,0,50,0
22,2,10,2,11,0,1,0,0,45,0
33,2,14,2,9,0,1,0,0,45,1
18,2,3,4,5,2,1,0,0,30,0
26,1,13,4,9,1,0,0,0,40,0
45,2,7,2,2,0,1,0,0,40,0
51,1,13,2,9,0,1,0,0,26,0
40,2,10,2,11,5,0,0,0,40,1
22,2,13,4,11,1,0,0,0,40,0
26,2,13,4,0,3,0,0,0,40,0
59,2,9,4,2,2,0,0,0,35,0
29,2,11,4,0,1,0,0,0,40,0
33,2,9,2,6,0,1,0,1848,48,1
41,4,9,2,7,5,0,0,0,20,0
26,2,13,4,11,1,0,0,0,40,0
42,2,13,2,3,0,1,0,0,40,1
40,2,7,2,13,0,1,0,0,55,0
24,2,13,4,2,3,1,0,0,40,0
52,2,9,0,11,1,0,0,0,40,0
49,3,13,2,11,0,1,99999,0,40,1
47,0,13,2,10,0,1,0,0,45,1
33,2,9,5,0,1,0,0,0,40,0
43,2,10,0,0,1,0,0,0,40,0
43,2,10,2,11,0,1,0,0,40,0
18,2,7,4,6,3,1,0,0,40,0
34,1,13,2,3,0,1,0,0,45,0
29,2,9,2,2,0,1,0,0,50,0
39,5,9,0,7,4,0,0,0,40,0
34,2,9,2,2,0,1,0,0,55,1
34,2,3,4,5,3,1,0,0,40,0
46,2,14,4,3,4,1,0,0,40,0
64,5,13,2,2,0,1,0,0,45,1
35,2,11,4,12,1,1,0,0,40,0
44,4,15,2,9,0,1,0,0,50,1
32,2,13,2,2,0,1,0,0,45,0
46,2,11,0,3,1,1,0,0,40,0
42,4,13,2,3,0,1,0,0,40,1
33,4,9,4,13,1,1,0,0,60,0
34,0,10,2,6,0,1,0,0,52,0
22,2,7,4,11,4,0,0,0,30,0
42,2,9,0,5,1,0,0,0,40,0
32,2,9,2,5,0,1,2829,0,40,0
27,2,9,2,4,0,1,0,0,40,0
66,3,9,6,3,1,1,0,0,86,1
49,2,9,2,11,0,1,0,0,48,1
21,2,9,4,0,3,0,0,0,35,0
55,1,16,4,9,1,0,0,0,60,0
42,2,13,2,0,0,1,0,0,55,1
34,2,10,2,3,5,0,0,0,45,1
28,2,13,2,11,0,1,0,0,60,1
55,1,9,2,13,0,1,0,0,40,0
46,1,9,2,13,0,1,0,0,40,0
25,2,7,4,6,3,0,0,0,40,0
36,4,13,4,2,3,1,0,0,40,0
36,2,13,4,9,1,1,99999,0,45,1
50,5,13,2,3,0,1,0,0,40,1
26,2,9,2,9,0,1,0,0,40,0
44,5,11,2,10,0,1,0,0,50,1
62,2,9,6,7,1,0,0,0,40,0
47,2,11,2,2,0,1,0,0,40,1
46,2,10,2,0,0,1,0,0,40,0
32,2,13,4,3,1,1,13550,0,48,1
21,2,9,4,3,2,0,0,0,40,0
24,2,9,4,5,3,0,0,0,48,0
25,2,9,2,2,3,1,0,0,40,0
47,2,10,2,3,0,1,0,0,55,1
30,0,13,4,3,2,0,0,0,45,0
38,5,13,2,10,0,1,0,0,52,0
63,2,13,6,7,2,0,0,0,20,0
28,2,7,4,6,1,1,0,0,40,0
35,2,9,0,3,4,0,0,0,50,0
50,2,9,2,13,0,1,0,0,40,1
34,2,9,0,8,4,0,0,0,30,0
34,2,10,4,5,1,1,0,0,40,0
53,4,15,0,9,1,1,0,0,60,1
58,2,9,2,0,0,1,0,0,45,1
46,2,13,2,2,0,1,0,0,40,1
26,1,9,2,2,3,1,0,0,40,0
22,2,10,4,5,3,0,0,0,13,0
49,0,9,0,0,4,0,0,0,40,0
27,3,10,4,0,3,0,0,0,45,0
58,2,4,4,5,1,0,0,0,33,0
26,2,12,2,2,0,1,5013,0,50,0
27,2,9,0,2,4,0,0,0,32,0
54,2,9,2,3,0,1,0,1902,55,1
52,1,10,2,10,0,1,0,0,40,1
18,2,9,4,6,1,1,0,0,40,0
32,5,13,2,10,0,1,0,1887,45,1
23,2,4,2,5,2,0,0,0,30,0
53,1,14,6,9,4,0,0,1669,35,0
26,2,13,4,11,3,1,0,0,45,0
88,4,15,2,9,0,1,0,0,40,0
32,2,9,2,11,0,1,0,0,40,0
20,2,10,4,5,3,1,0,0,12,0
60,2,10,2,11,0,1,7298,0,40,1
19,2,7,4,0,4,0,0,0,15,0
35,2,9,2,6,0,1,0,0,40,0
64,4,9,2,11,0,1,0,0,5,0
43,4,9,2,0,5,0,0,0,20,1
65,2,10,2,10,0,1,0,0,40,0
71,4,13,2,11,0,1,0,0,20,0
57,2,13,2,9,0,1,3103,0,40,1
63,2,13,2,11,0,1,7298,0,40,1
53,2,10,2,12,0,1,0,0,40,0
32,2,4,4,8,1,0,0,0,15,0
42,4,9,2,11,0,1,3908,0,45,0
45,2,11,4,7,4,0,0,0,40,0
49,2,12,6,11,1,0,0,0,40,0
54,2,3,3,6,4,1,0,0,40,0
43,2,10,0,12,3,0,0,1617,72,0
59,2,9,2,13,0,1,0,0,40,1
56,4,14,2,3,0,1,0,0,25,0
36,1,13,0,9,4,0,0,0,52,0
27,5,13,4,0,1,0,0,0,40,0
39,3,10,2,0,5,0,0,0,20,1
52,2,11,2,2,0,1,0,1902,40,1
25,2,9,2,5,0,1,0,0,40,0
19,4,10,4,7,3,0,0,0,24,0
22,2,9,4,11,1,1,0,0,40,0
22,2,10,4,5,3,1,0,0,10,0
25,1,14,4,9,3,0,0,0,40,0
34,2,10,2,7,5,0,0,0,30,0
23,2,10,2,11,3,0,0,0,16,0
26,2,9,4,2,4,0,0,0,40,0
21,2,10,4,11,3,0,0,0,15,0
45,2,10,4,6,3,1,0,0,40,0
58,2,10,4,13,1,1,0,0,20,0
22,2,10,4,6,3,0,0,0,30,0
27,2,8,4,6,1,1,0,0,45,0
31,2,11,4,0,4,0,0,0,40,0
23,2,9,4,2,3,1,0,0,40,0
32,2,10,2,3,0,1,0,0,70,0
46,2,9,2,0,0,1,0,0,58,1
41,0,10,4,10,3,1,0,0,40,0
26,2,6,4,2,1,1,0,0,55,0
32,2,10,4,12,1,1,0,0,40,0
33,2,13,2,3,0,1,0,0,55,1
39,5,13,2,9,0,1,0,0,45,1
30,2,9,5,7,2,1,0,0,28,0
46,2,3,6,6,4,0,0,0,40,0
46,2,9,3,6,1,1,0,2258,50,0
55,2,16,2,9,0,1,0,0,40,1
39,2,15,2,9,5,0,7688,0,60,1
23,2,6,2,4,0,1,0,0,40,0
52,2,6,2,5,0,1,0,0,45,0
54,2,11,2,11,0,1,0,0,50,0
30,2,11,4,0,1,0,0,0,40,0
62,2,4,0,5,1,1,0,0,40,0
59,2,10,0,9,4,1,0,0,40,0
37,2,9,2,11,0,1,0,0,50,0
25,2,10,4,7,1,1,0,0,40,0
54,1,10,2,4,0,1,0,0,40,0
46,2,10,2,2,0,1,3103,0,60,1
20,2,9,4,11,3,1,0,0,40,0
47,2,13,2,3,0,1,0,0,50,0
28,2,10,0,12,1,1,0,0,24,0
35,2,13,2,9,5,0,15024,0,35,1
30,2,7,2,11,0,1,0,0,40,0
42,2,3,5,5,4,0,0,0,40,0
33,2,12,4,7,1,1,0,0,60,0
37,2,13,0,3,1,0,0,0,40,1
68,2,9,6,2,1,0,3273,0,42,0
54,2,9,2,2,0,1,5178,0,40,1
50,5,14,0,9,1,1,0,0,60,1
35,2,11,2,7,5,0,0,0,40,1
62,2,2,2,8,5,0,0,0,30,0
62,1,14,0,9,1,0,10520,0,33,1
56,3,10,2,3,0,1,0,1672,40,0
60,3,14,6,0,1,0,0,0,25,0
31,2,10,4,0,1,1,0,0,40,0
41,5,10,4,4,1,1,0,0,40,0
27,2,13,2,9,5,0,0,0,90,1
34,1,13,2,13,0,1,0,0,40,1
24,2,8,2,6,0,1,0,0,40,0
34,2,13,2,3,0,1,0,0,50,1
29,5,10,2,3,0,1,3103,0,40,1
32,2,11,0,7,4,0,0,0,40,0
22,2,9,2,4,0,1,0,0,45,0
23,2,9,5,6,4,1,0,0,54,0
27,2,15,0,9,1,0,0,0,12,0
55,1,13,2,9,5,0,0,0,60,0
35,4,10,5,4,1,1,4101,0,60,0
41,2,10,0,12,1,0,0,0,40,0
26,2,14,4,3,1,1,0,0,48,0
29,2,9,0,11,1,1,0,0,40,0
41,2,8,2,7,5,0,0,0,10,0
35,2,10,2,11,0,1,0,0,48,1
54,2,10,2,9,0,1,7298,0,38,1
17,2,5,4,5,2,1,0,0,40,0
59,2,4,4,4,4,1,4865,0,40,0
47,2,10,5,13,4,1,0,0,50,1
46,2,9,0,2,1,1,0,0,40,0
53,4,5,2,4,0,1,0,0,70,0
49,3,13,2,11,0,1,0,0,55,1
63,1,4,2,7,0,1,0,0,55,0
22,2,13,4,11,3,1,0,0,15,0
24,2,13,4,0,2,0,0,0,16,0
31,2,9,2,6,0,1,0,0,40,1
48,5,14,5,9,1,1,0,0,60,0
60,2,11,6,0,1,1,0,0,40,0
41,2,13,4,12,1,1,0,0,40,0
39,1,10,4,0,1,0,2202,0,44,0
34,2,10,2,0,0,1,0,0,40,0
51,4,13,2,3,0,1,0,1672,70,0
47,4,11,2,11,0,1,0,0,40,1
27,2,10,4,2,1,1,0,0,40,0
50,2,10,2,13,0,1,0,0,40,1
21,2,9,4,10,1,1,0,0,40,0
18,2,8,4,11,3,0,0,0,20,0
21,2,10,4,0,3,1,0,0,10,0
49,2,5,2,5,0,1,3781,0,40,0
26,2,7,4,2,1,1,0,0,40,0
35,2,9,0,7,4,0,0,1594,40,0
17,2,5,4,7,3,0,0,0,35,0
21,1,10,4,0,4,1,0,0,36,0
42,2,7,2,6,0,1,0,0,40,0
17,2,8,4,7,3,0,0,0,30,0
30,3,10,2,3,0,1,0,1902,40,1
62,2,13,2,9,0,1,3103,0,40,1
27,2,13,2,12,5,0,0,0,40,1
53,2,13,2,9,0,1,0,0,80,0
49,2,9,2,2,0,1,0,0,40,1
24,2,13,4,9,1,1,0,0,35,0
36,4,9,0,13,1,1,0,0,60,0
24,2,11,2,6,0,1,0,0,45,0
39,1,9,2,2,0,1,0,0,40,1
25,2,13,4,0,3,0,0,0,40,0
25,2,7,2,13,0,1,0,0,40,0
20,2,9,4,7,3,0,0,0,40,0
20,2,9,4,11,4,1,0,0,45,0
45,4,10,2,3,0,1,0,0,80,0
50,2,14,2,3,0,1,0,0,50,1
33,2,13,2,3,0,1,0,0,45,1
27,4,10,2,3,0,1,0,0,45,1
48,2,9,0,13,2,1,0,0,60,0
25,2,13,4,9,1,1,0,0,20,0
29,2,13,2,11,0,1,0,0,45,1
80,2,9,6,7,1,1,0,0,15,0
43,2,5,0,5,4,0,0,0,40,0
30,2,9,2,5,0,1,0,0,40,0
42,4,10,2,4,0,1,0,0,70,0
27,4,9,2,2,0,1,0,0,60,1
34,1,11,2,7,0,1,0,0,40,1
26,2,13,4,0,1,0,0,0,40,0
26,2,13,4,11,1,1,0,0,48,0
35,2,9,4,7,1,0,0,0,40,0
29,2,6,2,2,0,1,0,0,25,0
47,2,10,2,7,0,1,0,0,10,0
29,2,9,2,7,0,1,0,0,35,0
61,2,9,0,7,1,0,0,0,40,0
25,2,5,2,5,0,1,0,0,40,0
18,2,7,4,5,3,1,0,0,23,0
49,2,10,2,9,0,1,0,0,40,1
32,4,8,2,2,0,1,0,0,40,0
45,2,9,0,6,1,0,0,0,45,0
63,2,9,2,2,0,1,0,0,40,0
31,2,11,4,0,1,0,0,0,40,0
49,2,13,2,9,0,1,5013,0,45,0
38,2,13,2,0,0,1,0,0,56,0
51,1,12,0,0,4,0,0,0,40,0
46,2,9,2,2,0,1,0,0,60,0
44,2,9,2,0,5,0,0,0,38,0
53,2,7,2,2,0,1,0,0,45,0
26,2,9,4,7,3,0,0,0,40,0
29,1,9,5,10,2,0,0,0,40,0
21,2,10,4,7,1,0,0,0,25,0
21,2,9,4,6,3,1,0,0,40,0
34,2,9,2,2,0,1,0,0,45,0
43,2,14,2,9,0,1,0,0,50,1
49,4,10,2,4,0,1,0,0,60,0
42,2,9,2,13,0,1,0,0,50,0
46,2,10,3,11,4,0,0,0,40,0
36,2,9,4,5,1,1,0,0,40,0
60,2,14,0,9,2,1,0,0,40,0
17,2,7,4,11,3,0,0,0,35,0
25,2,9,4,11,3,1,0,0,35,0
18,2,10,4,11,3,0,0,0,10,0
33,2,16,2,9,0,1,15024,0,50,1
34,1,14,2,9,0,1,0,0,40,0
34,2,10,5,7,4,0,0,0,37,0
50,1,10,2,3,0,1,0,0,50,1
33,2,9,5,5,1,1,0,0,40,0
32,2,11,2,7,0,1,0,0,40,0
32,1,13,5,9,1,0,0,0,50,1
39,2,7,2,7,0,1,2407,0,70,0
28,2,15,4,9,1,1,0,0,45,0
32,2,12,2,3,0,1,0,0,60,1
19,2,9,4,4,1,1,0,0,40,0
43,4,11,2,2,0,1,0,0,40,0
34,2,7,2,5,0,1,0,0,40,0
32,2,13,2,11,0,1,0,0,40,0
27,2,10,0,0,4,0,0,0,44,0
23,2,13,4,11,1,0,0,1741,50,0
33,2,10,4,0,1,1,0,0,49,0
67,5,13,2,9,0,1,0,0,12,0
17,2,6,4,7,3,0,0,0,10,0
49,2,10,2,6,0,1,0,0,43,0
43,3,9,4,9,4,0,0,0,35,0
35,2,14,2,3,0,1,0,0,40,0
52,3,14,2,3,0,1,15024,0,60,1
48,4,9,0,2,1,1,0,0,60,1
26,2,9,4,10,4,1,0,0,44,0
29,2,9,2,13,0,1,0,0,55,0
51,2,10,2,11,0,1,0,0,40,0
17,1,7,4,11,3,1,0,0,20,0
31,5,12,4,0,3,0,0,0,45,0
39,2,13,0,3,1,0,13550,0,50,1
64,2,9,2,2,0,1,0,0,40,0
52,2,13,2,2,0,1,0,0,50,1
50,2,12,2,3,0,1,0,0,50,1
23,2,10,4,0,1,0,0,0,40,0
52,2,9,0,0,4,0,0,0,40,0
32,2,10,0,3,1,0,0,0,38,0
39,4,13,2,7,0,1,0,0,60,0
51,2,9,2,2,0,1,0,0,40,0
36,2,10,4,13,1,1,0,0,50,0
50,2,13,0,3,4,0,0,0,40,1
61,2,14,2,9,0,1,0,0,18,0
26,2,9,5,2,4,0,0,1594,40,0
24,2,9,4,5,1,1,0,0,20,0
39,2,9,2,6,0,1,0,0,40,1
52,2,10,2,11,0,1,0,0,40,0
23,2,10,4,11,1,0,0,0,38,0
58,3,10,2,3,0,1,0,0,65,1
31,2,9,0,0,1,0,0,0,40,0
55,2,9,2,11,5,0,0,0,40,1
38,1,9,2,13,0,1,0,0,40,1
47,2,9,4,4,1,1,0,0,40,0
50,2,9,2,2,0,1,3103,0,40,1
25,2,13,4,0,3,1,0,0,35,0
25,2,9,4,13,3,1,0,0,70,0
42,2,10,0,2,4,1,0,0,30,0
37,3,13,0,11,1,0,0,0,60,0
21,5,10,4,7,1,0,0,0,16,0
31,2,10,2,11,0,1,0,0,44,1
29,2,14,2,3,0,1,0,0,40,1
56,5,9,6,0,4,0,0,0,40,0
24,2,9,4,7,3,1,0,0,40,0
29,1,14,4,9,1,1,0,0,45,0
50,2,6,2,7,0,1,0,0,8,0
40,2,15,4,3,1,0,0,0,40,0
20,2,10,4,11,3,1,1055,0,30,0
47,4,9,2,2,0,1,0,0,35,0
49,4,9,2,4,0,1,0,0,60,0
49,2,11,4,3,4,0,0,0,35,0
54,4,9,2,4,0,1,0,0,60,1
58,1,14,2,9,0,1,0,0,40,1
25,2,10,4,13,3,1,0,0,40,0
25,2,9,2,2,0,1,0,0,48,0
48,0,14,2,9,0,1,0,0,40,1
34,4,13,2,9,0,1,0,1887,48,1
17,2,7,4,7,2,0,0,0,20,0
49,2,14,2,3,0,1,0,0,45,1
18,2,9,4,0,3,0,0,0,20,0
49,2,9,0,13,1,1,0,0,40,0
19,2,9,4,2,1,1,0,0,49,0
36,2,12,0,9,4,0,0,0,36,0
28,2,13,2,3,0,1,0,0,45,0
25,2,15,4,9,1,0,0,0,8,0
49,2,12,2,9,0,1,0,0,45,1
25,2,9,4,2,3,1,0,0,40,0
34,2,13,2,3,0,1,15024,0,60,1
60,2,10,4,9,4,1,0,0,40,1
90,2,12,4,3,1,1,6097,0,45,1
29,2,9,2,2,0,1,0,0,40,0
33,1,14,2,9,5,0,7688,0,35,1
35,5,9,2,2,0,1,0,0,40,0
38,2,14,2,3,0,1,0,1977,60,1
23,2,9,4,12,3,1,0,0,50,0
26,2,9,2,0,0,1,0,0,40,0
36,2,9,4,0,1,0,3325,0,40,0
33,2,9,2,3,5,0,0,0,42,1
55,3,9,2,13,0,1,0,0,60,0
26,2,13,4,13,3,1,0,0,20,0
36,3,10,2,11,5,0,0,1902,15,1
29,2,9,0,2,1,1,0,0,60,0
24,2,9,4,0,3,0,0,0,40,0
42,4,15,2,9,0,1,0,0,50,1
48,2,9,0,0,1,0,0,0,37,0
22,2,10,4,11,1,1,0,0,20,0
23,4,7,4,2,3,1,0,0,50,0
22,0,10,4,12,3,1,0,0,20,0
25,2,14,4,9,3,1,0,0,35,0
32,2,13,2,11,0,1,0,0,40,1
25,2,2,4,8,1,0,0,0,40,0
42,2,9,6,9,1,1,0,0,40,1
35,2,10,4,3,1,1,13550,0,60,1
24,5,10,4,7,1,1,0,0,40,0
25,1,9,4,7,3,1,0,0,40,0
63,2,9,2,2,0,1,0,0,40,1
51,2,12,2,3,0,1,0,0,45,0
35,0,9,4,0,1,1,0,0,40,0
40,2,12,0,3,1,1,0,0,40,1
21,2,2,2,7,2,1,0,0,40,0
35,2,10,0,11,4,0,0,0,36,0
68,4,9,2,4,0,1,0,0,20,0
33,2,9,2,6,0,1,0,0,40,0
35,5,10,0,12,4,0,0,0,40,0
60,2,16,5,8,4,0,0,0,30,0
51,2,16,2,9,0,1,15024,0,60,1
32,2,9,2,5,5,0,3908,0,40,0
48,2,9,2,6,0,1,4386,0,40,1
57,1,14,2,9,0,1,0,0,60,0
22,2,11,4,12,3,0,0,0,36,0
34,2,9,5,7,1,0,0,0,40,0
37,2,9,5,2,1,1,0,0,50,0
20,2,9,4,7,3,1,0,0,40,0
59,2,9,2,11,0,1,0,0,48,0
27,4,10,2,4,0,1,0,0,50,0
33,4,10,2,2,0,1,7298,0,56,1
45,1,14,2,9,0,1,0,0,50,1
21,2,9,4,11,3,1,0,0,40,0
43,3,12,2,3,0,1,0,0,50,0
36,5,10,4,3,4,0,0,0,40,0
60,2,4,2,6,5,0,0,0,40,0
34,1,14,4,9,1,0,0,0,50,0
39,2,3,2,5,0,1,0,0,40,0
22,2,9,5,0,4,0,0,0,40,0
27,2,9,4,0,4,0,0,0,40,0
23,2,5,4,5,2,1,0,0,39,0
17,2,7,4,7,3,1,0,0,20,0
35,2,9,5,7,1,0,0,0,40,0
19,2,10,4,11,3,0,0,0,25,0
52,0,9,4,0,1,1,0,0,40,0
31,2,13,4,9,1,0,0,0,40,0
25,2,10,3,11,4,0,0,0,40,0
48,5,16,2,9,5,0,0,1902,46,1
25,2,9,4,7,1,1,0,0,40,0
41,5,14,2,9,0,1,0,0,40,1
34,2,9,2,5,5,0,0,1672,40,0
46,2,9,0,13,1,1,0,0,54,0
43,2,13,2,3,0,1,0,0,50,1
47,3,9,2,3,0,1,0,0,42,1
49,1,9,2,2,0,1,0,0,40,0
45,4,7,2,2,0,1,0,0,35,0
27,2,10,4,11,4,1,0,0,50,0
44,2,9,0,11,1,1,3674,0,50,0
28,5,10,5,0,4,0,0,0,50,0
56,4,13,4,9,1,1,0,0,20,0
40,3,15,2,9,0,1,0,2415,40,1
29,2,13,4,9,1,1,0,0,40,0
46,2,9,0,11,2,0,0,0,40,0
54,2,9,2,13,0,1,0,0,40,1
43,2,9,2,13,0,1,0,0,60,0
60,2,4,2,13,0,1,0,0,40,0
37,2,14,2,3,0,1,15024,0,60,1
20,2,10,4,11,1,1,0,0,30,0
41,2,9,0,6,1,1,0,0,40,0
27,2,9,4,5,3,1,0,0,32,0
72,2,14,4,9,1,1,2329,0,60,0
58,2,12,0,0,1,0,0,0,40,0
38,2,13,0,3,4,1,0,0,50,0
51,2,11,2,12,0,1,7298,0,40,1
21,2,6,4,2,1,1,0,0,50,0
53,2,2,0,7,4,0,0,0,40,0
22,1,10,4,0,1,0,0,0,55,0
40,2,1,4,7,1,0,0,0,20,0
52,2,13,2,3,0,1,15024,0,55,1
37,2,9,4,6,3,1,0,0,40,0
18,2,7,4,7,3,0,0,0,15,0
19,2,10,4,7,3,0,0,0,25,0
35,1,13,2,9,0,1,0,0,40,1
33,1,10,2,10,0,1,0,0,40,0
65,2,10,0,9,1,1,11678,0,50,1
31,2,10,2,7,0,1,0,1672,50,0
61,4,9,4,11,1,0,0,0,44,0
35,2,12,2,6,0,1,0,0,45,0
52,4,9,4,9,1,1,0,0,50,0
53,2,11,2,2,0,1,0,0,40,1
35,2,13,4,12,1,0,4650,0,40,0
43,2,9,2,5,0,1,0,0,40,0
20,2,10,2,11,0,1,0,0,40,0
32,3,9,2,4,0,1,0,1902,55,1
20,2,7,4,7,1,1,0,0,40,0
41,2,13,0,9,1,1,4650,0,45,0
26,2,10,4,7,1,0,0,0,35,0
40,4,12,2,3,0,1,0,0,60,0
47,2,7,4,2,4,1,0,0,40,0
35,2,9,0,0,3,0,0,0,40,0
40,3,9,2,3,0,1,0,0,40,0
25,2,9,4,6,4,0,0,0,40,0
36,2,9,2,11,0,1,0,0,40,1
25,2,13,4,3,1,1,0,0,50,0
48,4,13,5,2,1,1,0,0,50,0
25,2,12,4,2,3,1,0,0,40,0
22,2,9,4,5,3,1,0,0,40,0
24,4,10,4,9,1,1,0,0,30,1
34,2,15,2,9,0,1,0,0,55,1
33,2,13,4,11,1,1,0,1590,40,0
24,2,9,2,13,0,1,0,0,40,0
17,2,7,4,5,3,1,0,1719,18,0
54,2,9,2,6,5,0,0,0,40,1
49,2,9,4,13,4,0,1506,0,40,0
29,1,10,4,4,1,1,0,0,40,0
40,5,13,2,10,0,1,0,0,72,1
30,2,9,5,13,4,1,1506,0,80,0
46,2,3,2,7,0,1,0,0,40,0
43,2,9,2,7,0,1,0,0,60,0
21,2,10,4,11,2,0,0,0,20,0
20,5,9,4,12,3,0,0,0,24,0
43,3,9,2,2,0,1,0,0,40,0
35,2,11,2,13,0,1,0,0,99,0
36,2,13,0,12,4,1,0,0,20,0
71,4,4,2,4,0,1,0,0,50,0
50,2,11,2,4,0,1,0,0,40,1
46,2,14,4,3,1,1,4787,0,60,1
56,4,2,4,3,1,1,0,0,65,0
27,2,13,4,9,2,0,0,0,40,0
34,2,9,0,5,3,0,0,0,40,0
28,2,12,2,6,0,1,0,0,40,0
59,3,11,2,3,0,1,0,0,40,1
43,2,11,0,2,1,1,0,0,40,0
22,2,9,4,5,4,1,0,0,35,0
30,2,9,0,9,3,0,0,0,40,0
25,2,13,4,5,3,1,0,0,40,0
44,4,13,2,3,0,1,0,0,40,0
41,4,9,2,2,0,1,0,0,32,0
31,5,9,4,10,2,1,0,0,40,0
36,2,6,2,7,5,0,0,0,24,0
51,6,12,2,11,0,1,0,0,45,0
51,1,14,5,9,1,1,0,0,39,1
45,0,9,2,0,5,0,0,0,37,0
20,2,12,4,11,3,0,0,0,20,0
50,2,13,2,11,0,1,0,0,60,0
35,1,9,4,0,4,1,0,0,55,0
24,2,13,4,11,1,0,0,0,40,0
51,3,7,0,11,1,1,0,0,40,0
29,2,8,2,11,3,1,0,0,35,0
53,2,10,5,0,3,1,0,0,40,0
33,2,9,2,6,5,0,0,0,46,1
39,0,9,2,0,0,1,7688,0,52,1
47,2,9,2,11,0,1,0,0,55,0
42,2,9,0,7,1,1,0,0,40,0
55,2,10,2,6,0,1,0,0,48,1
35,2,9,0,7,4,0,0,0,21,0
26,2,9,4,2,1,1,0,0,40,0
38,2,15,2,11,5,0,0,0,40,0
30,2,9,2,3,0,1,0,0,65,1
41,1,13,5,9,4,0,0,0,40,0
41,2,15,2,11,0,1,0,0,50,0
36,2,12,2,9,0,1,0,0,48,1
50,4,9,2,11,0,1,0,0,50,0
57,4,9,6,2,1,0,0,0,38,0
32,2,9,2,2,0,1,0,0,50,0
56,2,9,4,2,1,1,0,0,40,0
20,2,10,4,7,1,1,0,0,35,0
29,2,10,2,2,0,1,0,0,40,0
36,2,7,2,2,0,1,0,0,40,0
42,2,9,2,6,0,1,0,0,45,0
36,1,10,2,13,5,0,0,0,40,0
24,2,9,2,11,0,1,0,0,45,0
53,2,10,2,3,0,1,0,0,45,1
22,2,13,4,3,3,1,0,0,45,0
26,2,13,2,3,0,1,0,0,40,0
44,2,10,5,12,1,0,0,0,38,0
21,4,10,4,0,3,1,0,0,30,0
29,2,9,2,6,0,1,0,0,40,0
52,2,9,0,5,1,1,0,0,40,0
50,4,13,2,3,0,1,15024,0,55,1
40,2,13,2,9,0,1,0,1887,40,1
56,2,9,2,0,0,1,0,0,40,0
52,2,2,2,4,0,1,0,0,56,1
38,2,14,2,3,0,1,0,0,60,1
48,2,10,2,3,0,1,0,0,40,0
38,2,9,5,6,4,0,0,0,28,0
38,2,9,2,3,0,1,0,0,50,0
41,2,9,0,3,4,0,0,0,40,0
50,2,9,2,4,0,1,0,0,60,1
22,2,9,4,11,3,1,0,0,40,0
46,2,9,2,2,5,0,5178,0,40,1
44,1,10,2,2,0,1,0,0,40,0
34,2,6,2,4,0,1,0,0,35,0
24,2,12,4,0,1,1,0,0,30,0
28,0,10,2,0,0,1,0,0,40,1
64,2,9,2,5,0,1,0,0,18,0
45,1,14,0,9,1,1,0,0,40,0
22,2,10,4,6,1,1,0,0,40,0
24,2,13,4,3,1,0,0,0,40,0
38,2,13,2,0,0,1,0,0,50,0
47,2,14,0,9,4,0,0,0,40,1
20,2,10,4,11,3,0,0,0,20,0
19,2,10,4,6,1,0,0,0,35,0
52,4,10,2,11,0,1,0,0,50,0
20,2,10,4,11,3,1,0,0,44,0
42,2,9,4,2,2,1,0,0,40,0
27,2,9,4,0,1,0,0,0,20,0
43,2,14,2,9,0,1,0,0,45,1
33,2,11,2,12,0,1,0,0,10,0
30,2,9,4,0,4,0,0,0,40,0
33,2,9,2,2,0,1,0,0,44,0
40,1,9,2,13,0,1,0,0,40,0
48,3,10,2,11,0,1,0,0,38,1
42,1,9,2,10,0,1,0,0,40,1
55,4,10,0,6,1,1,0,0,40,0
49,2,4,4,7,2,1,0,0,35,0
41,1,9,5,13,3,1,0,0,40,0
45,2,13,0,3,4,1,0,0,45,1
44,2,11,5,9,1,0,0,0,40,0
41,2,13,2,9,0,1,0,0,40,1
32,5,14,2,9,0,1,0,0,50,0
41,2,15,2,3,0,1,0,0,40,1
48,2,9,2,2,0,1,0,0,40,0
65,2,3,2,7,0,1,0,0,40,0
35,2,13,3,3,4,0,0,0,40,0
30,2,11,4,9,1,1,0,0,40,0
36,2,12,0,12,1,0,0,0,60,0
17,2,6,4,5,3,1,0,0,20,0
61,2,10,2,6,0,1,0,0,40,1
23,2,9,2,0,2,0,0,0,35,0
21,2,12,4,7,3,1,0,0,40,0
33,2,13,4,9,1,1,2202,0,50,0
46,2,4,2,2,0,1,0,0,47,0
48,5,9,2,10,0,1,0,0,40,0
32,2,9,4,0,1,1,0,0,40,0
51,2,6,2,2,0,1,0,0,50,0
37,2,13,4,2,1,1,0,0,40,0
33,2,10,4,7,4,0,0,0,40,0
43,2,9,0,6,3,1,0,0,40,0
19,2,6,4,5,2,1,0,1602,45,0
46,2,5,2,6,0,1,0,0,43,0
31,2,13,2,11,0,1,0,0,40,1
33,2,9,2,3,0,1,5013,0,40,0
38,2,13,4,0,1,0,0,0,35,0
30,1,9,2,10,0,1,0,0,40,0
61,1,10,0,2,4,1,0,0,40,0
38,2,13,2,3,0,1,0,1887,50,1
59,2,4,2,6,0,1,0,0,40,0
48,2,13,0,0,3,1,0,0,38,1
34,2,14,4,3,4,0,0,0,50,0
64,1,10,2,10,0,1,0,0,35,0
26,2,13,4,11,3,1,0,0,50,0
62,2,13,2,11,0,1,0,0,35,0
34,2,10,2,7,0,1,0,0,42,0
29,2,13,2,11,0,1,0,0,55,0
21,2,9,4,5,2,1,2176,0,40,0
72,2,9,6,8,4,0,0,0,12,0
48,2,9,2,6,0,1,0,0,40,0
52,2,13,2,6,0,1,0,0,40,0
35,1,9,2,2,0,1,0,0,40,1
27,2,5,2,2,0,1,0,0,32,0
56,2,14,2,3,0,1,0,0,50,1
41,2,9,2,11,0,1,7298,0,50,1
22,2,9,4,13,1,1,0,0,48,0
23,2,9,0,3,4,0,0,0,40,0
67,2,10,0,7,4,0,0,0,41,0
59,3,9,2,11,0,1,0,0,60,1
54,2,3,2,13,0,1,0,0,40,1
44,0,9,2,2,0,1,0,0,40,1
40,3,13,2,2,0,1,0,0,15,0
21,2,11,4,2,1,1,0,0,40,0
37,2,13,2,11,0,1,0,0,60,0
25,2,10,4,13,1,1,10520,0,50,1
33,5,16,4,9,1,1,0,0,40,0
34,2,9,2,0,0,1,0,0,45,1
38,2,9,2,3,0,1,0,0,55,1
29,1,10,4,10,3,1,0,0,48,0
20,2,10,4,5,3,1,0,0,40,0
36,2,14,2,9,0,1,0,0,50,1
38,2,13,0,3,1,1,0,0,55,1
48,2,9,2,2,0,1,0,0,40,0
19,4,10,4,4,3,1,0,0,50,0
27,2,10,2,0,0,1,0,1579,40,0
32,2,6,0,11,3,0,0,0,35,0
41,2,10,0,6,3,1,0,0,40,0
26,2,14,4,3,3,1,0,0,38,0
48,2,11,2,11,0,1,0,0,40,1
27,2,13,4,11,1,0,0,0,40,0
24,2,13,2,9,0,1,0,0,40,0
24,2,11,4,0,3,0,0,0,40,0
29,2,10,4,0,2,0,0,0,40,0
39,2,7,0,13,3,1,0,0,40,0
29,0,13,2,9,0,1,0,0,40,0
50,2,13,2,11,0,1,0,0,50,0
34,5,13,2,0,0,1,0,0,20,0
53,2,9,2,10,0,1,0,0,40,1
40,2,9,0,0,4,0,0,0,32,0
41,5,14,4,0,1,0,0,0,40,0
54,2,9,2,2,0,1,0,0,40,0
60,2,6,0,6,1,0,0,0,40,0
33,2,10,2,2,0,1,0,0,40,0
44,2,2,2,7,5,0,0,0,40,0
27,2,9,2,0,5,0,0,1887,40,1
33,0,9,2,2,0,1,0,0,40,0
57,2,9,5,11,1,0,0,0,35,0
35,2,10,2,2,0,1,0,2051,45,0
42,5,15,0,9,4,0,0,0,40,0
28,2,9,2,13,0,1,0,0,40,0
23,2,9,4,13,3,1,0,0,30,0
20,2,9,4,5,3,1,0,0,40,0
59,2,14,0,3,1,0,0,0,45,1
21,2,9,4,5,3,1,0,0,40,0
30,2,13,4,3,1,0,0,0,50,0
31,2,7,2,13,0,1,0,0,40,1
22,2,13,4,7,1,0,0,0,20,0
38,2,13,4,7,1,1,0,0,20,0
36,2,10,3,7,3,0,0,0,28,0
47,2,13,2,11,0,1,0,0,60,1
53,1,10,2,0,0,1,0,0,40,1
52,2,9,0,0,4,0,0,0,40,0
64,4,9,2,2,0,1,0,0,30,1
21,2,10,4,3,4,0,0,0,30,0
50,0,9,2,0,0,1,0,0,48,0
50,2,10,0,7,1,0,0,0,15,0
57,0,10,2,9,0,1,0,0,40,0
22,2,7,4,2,3,1,0,0,35,0
49,2,4,2,2,0,1,0,0,50,0
46,5,14,6,10,4,1,0,0,40,0
20,2,9,4,11,2,0,0,0,35,0
33,2,13,2,11,0,1,0,0,45,0
45,2,16,2,9,0,1,0,0,45,1
18,2,8,4,7,3,1,0,0,25,0
42,0,11,0,0,4,0,0,0,40,1
24,2,12,4,11,3,1,0,0,25,0
20,2,10,4,7,1,0,0,0,30,0
51,2,9,0,3,1,0,0,0,40,0
29,2,13,2,9,5,0,0,0,40,0
35,2,9,2,0,0,1,0,0,45,0
27,2,9,2,2,0,1,0,0,40,1
63,2,6,6,7,1,0,0,0,31,0
35,2,9,0,3,4,0,0,0,40,0
59,2,9,2,13,0,1,0,0,40,1
18,2,9,4,11,3,0,0,0,24,0
62,2,10,2,2,0,1,0,0,40,1
43,2,13,4,11,4,0,0,0,35,1
43,2,12,4,9,1,1,0,0,50,1
24,2,13,4,11,1,1,0,0,40,0
35,4,9,4,6,3,1,8614,0,40,1
39,0,9,2,0,0,1,0,0,40,0
41,2,13,2,9,0,1,0,0,55,1
24,2,9,2,6,0,1,0,0,42,0
41,2,10,2,2,0,1,0,0,40,0
58,3,10,2,3,0,1,0,0,50,1
29,2,12,0,11,4,0,3418,0,40,0
60,4,13,2,3,0,1,0,0,50,1
52,1,14,0,3,1,0,4787,0,60,1
40,2,6,0,13,3,1,0,0,40,0
29,2,14,4,9,1,0,0,0,50,0
31,2,9,4,7,1,0,0,0,40,0
40,2,14,2,3,0,1,0,0,50,1
39,2,10,4,3,1,1,0,0,45,0
19,2,9,4,0,1,0,0,0,40,0
54,2,14,2,11,0,1,0,0,68,1
26,2,10,2,11,5,0,0,0,40,0
20,2,10,4,9,1,0,0,0,20,0
38,2,15,2,9,0,1,0,0,60,1
23,2,13,4,12,1,0,0,0,40,0
32,2,10,2,3,0,1,15024,0,60,1
54,2,14,2,3,0,1,0,1887,44,1
30,2,9,5,0,4,0,0,0,40,0
57,2,5,2,7,5,0,0,0,38,0
50,2,13,2,0,5,0,0,0,40,1
49,2,10,2,0,0,1,0,0,40,1
47,2,9,2,3,0,1,0,0,65,0
24,2,9,0,0,1,0,0,0,32,0
24,2,9,0,3,1,0,0,0,40,0
37,2,3,2,6,0,1,0,0,40,0
30,2,13,4,9,1,1,13550,0,45,1
36,4,13,4,11,1,0,2174,0,50,0
28,5,13,4,12,3,1,0,0,20,0
22,2,9,2,11,0,1,0,0,40,0
19,2,10,4,11,3,1,0,0,25,0
54,2,9,2,3,0,1,0,0,55,1
32,5,16,4,9,1,0,0,0,70,0
17,2,8,4,0,3,0,0,0,25,0
47,2,9,0,11,4,0,0,0,45,0
25,5,13,2,7,5,0,0,0,40,0
39,2,10,2,2,0,1,0,0,50,1
50,2,13,2,9,0,1,0,1887,36,1
26,2,9,2,9,1,1,0,0,40,0
41,2,9,2,13,0,1,0,0,50,0
28,1,10,2,10,0,1,0,0,40,1
66,2,10,2,3,0,1,0,0,24,0
29,2,9,4,6,1,0,0,0,40,0
30,2,10,2,0,0,1,0,0,50,1
24,2,9,4,2,3,1,0,0,40,0
41,5,13,0,3,1,1,0,0,40,0
47,2,9,2,6,0,1,0,0,40,0
38,2,9,4,2,3,1,0,0,40,0
59,4,7,2,11,0,1,0,0,70,1
41,2,13,2,2,0,1,0,0,40,1
60,2,10,2,7,0,1,0,0,26,0
33,4,15,2,9,0,1,7688,0,50,1
38,3,15,4,11,1,0,0,0,45,0
38,0,13,2,11,0,1,7688,0,42,1
34,2,13,2,9,0,1,0,0,40,1
26,2,9,4,5,3,0,0,0,40,0
26,4,10,2,4,0,1,0,0,78,0
17,2,7,4,7,3,1,0,0,20,0
24,2,10,4,11,4,1,0,0,50,0
43,4,5,2,2,0,1,0,0,40,0
25,5,13,4,7,1,0,2597,0,50,0
32,2,13,2,12,5,0,0,0,40,1
47,4,10,0,7,1,1,0,0,30,0
41,2,10,0,3,1,0,0,0,80,0
46,2,13,0,9,4,0,0,0,40,0
37,2,11,0,11,1,0,0,0,40,0
54,2,13,2,3,0,1,0,0,60,1
58,2,13,4,9,1,0,0,0,60,0
29,2,10,2,5,0,1,3103,0,40,1
20,0,7,4,7,3,0,0,0,10,0
50,2,13,2,12,0,1,15024,0,40,1
63,2,5,6,7,1,0,0,0,20,0
42,2,3,5,0,2,1,0,0,40,0
57,2,9,4,11,4,0,0,0,40,0
35,3,13,2,3,0,1,0,0,60,1
24,2,11,4,12,3,1,0,0,40,0
31,0,9,2,0,0,1,0,0,45,1
44,2,10,2,7,3,0,0,0,40,1
39,2,10,0,0,4,0,0,0,35,0
35,2,13,5,11,1,1,0,0,50,1
22,2,13,4,9,1,0,0,0,10,0
45,2,9,2,13,0,1,0,0,40,1
47,5,9,2,10,0,1,0,0,40,0
55,2,9,6,0,1,0,0,0,40,0
20,2,9,4,2,1,1,0,0,40,0
73,2,7,2,6,0,1,0,0,15,0
26,2,9,2,2,0,1,0,0,50,0
38,4,13,2,2,0,1,0,0,35,0
27,2,9,4,0,1,0,0,0,52,0
54,2,10,2,0,5,0,0,0,40,0
45,1,10,2,9,0,1,0,1887,47,1
61,2,16,2,9,0,1,0,0,40,1
26,2,10,2,11,0,1,0,0,40,0
23,2,9,4,10,2,1,0,0,42,0
70,2,10,4,0,1,0,0,0,16,0
28,2,14,0,9,1,0,0,0,50,0
38,1,13,2,9,0,1,0,0,50,1
47,2,7,0,7,1,0,0,0,38,0
38,2,6,2,2,0,1,0,0,45,0
22,2,10,4,0,4,0,0,0,37,0
29,2,11,2,11,0,1,2885,0,40,0
33,2,12,4,0,1,0,0,0,40,0
21,2,5,4,7,3,0,0,0,50,0
23,5,12,4,0,1,0,0,0,25,0
23,2,9,4,2,1,1,0,0,30,0
42,2,10,0,3,4,0,0,0,45,0
67,1,13,2,9,0,1,0,0,10,0
26,2,13,4,0,3,1,0,0,40,0
37,2,10,2,11,0,1,0,0,50,1
23,2,13,4,9,3,0,0,0,30,0
18,2,9,4,0,1,0,0,0,40,0
28,2,9,4,5,3,1,0,0,40,0
72,2,4,2,4,0,1,0,0,35,0
22,2,9,4,3,4,1,0,0,40,0
25,2,9,4,2,2,1,0,0,40,0
24,2,10,4,11,1,1,0,0,25,0
26,2,9,4,3,1,1,0,0,40,0
66,5,9,2,6,5,0,1424,0,10,0
35,2,10,2,9,0,1,0,0,40,0
50,2,9,0,11,1,0,0,0,33,0
29,2,13,0,12,4,0,0,0,20,0
22,2,9,4,7,3,1,0,0,18,0
19,2,9,4,5,3,1,0,0,25,0
52,2,9,2,3,0,1,99999,0,40,1
52,2,14,2,3,0,1,0,0,60,1
51,2,9,4,2,4,0,0,0,45,0
47,5,10,2,0,5,0,0,0,30,0
32,2,9,5,0,4,0,0,0,40,0
56,2,9,0,13,1,1,0,0,30,0
20,2,9,4,13,3,1,0,0,30,0
38,2,12,0,0,4,0,0,0,40,0
33,4,15,2,9,0,1,0,1887,40,1
58,2,3,2,0,0,1,0,0,40,0
55,2,6,2,6,0,1,0,0,40,0
34,2,11,2,2,0,1,0,0,32,1
22,1,7,4,5,3,1,0,0,35,0
65,5,9,6,0,4,0,0,0,20,0
48,2,10,0,7,4,0,0,0,35,0
50,2,9,0,7,1,0,0,0,45,0
47,3,13,2,9,0,1,0,0,60,1
45,5,14,2,9,0,1,0,0,40,1
32,2,9,2,13,3,1,0,0,40,0
61,2,10,2,11,0,1,0,0,45,1
67,4,13,2,3,0,1,0,0,8,1
47,1,10,2,10,0,1,0,0,50,0
31,2,9,2,13,0,1,0,1848,50,1
50,2,10,2,7,0,1,0,0,40,1
25,1,9,4,2,3,1,0,0,40,0
31,2,9,4,0,3,0,0,0,40,0
23,2,10,4,11,3,0,0,0,20,0
42,2,14,4,3,1,0,4650,0,40,0
20,2,9,4,0,2,1,0,2001,30,0
48,2,6,2,3,0,1,0,0,45,1
33,2,6,2,4,0,1,0,0,40,0
20,2,10,4,3,1,0,0,0,36,0
55,1,9,2,2,0,1,4386,0,40,1
27,5,13,4,0,1,0,0,0,40,0
30,2,9,2,11,5,0,0,0,30,0
26,2,11,4,12,3,1,0,0,40,0
43,2,14,6,3,4,1,4934,0,40,1
45,2,10,2,2,2,1,0,0,40,0
26,2,9,4,13,1,1,0,0,40,0
50,1,10,2,10,0,1,7298,0,40,1
46,2,12,2,3,0,1,0,0,60,1
36,1,10,2,9,0,1,0,1887,40,1
28,2,9,2,13,0,1,0,0,50,0
34,2,9,2,13,0,1,0,0,40,0
58,2,10,2,11,0,1,3103,0,25,1
53,5,14,2,9,0,1,0,0,36,1
18,1,6,4,10,3,0,0,0,6,0
28,5,14,2,3,0,1,0,0,40,0
41,2,9,2,2,0,1,0,0,40,0
23,2,13,4,11,3,0,0,0,40,0
43,5,13,0,9,4,0,1506,0,36,0
42,1,9,0,3,4,1,0,0,40,0
22,4,10,4,11,3,1,0,0,20,0
22,1,13,4,9,1,1,0,0,40,0
45,2,9,2,7,0,1,0,0,40,0
21,5,10,4,0,3,0,0,0,12,0
23,2,12,4,7,3,1,0,0,60,0
24,2,13,2,11,0,1,0,0,40,0
55,2,9,0,8,1,0,0,0,40,0
21,2,9,4,5,3,1,0,0,36,0
47,2,9,0,12,4,0,0,0,55,0
54,2,13,0,3,4,1,0,0,45,1
41,2,9,0,13,1,1,0,0,40,0
38,1,10,2,10,0,1,0,0,72,0
31,2,9,2,0,5,0,0,0,40,1
35,2,13,2,9,0,1,0,0,16,1
34,2,4,2,13,0,1,0,0,45,0
37,2,3,5,7,4,0,0,0,40,0
41,2,9,2,11,0,1,0,1848,45,1
61,4,9,2,4,5,0,22040,0,40,0
23,2,10,4,7,3,0,0,0,20,0
23,2,13,4,11,3,1,0,0,55,0
39,2,14,2,3,0,1,15024,0,40,1
46,2,13,0,9,1,1,0,0,45,1
45,2,9,2,2,0,1,0,0,40,0
49,2,9,5,0,4,0,0,0,35,0
28,2,9,2,2,0,1,0,0,40,0
32,2,6,2,4,0,1,0,0,35,0
50,2,11,2,7,0,1,0,0,40,0
19,2,7,4,8,1,0,0,0,35,0
35,4,9,4,11,4,0,0,0,38,0
20,2,10,4,7,3,0,0,0,24,0
25,5,13,3,5,1,0,0,1719,15,0
38,2,9,2,7,0,1,0,0,40,0
64,2,9,6,0,1,0,0,0,30,0
25,1,13,4,9,1,1,0,0,35,0
38,3,9,2,11,0,1,0,0,78,0
36,1,13,4,10,1,1,0,0,40,0
43,1,14,5,9,4,0,0,0,37,0
30,2,13,2,9,5,0,0,0,24,1
46,2,9,0,3,1,0,0,0,60,0
48,2,7,2,6,0,1,0,0,40,0
38,2,2,3,2,1,1,0,0,40,0
23,2,10,4,0,3,0,0,0,20,0
42,1,10,2,2,0,1,0,0,40,1
35,3,13,2,12,0,1,0,0,45,1
19,2,10,4,11,3,0,0,0,15,0
20,2,10,4,0,3,0,0,0,35,0
58,2,13,2,6,0,1,0,0,40,1
20,2,10,4,5,3,0,0,0,20,0
27,2,9,4,7,1,0,0,0,35,0
49,2,9,0,7,4,0,0,0,40,0
36,1,10,2,10,0,1,0,0,68,0
67,2,7,2,7,0,1,0,0,9,1
25,2,9,4,6,1,0,0,0,40,0
48,2,9,2,6,0,1,0,0,40,0
39,2,14,2,0,0,1,0,0,40,0
35,2,13,2,11,0,1,0,0,60,1
33,5,5,2,4,0,1,0,0,40,0
43,2,10,2,3,0,1,0,0,49,1
21,2,10,4,7,3,0,0,0,10,0
19,2,9,4,11,1,1,0,0,50,0
37,2,9,0,4,1,1,0,0,40,0
59,2,9,2,10,0,1,0,0,24,1
28,2,13,4,3,3,1,0,0,40,0
34,2,11,2,3,0,1,0,0,40,0
37,2,13,4,9,1,0,0,0,40,0
44,1,13,2,10,5,0,15024,0,40,1
28,2,9,4,3,3,0,0,0,40,0
24,2,13,4,11,1,0,0,0,25,0
35,1,12,2,10,0,1,0,0,52,0
65,1,14,2,9,0,1,0,1648,4,0
30,2,13,2,3,0,1,0,0,45,1
53,0,16,2,9,0,1,15024,0,60,1
57,2,9,0,7,1,1,0,0,38,0
29,2,13,4,0,1,0,0,0,40,0
53,2,9,5,6,1,0,0,0,40,0
40,2,4,2,6,0,1,0,0,40,1
42,1,9,2,13,0,1,0,0,40,0
44,4,13,2,11,0,1,0,0,50,1
54,2,13,2,3,0,1,15024,0,60,1
20,4,10,4,4,3,1,0,0,40,0
36,2,10,4,0,3,0,0,0,40,0
42,2,9,0,3,1,0,0,0,40,1
36,2,10,0,3,1,0,0,0,60,0
29,2,13,2,3,0,1,0,0,55,1
30,2,9,0,3,1,0,2354,0,40,0
54,2,9,6,11,1,0,0,0,37,0
26,0,13,4,3,1,0,0,0,40,0
30,1,13,4,9,1,0,0,0,40,0
19,2,10,4,11,3,0,0,0,35,0
41,2,9,2,13,0,1,0,0,35,0
33,2,9,2,6,0,1,0,0,40,0
46,2,10,0,11,4,1,0,0,60,0
32,5,4,2,5,0,1,0,0,19,0
36,2,9,2,3,0,1,0,0,60,0
33,2,9,2,6,5,0,0,0,35,0
22,2,9,4,11,1,0,0,0,25,0
25,2,9,2,13,0,1,0,0,40,1
34,5,8,4,0,1,0,0,0,40,0
45,2,9,4,2,1,1,0,0,40,0
23,2,10,4,7,1,0,0,0,35,0
33,2,8,0,3,1,1,0,0,40,0
60,4,9,2,4,0,1,0,0,50,0
62,2,9,2,2,0,1,0,0,40,0
38,5,10,5,3,1,0,0,0,45,0
61,3,10,2,11,0,1,0,0,40,0
41,2,9,2,2,0,1,0,0,4,0
53,2,7,2,5,0,1,0,0,40,0
29,2,11,2,2,0,1,0,0,40,1
22,2,12,4,10,3,1,0,0,60,0
30,2,10,2,2,0,1,0,0,40,0
32,2,9,2,6,0,1,0,0,40,1
46,2,12,6,9,4,0,0,0,27,0
49,2,4,2,6,0,1,0,0,40,0
37,1,10,2,7,0,1,0,0,40,0
57,2,10,0,7,1,0,0,0,38,0
51,2,10,0,3,1,0,0,0,36,0
24,2,13,4,3,1,1,0,0,40,0
37,4,5,2,13,0,1,0,0,70,1
62,2,9,6,2,4,0,0,0,40,0
26,2,13,2,9,5,0,0,0,40,1
48,2,6,4,8,2,0,0,0,40,0
78,4,4,2,4,0,1,0,0,25,0
38,2,9,4,9,1,1,0,0,40,0
18,2,10,4,0,2,0,0,0,20,0
39,0,9,4,5,4,1,0,0,40,0
26,2,9,4,11,3,1,0,0,35,0
29,2,10,4,6,3,1,0,0,45,0
45,4,9,2,13,0,1,0,0,80,0
24,4,13,4,3,3,1,0,0,40,0
28,2,10,2,5,0,1,0,0,40,1
26,2,9,0,3,3,0,0,0,40,0
53,2,7,2,6,0,1,0,0,40,0
37,2,13,2,0,0,1,0,0,50,1
39,1,14,0,9,1,1,0,0,40,0
29,2,9,4,2,1,1,0,0,50,0
45,1,9,6,10,1,1,0,0,40,1
22,2,10,4,5,3,1,0,0,35,0
48,0,9,0,5,1,1,0,0,40,0
27,2,3,4,7,2,1,0,0,40,0
40,2,10,2,11,0,1,0,0,50,0
27,2,13,4,12,1,0,0,0,15,0
47,4,13,2,4,0,1,0,0,60,1
37,2,10,0,12,4,0,0,0,40,0
40,2,15,2,9,0,1,0,0,40,1
49,2,9,2,6,0,1,0,0,40,0
33,2,13,4,11,1,0,0,0,40,0
65,4,13,0,7,1,0,0,0,35,0
20,2,9,4,11,4,0,0,0,38,0
51,3,10,2,2,0,1,0,0,60,0
41,2,9,2,2,0,1,0,0,45,0
46,2,13,2,2,0,1,0,0,44,1
23,5,10,4,10,1,1,0,0,30,0
35,4,10,2,3,0,1,0,0,40,0
63,2,6,2,2,0,1,0,1740,40,0
48,4,9,0,9,1,1,0,0,15,0
42,2,9,4,2,1,1,0,0,40,0
35,2,13,2,11,0,1,0,0,45,1
43,2,13,0,3,1,0,0,0,40,1
40,4,11,2,4,0,1,0,0,60,0
27,4,10,2,11,0,1,0,0,40,0
20,2,10,4,2,3,1,0,0,40,0
45,2,9,0,3,1,0,0,0,46,0
28,2,9,2,2,0,1,0,0,45,0
40,2,9,0,13,1,1,0,0,60,1
55,0,9,2,12,0,1,0,1887,40,1
36,2,9,4,6,1,0,0,0,48,0
28,4,10,4,9,3,1,0,0,30,0
36,3,12,2,9,0,1,0,0,70,0
17,2,7,4,0,3,1,0,0,40,0
49,2,4,4,9,2,1,0,0,45,0
33,2,10,0,3,4,0,0,0,40,0
27,1,9,4,7,3,1,0,0,45,0
41,2,7,0,5,1,1,0,0,48,0
25,2,13,4,7,3,1,0,0,43,0
42,1,12,2,3,5,0,0,0,45,1
22,2,10,4,0,1,0,0,0,40,0
45,1,16,4,9,1,0,0,0,40,1
55,2,13,0,11,1,0,0,0,8,0
19,2,10,4,3,3,0,0,0,28,0
46,1,13,2,9,5,0,0,0,40,1
52,2,9,2,2,0,1,0,0,40,1
60,4,10,2,13,0,1,3137,0,46,0
43,2,9,2,6,0,1,0,0,40,0
60,4,9,2,2,0,1,0,0,20,0
53,2,9,2,3,0,1,99999,0,40,1
63,1,9,2,3,0,1,0,0,55,0
69,4,6,3,4,1,1,3273,0,45,0
55,5,14,2,9,0,1,0,0,40,0
28,2,9,4,0,1,1,0,0,40,0
27,4,5,2,2,0,1,0,0,30,0
54,4,15,2,9,0,1,5178,0,50,1
35,0,10,0,3,4,0,0,0,40,0
51,2,4,0,6,1,0,0,0,48,0
34,2,9,5,0,4,0,0,0,32,0
20,2,10,4,6,3,0,0,0,40,0
33,2,10,2,11,0,1,0,0,20,0
32,2,9,0,0,4,1,3887,0,40,0
39,2,13,5,9,4,0,0,0,40,1
42,2,13,2,3,0,1,0,0,40,1
67,3,13,6,7,4,0,0,0,35,0
22,1,10,4,9,1,0,0,0,21,0
40,2,9,4,0,4,0,0,0,35,0
24,2,12,4,11,3,1,0,0,30,0
32,2,10,2,11,0,1,0,0,32,0
35,5,12,6,3,1,0,0,0,40,0
63,4,13,2,11,0,1,0,0,30,1
54,4,13,2,3,5,0,0,1977,35,1
20,2,7,4,7,3,1,594,0,20,0
46,2,6,6,7,1,0,0,0,40,0
28,2,9,2,13,0,1,0,0,50,0
50,2,14,2,3,0,1,0,0,50,1
34,1,13,2,3,0,1,3103,0,50,1
62,4,9,2,2,0,1,0,1740,40,0
36,2,10,2,6,0,1,0,0,50,1
54,0,9,4,0,4,1,0,0,40,0
56,2,11,2,12,0,1,0,0,40,1
65,2,9,6,7,4,0,0,0,20,0
65,1,9,2,13,0,1,0,0,20,0
43,2,9,2,6,0,1,0,0,40,0
17,2,7,4,5,3,1,2176,0,18,0
35,2,10,4,3,1,0,0,0,50,0
42,2,13,2,9,0,1,0,0,45,1
42,0,14,2,3,0,1,0,1902,43,1
34,2,9,5,13,1,1,0,0,40,0
29,3,9,2,3,0,1,0,0,45,0
68,2,9,2,6,0,1,0,0,40,1
25,2,9,4,0,4,1,0,0,35,0
27,1,13,2,10,0,1,0,0,40,0
48,2,11,2,2,0,1,0,0,42,0
31,1,13,4,9,1,1,0,0,45,0
31,2,13,2,3,0,1,0,0,70,1
18,2,10,4,10,3,0,0,0,40,0
42,2,12,0,9,1,0,0,0,24,0
20,2,10,4,0,3,1,0,0,40,0
26,2,13,4,0,3,0,0,0,40,0
43,1,9,2,2,0,1,0,0,40,0
45,2,10,2,12,0,1,0,0,55,1
42,2,9,0,0,4,1,0,0,40,0
42,1,14,4,9,4,0,0,0,40,0
31,2,10,0,3,4,0,5455,0,60,0
41,4,10,2,4,0,1,7688,0,50,1
18,2,10,4,11,4,1,2176,0,40,0
45,1,16,2,3,0,1,7688,0,45,1
58,2,13,2,11,0,1,15024,0,40,1
45,2,10,0,11,1,1,4650,0,40,0
23,2,13,4,12,3,0,0,0,40,0
42,2,9,0,6,1,0,0,0,40,0
58,2,12,2,3,0,1,5178,0,60,1
31,2,11,2,11,0,1,0,0,50,0
54,2,9,6,11,1,0,0,0,46,0
33,2,11,2,2,0,1,0,0,40,0
52,5,14,4,0,1,1,0,0,70,1
45,1,9,0,7,3,0,0,0,40,0
35,2,13,4,3,1,1,0,0,40,0
33,2,5,5,0,1,1,0,0,48,0
56,2,9,0,7,4,0,0,0,37,0
40,4,13,0,7,4,0,0,0,20,0
46,2,14,2,3,0,1,0,0,50,1
40,2,10,2,0,5,0,0,0,40,1
76,2,9,6,0,1,0,0,0,8,0
21,2,10,4,7,3,1,0,0,18,0
18,2,9,4,11,3,0,0,0,20,0
38,2,10,2,5,0,1,0,0,40,0
43,2,10,2,3,0,1,0,0,45,1
29,2,11,2,6,0,1,0,1887,48,1
43,2,10,2,9,5,0,0,0,40,1
44,2,11,0,3,1,1,8614,0,40,1
56,4,10,0,11,4,0,0,0,48,0
58,2,10,0,7,4,0,0,0,40,0
23,2,13,4,3,4,1,0,0,40,0
48,2,13,2,9,0,1,0,0,50,0
36,2,9,2,6,0,1,0,1887,40,1
57,2,13,2,11,0,1,0,0,40,1
17,2,5,4,7,3,1,0,0,16,0
24,2,9,4,11,3,1,0,0,40,0
19,2,10,4,0,3,0,0,0,20,0
24,2,9,2,10,0,1,0,0,40,0
46,4,14,2,2,0,1,0,0,50,1
26,2,12,2,9,5,0,0,0,40,1
30,3,10,2,2,0,1,0,0,70,0
32,5,10,4,0,1,0,0,0,40,0
25,3,13,4,11,1,1,0,0,45,1
53,2,9,2,2,0,1,0,0,40,0
28,2,9,2,3,0,1,0,0,70,0
57,1,10,5,7,1,0,0,0,40,0
44,2,14,0,0,1,1,0,0,40,0
34,4,9,2,13,0,1,0,0,62,0
34,2,13,2,9,0,1,0,0,40,1
68,2,9,2,5,0,1,0,0,45,1
27,2,9,2,7,0,1,0,0,40,0
31,2,11,2,5,0,1,0,0,45,0
35,2,6,2,2,0,1,0,0,40,0
27,2,13,4,3,1,1,0,0,50,0
22,2,10,4,4,3,1,0,0,12,0
18,2,10,3,0,2,0,0,0,40,0
34,2,9,0,0,4,0,0,0,40,0
23,1,9,4,10,1,1,0,0,45,0
21,2,9,4,6,2,1,0,0,40,0
38,2,9,0,7,4,0,0,0,35,0
60,5,10,2,10,0,1,0,0,40,0
80,2,13,4,8,1,0,0,0,40,0
48,2,13,2,11,0,1,0,2415,50,1
22,2,9,2,2,0,1,0,0,43,0
22,1,10,4,3,3,0,0,0,25,0
50,2,9,3,5,4,0,0,0,40,0
23,2,11,2,2,0,1,0,0,40,0
53,2,10,2,3,0,1,0,0,50,1
45,2,5,2,7,0,1,0,1848,40,1
48,2,15,2,9,0,1,99999,0,50,1
33,4,9,4,2,1,1,0,0,40,0
59,2,13,2,3,0,1,0,1977,50,1
23,2,9,4,11,3,1,0,0,40,0
62,2,13,6,3,1,1,10520,0,50,1
27,2,9,2,3,0,1,0,0,40,0
55,2,14,2,3,0,1,99999,0,55,1
24,2,14,4,3,3,0,4787,0,60,1
67,2,6,2,13,0,1,0,0,16,0
45,2,12,2,2,0,1,0,0,45,0
23,2,9,4,6,1,1,2174,0,40,0
40,2,10,2,6,0,1,0,2179,40,0
41,2,13,2,11,0,1,0,0,55,0
28,2,9,4,6,1,0,0,0,40,0
23,1,9,4,9,1,0,0,0,40,0
51,2,13,2,3,0,1,0,0,45,1
45,2,10,5,7,4,0,0,0,40,0
60,2,13,2,3,0,1,0,0,50,1
26,2,10,4,0,2,1,0,0,40,0
32,2,9,2,0,0,1,0,0,40,0
21,2,13,4,7,2,1,0,0,20,0
21,2,5,4,7,2,1,0,0,40,0
40,2,10,0,9,4,0,0,0,38,0
25,2,7,2,13,0,1,0,0,40,0
29,2,11,4,2,1,1,0,0,50,0
53,2,12,2,3,0,1,15024,0,40,1
56,2,9,2,0,5,0,0,0,37,1
40,2,13,2,3,0,1,0,0,65,1
23,2,12,4,7,3,1,0,0,25,0
43,2,10,2,0,0,1,5013,0,40,0
41,5,10,0,7,3,1,0,0,12,0
29,2,9,4,11,1,0,0,0,10,0
33,2,13,4,11,3,1,3325,0,43,0
37,2,9,2,2,0,1,3103,0,45,1
41,3,13,2,9,0,1,0,0,50,0
45,2,10,0,6,1,0,0,0,40,0
32,2,9,2,2,0,1,7298,0,46,1
29,2,10,0,0,1,0,0,0,40,0
66,2,11,2,0,0,1,0,0,30,0
45,2,2,2,6,0,1,0,0,40,0
38,2,15,4,3,1,1,0,0,40,1
46,5,11,0,0,4,0,0,0,38,0
19,2,10,4,7,3,1,0,0,35,0
30,1,14,4,9,1,1,0,0,50,0
32,2,11,2,2,0,1,0,0,42,0
66,2,9,0,6,1,1,0,0,10,0
40,2,9,2,4,0,1,99999,0,75,1
23,2,8,4,6,2,1,0,0,30,0
57,2,13,2,3,0,1,0,0,50,1
54,2,13,4,9,1,0,0,0,50,0
30,3,13,2,2,0,1,0,0,40,1
41,2,9,2,0,0,1,0,0,48,0
50,2,7,2,13,0,1,0,0,40,0
49,0,10,4,2,1,1,0,0,40,0
27,2,13,4,9,1,1,13550,0,40,1
39,2,9,0,12,4,0,0,0,50,0
57,4,13,2,11,0,1,0,0,10,0
36,2,9,2,2,0,1,0,0,48,0
52,1,9,2,13,0,1,0,0,40,1
49,2,10,0,3,1,1,3325,0,50,0
59,4,9,6,2,1,1,0,0,24,0
66,2,4,2,7,0,1,1797,0,20,0
22,2,10,4,0,3,0,0,0,30,0
23,2,10,0,0,1,1,0,0,40,0
54,2,10,2,2,5,0,0,0,40,0
30,2,10,0,7,3,0,0,0,20,0
35,1,14,2,9,5,0,0,0,35,1
50,2,13,2,11,0,1,0,0,40,1
45,2,7,4,6,1,0,0,0,40,0
25,2,13,4,0,4,0,0,0,60,0
34,2,9,2,13,0,1,0,0,40,0
30,2,10,2,0,3,1,0,0,40,1
37,2,10,2,2,0,1,0,0,40,0
31,2,10,0,0,4,0,0,0,40,0
34,2,9,4,2,1,1,0,0,40,0
42,2,9,6,3,1,0,0,0,40,0
50,2,10,2,11,0,1,0,0,60,0
41,2,9,5,2,1,1,0,0,40,0
58,2,9,2,6,0,1,0,0,40,0
42,2,13,0,3,4,0,0,0,40,0
22,2,10,4,0,2,1,0,0,40,0
25,2,7,4,0,3,0,0,0,40,0
57,2,14,2,9,0,1,0,1977,45,1
59,4,10,2,4,0,1,0,1579,60,0
41,1,14,2,3,0,1,0,0,40,1
31,2,9,4,7,4,0,0,0,34,0
20,2,10,4,9,3,1,0,0,25,0
30,3,9,2,3,0,1,0,0,65,1
37,2,10,2,2,0,1,0,0,45,0
45,2,14,2,3,0,1,0,0,60,0
28,2,9,2,5,0,1,0,0,38,0
30,2,13,4,9,1,1,0,0,40,0
62,2,9,6,0,1,0,0,0,20,0
43,0,13,2,9,0,1,0,0,40,0
25,2,13,4,9,1,0,0,0,40,0
53,2,9,2,6,0,1,0,0,48,0
53,4,4,2,12,0,1,0,0,99,0
40,2,8,0,2,1,1,0,0,40,0
49,2,13,3,13,4,1,0,0,30,0
26,2,13,4,11,1,0,0,0,40,0
23,2,9,4,6,4,0,0,0,40,0
48,2,13,4,7,4,0,0,0,40,0
29,2,10,2,9,0,1,0,0,40,0
38,2,13,3,13,1,1,0,0,84,0
43,2,12,2,3,0,1,7688,0,40,1
44,5,14,2,9,0,1,7688,0,40,1
51,2,9,0,7,1,0,0,0,40,0
41,2,9,2,7,0,1,0,0,40,0
28,2,9,4,7,1,0,0,0,46,0
43,2,11,2,2,0,1,0,0,50,0
32,4,9,4,2,3,1,0,0,60,0
28,2,13,2,9,5,0,0,1977,24,1
51,2,9,6,7,1,0,0,0,24,0
37,3,10,2,3,0,1,0,0,60,1
37,4,10,2,4,0,1,0,0,40,0
57,2,11,0,0,4,0,0,0,40,0
46,2,9,2,3,5,0,0,0,40,1
30,2,14,4,3,1,1,0,0,40,0
42,2,9,2,13,0,1,0,0,60,1
36,2,15,2,9,5,0,15024,0,45,1
22,2,10,4,3,1,1,0,0,30,0
24,2,10,4,11,2,0,0,0,40,0
37,2,13,2,9,0,1,0,0,45,1
38,2,11,0,7,4,0,0,0,36,0
26,2,7,2,6,0,1,0,0,40,0
22,2,10,4,11,3,0,0,0,30,0
33,2,13,4,0,1,1,0,0,40,0
74,3,10,2,3,0,1,0,0,35,1
23,1,13,4,9,3,1,0,0,40,0
42,4,12,2,0,0,1,0,0,40,0
38,4,14,2,3,0,1,0,0,70,1
34,2,4,2,13,0,1,0,0,40,0
37,2,11,5,9,3,0,0,0,38,0
40,4,14,0,9,1,0,0,2205,45,0
47,1,7,0,7,1,1,0,0,40,0
26,2,13,2,11,5,0,0,0,20,0
84,2,14,4,9,1,1,0,0,66,0
38,2,9,0,5,1,1,0,0,40,0
21,2,12,4,0,3,0,0,0,8,0
31,2,10,2,9,0,1,0,0,50,0
46,3,16,5,9,1,1,0,0,35,0
44,1,14,2,9,0,1,0,0,44,1
25,4,9,4,4,1,1,0,0,50,0
37,2,13,4,3,1,1,0,0,50,0
28,2,13,4,5,2,1,0,0,25,0
33,2,9,4,0,1,1,0,0,40,0
53,2,13,4,7,1,1,8614,0,50,1
38,2,14,2,3,0,1,0,0,50,1
58,2,13,4,9,1,1,0,0,99,0
32,4,11,4,11,4,0,0,0,7,0
60,2,9,2,13,0,1,0,0,44,1
41,2,9,2,3,0,1,0,0,60,0
77,1,4,2,7,0,1,0,0,8,0
43,3,13,3,11,4,0,0,0,42,0
46,2,10,0,3,1,0,0,0,40,0
41,2,13,2,11,0,1,0,0,40,1
26,4,10,4,4,1,1,0,0,40,0
41,2,14,4,9,1,1,0,0,65,0
40,2,9,2,2,0,1,0,0,50,0
44,2,10,6,0,4,0,0,0,32,0
46,2,6,2,2,0,1,0,0,40,0
51,0,9,4,7,1,1,0,0,40,0
63,2,3,2,6,0,1,0,0,32,0
46,2,6,4,6,1,1,0,0,40,0
45,2,9,2,9,5,0,0,0,14,0
26,2,10,2,9,0,1,0,0,40,0
37,2,9,2,0,0,1,0,0,45,0
46,0,13,2,3,0,1,0,0,40,1
48,2,9,6,7,1,0,0,0,44,0
35,2,9,0,2,4,1,0,0,40,0
39,2,13,2,12,0,1,0,0,50,1
32,2,9,2,6,0,1,0,0,40,0
40,0,10,0,3,1,0,0,0,40,0
31,2,2,4,5,1,1,0,0,37,0
50,2,10,2,2,0,1,0,0,40,1
29,2,9,2,6,0,1,0,0,38,0
23,2,13,4,0,3,1,0,0,40,0
29,2,9,4,11,3,0,0,0,40,0
38,2,10,4,13,1,1,0,0,40,0
41,2,13,2,12,0,1,0,1902,42,1
47,2,9,2,11,0,1,0,0,40,1
30,2,9,2,2,0,1,0,0,40,0
36,2,12,2,12,0,1,0,0,40,1
29,2,9,3,7,1,0,0,0,40,0
46,2,9,0,4,1,1,0,0,50,0
40,2,10,2,0,5,0,0,0,40,0
40,2,10,2,6,0,1,0,0,40,1
58,2,10,2,2,0,1,0,0,40,1
49,2,10,0,0,1,0,0,0,43,0
37,2,9,5,9,4,0,0,0,40,0
42,5,16,0,9,1,0,8614,0,60,1
50,3,9,2,3,0,1,0,0,70,1
29,2,7,4,2,3,1,0,0,40,0
38,2,9,2,2,0,1,0,0,40,1
26,2,14,2,9,0,1,0,0,20,0
28,4,9,0,2,1,1,0,0,35,0
48,4,10,2,3,0,1,0,0,30,1
42,5,13,4,0,2,0,0,0,40,0
43,2,9,2,13,0,1,0,0,50,0
44,0,9,2,13,0,1,0,0,60,0
30,4,11,0,6,1,0,0,0,40,0
33,2,13,2,3,0,1,0,1672,40,0
45,5,9,2,3,5,0,0,0,40,0
48,2,10,0,3,1,0,0,0,60,0
57,2,8,2,13,0,1,0,0,40,1
49,1,13,4,9,3,0,0,0,50,0
41,2,8,5,2,1,1,0,0,40,0
57,1,14,2,3,0,1,7688,0,60,1
28,2,9,2,13,0,1,0,0,45,1
60,0,9,2,12,0,1,0,1977,40,1
22,2,9,4,7,1,1,0,0,40,0
28,2,5,2,6,0,1,0,0,42,0
46,4,13,3,9,1,1,0,0,25,0
42,2,13,5,7,1,0,0,0,50,0
20,2,10,2,11,0,1,0,0,35,0
23,2,9,4,0,3,0,0,0,40,0
33,2,13,2,9,0,1,0,0,40,1
52,4,9,0,3,4,0,0,0,99,1
34,1,13,3,9,1,0,0,0,40,0
47,2,5,0,7,1,0,0,1719,30,0
37,2,12,4,3,1,1,0,0,45,0
33,2,10,2,2,5,0,0,0,40,0
32,2,4,2,2,0,1,0,0,35,0
24,1,12,2,7,5,0,0,0,40,0
34,2,9,4,0,1,1,0,0,48,0
37,4,10,2,3,5,0,0,0,15,0
30,2,9,2,2,0,1,0,0,40,0
43,1,14,2,9,5,0,0,0,35,1
39,2,13,0,0,4,0,0,0,20,0
28,2,14,2,11,0,1,0,0,40,0
43,3,16,4,9,1,1,99999,0,45,1
39,2,6,2,2,0,1,0,0,60,1
41,4,10,2,2,0,1,0,0,50,0
31,1,13,4,9,1,0,0,0,40,0
40,2,11,2,2,0,1,0,0,40,0
47,0,10,0,0,4,0,0,0,40,0
17,2,6,4,11,3,0,0,0,20,0
39,4,9,4,2,3,0,0,0,20,0
23,2,9,2,6,0,1,0,0,40,0
19,2,10,4,7,1,1,0,0,35,0
22,2,8,4,13,2,1,0,0,40,0
60,2,10,0,11,1,0,0,0,48,0
32,2,13,2,9,0,1,0,2415,48,1
42,2,9,0,13,1,1,0,0,40,0
37,2,9,2,2,0,1,0,0,40,1
47,2,9,5,7,1,0,0,0,40,0
40,2,9,2,3,0,1,7688,0,55,1
25,2,9,2,2,0,1,0,1579,40,0
